-- phpMyAdmin SQL Dump
-- version 4.6.6deb4
-- https://www.phpmyadmin.net/
--
-- Client :  localhost:3306
-- Généré le :  Mar 08 Octobre 2019 à 16:24
-- Version du serveur :  5.7.23
-- Version de PHP :  7.2.9-1+0~20180910100512.5+stretch~1.gbpdaac35

SET SQL_MODE = "NO_AUTO_VALUE_ON_ZERO";
SET time_zone = "+00:00";


/*!40101 SET @OLD_CHARACTER_SET_CLIENT=@@CHARACTER_SET_CLIENT */;
/*!40101 SET @OLD_CHARACTER_SET_RESULTS=@@CHARACTER_SET_RESULTS */;
/*!40101 SET @OLD_COLLATION_CONNECTION=@@COLLATION_CONNECTION */;
/*!40101 SET NAMES utf8mb4 */;

--
-- Base de données :  `cms_gindre`
--

-- --------------------------------------------------------

--
-- Structure de la table `cms_gindre_commande`
--

CREATE TABLE `cms_gindre_commande` (
  `id` char(36) COLLATE utf8mb4_unicode_ci NOT NULL COMMENT '(DC2Type:uuid)',
  `shop_id` char(36) COLLATE utf8mb4_unicode_ci DEFAULT NULL COMMENT '(DC2Type:uuid)',
  `product_type_id` char(36) COLLATE utf8mb4_unicode_ci DEFAULT NULL COMMENT '(DC2Type:uuid)',
  `date_commande` date NOT NULL,
  `amount` int(11) NOT NULL,
  `number` int(11) NOT NULL
) ENGINE=InnoDB DEFAULT CHARSET=utf8mb4 COLLATE=utf8mb4_unicode_ci;

--
-- Contenu de la table `cms_gindre_commande`
--

INSERT INTO `cms_gindre_commande` (`id`, `shop_id`, `product_type_id`, `date_commande`, `amount`, `number`) VALUES
('00365f26-19a7-4380-a46d-89414e365654', '3736296b-00b2-401c-a689-3e499bdfb762', '1755db32-c5f9-4297-83bb-f23dbade51ee', '2019-09-03', 449, 2),
('00471d99-7055-46e5-83a6-dbbc7a866938', '3f808819-4e72-4295-bdef-32ba43ae358d', '1755db32-c5f9-4297-83bb-f23dbade51ee', '2018-05-04', 379, 12),
('00e34d9f-63f1-492f-b123-fd51e20ff669', '7c97d8cc-cfcb-43fe-9d85-3b65753037c3', '42d3f05e-9625-4d4f-994c-860b0233b464', '2019-03-26', 662, 5),
('0109d1ef-99b3-4b7d-bbaf-754c9f10a119', '976a38c8-8847-4d69-b50f-31cac1368c33', '1755db32-c5f9-4297-83bb-f23dbade51ee', '2016-09-21', 786, 7),
('014e8fb5-b520-4f82-92d7-52fef25c35da', '571b93d6-e317-4b69-bee7-75d4061da2d3', '1755db32-c5f9-4297-83bb-f23dbade51ee', '2019-06-18', 180, 2),
('019e0889-bca4-4ecb-a374-fe926509f9e0', 'c8f9688d-fb74-4bfa-98dd-81b36b6abd03', '42d3f05e-9625-4d4f-994c-860b0233b464', '2019-01-15', 464, 3),
('01b2f5a7-b7b5-49a2-aa9e-a6a04a08e05c', '9b85b2c8-35f6-42a9-b4bf-e47519548a01', '42d3f05e-9625-4d4f-994c-860b0233b464', '2019-09-17', 342, 6),
('01cdcd7e-f884-47c0-87ec-20d9b8cfd53c', 'e0eb6cf0-2b3f-444d-a1c0-0d1d686df250', '1755db32-c5f9-4297-83bb-f23dbade51ee', '2018-06-19', 160, 15),
('01d27a96-4783-40d5-ab3e-f93c0dd51042', '760b1a8e-9953-49b4-ab4e-bfb16a516d59', '1755db32-c5f9-4297-83bb-f23dbade51ee', '2019-06-27', 1288, 0),
('01ea9489-a3fd-4c93-941a-ed849c8bbbd3', '94a376af-7587-449f-8707-e2cbd88ebd6b', '1755db32-c5f9-4297-83bb-f23dbade51ee', '2017-09-26', 461, 4),
('0293b3b4-790d-42f6-9e4b-6a4e6fae0cdc', 'a0b92d05-fc43-4d69-8288-ef2295f1c749', '1755db32-c5f9-4297-83bb-f23dbade51ee', '2018-09-05', 534, 1),
('02c2e34d-9193-4daf-a9cc-3dff87f9ab92', '1035392f-6a21-461c-b073-38509318da77', '42d3f05e-9625-4d4f-994c-860b0233b464', '2018-10-08', 552, 8),
('03786917-b3fb-41ca-8ad6-cc3ec44c6ca2', '2b76b144-e408-4faf-b82a-60f57a2fb76c', '1755db32-c5f9-4297-83bb-f23dbade51ee', '2016-10-25', 412, 1),
('0387c565-145c-4aba-926c-050f2103808c', 'ff7dc571-8e0d-4168-a738-440859677598', '1755db32-c5f9-4297-83bb-f23dbade51ee', '2017-01-03', 564, 6),
('039de9f3-125b-4ff2-a9df-f989ab182a10', '49543aba-422e-411a-9e36-3f7e57661240', '1755db32-c5f9-4297-83bb-f23dbade51ee', '2019-04-08', 584, 3),
('03a1bd61-0b22-4a00-81fb-d9a9404f00a3', 'b826f736-d0c1-48d4-9831-c672020abe61', '42d3f05e-9625-4d4f-994c-860b0233b464', '2019-09-08', 329, 8),
('03eeba87-c089-4817-9857-404a14f9c574', 'e6be8be1-8a4e-48c2-8741-0f4b4ec40ffb', '1755db32-c5f9-4297-83bb-f23dbade51ee', '2019-05-23', 835, 1),
('03f5b80f-2ba1-471f-9c17-a685030937c5', '3998b404-4b67-4729-8eaa-048e67687c34', '1755db32-c5f9-4297-83bb-f23dbade51ee', '2017-01-06', 572, 9),
('04493de6-b501-494f-8f4d-13d725d5ba78', '89d5ef0a-4037-4b9a-8504-78dad44366ce', '1755db32-c5f9-4297-83bb-f23dbade51ee', '2017-07-20', 80, 3),
('045b62a8-e132-4b83-9feb-e970f3ca79ad', 'fb1dc0b1-c264-4834-b749-73b3757b543a', '1755db32-c5f9-4297-83bb-f23dbade51ee', '2019-04-16', 842, 37),
('04ae3084-af53-4f14-a62a-891b254bb6f9', 'bbfffef9-982b-4c5d-b72c-cfad21e78a6a', '1755db32-c5f9-4297-83bb-f23dbade51ee', '2019-09-15', 799, 4),
('04bd9fd1-df73-4df0-a24e-d4dd3f210434', '2b76b144-e408-4faf-b82a-60f57a2fb76c', '1755db32-c5f9-4297-83bb-f23dbade51ee', '2018-10-21', 428, 4),
('05195831-7ec3-461a-a420-1f42f0184559', 'fb1dc0b1-c264-4834-b749-73b3757b543a', '1755db32-c5f9-4297-83bb-f23dbade51ee', '2015-11-19', 698, 8),
('05211d8d-2117-401e-b3be-0b9a34b695eb', '20cbcf02-9ca1-49e4-a84b-3cfe50ae0e1d', '1755db32-c5f9-4297-83bb-f23dbade51ee', '2016-08-19', 335, 2),
('05405ccb-fa8a-49f2-94be-ee07673c5a4e', 'fb1dc0b1-c264-4834-b749-73b3757b543a', '1755db32-c5f9-4297-83bb-f23dbade51ee', '2019-03-12', 35, 35),
('0553ed8b-ab62-4082-b414-32dab5079327', '89d5ef0a-4037-4b9a-8504-78dad44366ce', '1755db32-c5f9-4297-83bb-f23dbade51ee', '2017-04-21', 867, 0),
('05c7c035-333d-470c-8b12-47b0dbcceb88', 'e0eb6cf0-2b3f-444d-a1c0-0d1d686df250', '1755db32-c5f9-4297-83bb-f23dbade51ee', '2017-05-16', 1038, 10),
('05e2681a-0efe-4e26-b8c9-b6721337d3b8', '9f92eba8-f934-4fc9-ac1a-f5870e001f99', '1755db32-c5f9-4297-83bb-f23dbade51ee', '2017-04-11', 497, 2),
('060720a7-d347-4c0a-a2b7-9256a0a7d479', 'ff7dc571-8e0d-4168-a738-440859677598', '1755db32-c5f9-4297-83bb-f23dbade51ee', '2019-05-04', 322, 28),
('067b4fdf-9447-43c8-85ec-888c324626a2', '20cbcf02-9ca1-49e4-a84b-3cfe50ae0e1d', '1755db32-c5f9-4297-83bb-f23dbade51ee', '2019-05-29', 883, 25),
('06bc8fd5-207d-4203-8e53-2765b607db7c', '95d30308-3584-4e01-a3e2-f53e6f902be7', '1755db32-c5f9-4297-83bb-f23dbade51ee', '2018-03-31', 587, 7),
('06f799c3-e61b-4e89-9f9b-345762d81186', 'cfbbca05-90f6-42fc-a336-6cc8bff53fab', '1755db32-c5f9-4297-83bb-f23dbade51ee', '2017-03-01', 147, 2),
('074682ba-8e78-4969-a103-c37396bc0878', '9c4097aa-7877-4098-ae1e-f7175beaca5b', '1755db32-c5f9-4297-83bb-f23dbade51ee', '2019-09-13', 1350, 1),
('07901746-c0c3-464f-9eda-0e3eba7a16ee', 'fd0112ec-a41e-47c5-83d6-c863d52a66b2', 'c1519b89-73ad-444e-93c6-2cba8eb9f124', '2017-07-13', 150, 13),
('07c96434-de1f-409f-b524-43e13a4ca672', 'ff7dc571-8e0d-4168-a738-440859677598', '1755db32-c5f9-4297-83bb-f23dbade51ee', '2016-10-24', 451, 4),
('081e6ffe-baa7-47c5-a4a4-8479d68976b6', '09f62d80-d97d-44f9-bd71-46245e371c82', '42d3f05e-9625-4d4f-994c-860b0233b464', '2018-04-03', 581, 1),
('085cf65f-5583-4654-ac2e-45ee1d7d6a1d', 'fec47f25-9c7c-4038-ab1b-58a5d7a2397f', '42d3f05e-9625-4d4f-994c-860b0233b464', '2019-05-25', 407, 10),
('0869cc1c-da92-4b0b-b7f0-81722efdb507', 'd182ad79-9def-46b2-8b6a-73ff57c93ea5', '1755db32-c5f9-4297-83bb-f23dbade51ee', '2015-09-07', 305, 3),
('08c0c47b-70cd-43fa-beb6-75a3e69fae44', 'e8d2575a-00d1-4012-adb8-7c815a8e675d', '1755db32-c5f9-4297-83bb-f23dbade51ee', '2018-03-08', 479, 3),
('08c5314a-9b36-42ce-bae3-98fee6cf89ce', 'a70c452f-d890-438e-a9be-fb6d990457f8', '1755db32-c5f9-4297-83bb-f23dbade51ee', '2017-12-12', 778, 0),
('08ead996-b120-4076-81f6-88292b89fb92', 'cbddf7a6-850d-4040-93dd-9a96b92dc4ff', '1755db32-c5f9-4297-83bb-f23dbade51ee', '2018-06-09', 319, 1),
('094399e0-46a4-4565-9b1f-79a738bb336b', 'f1f519d3-1d71-4a84-ac79-86cbdaa34bed', '1755db32-c5f9-4297-83bb-f23dbade51ee', '2018-04-12', 186, 0),
('09a86401-e35f-491b-9963-4e88a2fb04c8', 'fb1dc0b1-c264-4834-b749-73b3757b543a', '42d3f05e-9625-4d4f-994c-860b0233b464', '2019-03-24', 1640, 36),
('09ac87f8-4684-4879-ab12-02aae3748a6c', 'c679be26-0eb8-47dd-a152-7d8942fbcb0f', '42d3f05e-9625-4d4f-994c-860b0233b464', '2019-04-07', 369, 3),
('09b70c7f-fb35-47cc-9751-228e1ca759eb', '28d3077c-9713-44bd-b2db-f72d26fa86fd', '42d3f05e-9625-4d4f-994c-860b0233b464', '2019-08-28', 391, 16),
('09d0e5ff-c761-43f4-96a9-c4d689065a10', 'e0eb6cf0-2b3f-444d-a1c0-0d1d686df250', '1755db32-c5f9-4297-83bb-f23dbade51ee', '2018-09-18', 132, 16),
('09ff260c-6767-4ff6-942c-6cd072348c63', '8ba90b31-97c2-4f3e-a1e3-02183e7fa83b', '42d3f05e-9625-4d4f-994c-860b0233b464', '2019-02-25', 413, 2),
('0aaf62aa-881d-4b1c-9169-2a0f46a0705f', 'dff3df6b-d2ed-4131-a3a8-1a26e013b355', '1755db32-c5f9-4297-83bb-f23dbade51ee', '2018-05-04', 841, 0),
('0b176648-04fa-42f1-b286-0be71bcba79f', '9af12b78-45b3-495f-a24c-2ecf485442e9', '1755db32-c5f9-4297-83bb-f23dbade51ee', '2018-10-15', 466, 4),
('0b682865-7983-44ce-a039-9e3d279e68a2', '08d5f28a-4aae-4ea5-8b9c-e70dbc99414e', '42d3f05e-9625-4d4f-994c-860b0233b464', '2018-07-18', 314, 6),
('0b7d516c-90ba-4328-bf3f-b3fc6de77ec3', '7ed6dd06-abd4-4b7d-b101-6de9b7ef1282', '1755db32-c5f9-4297-83bb-f23dbade51ee', '2019-02-26', 1350, 6),
('0bd142f5-565a-41d6-9928-ed08ab831fb4', '9b85b2c8-35f6-42a9-b4bf-e47519548a01', 'c1519b89-73ad-444e-93c6-2cba8eb9f124', '2018-10-18', 402, 4),
('0bdda3f0-8a89-417e-a798-d18e3364c398', 'fb1dc0b1-c264-4834-b749-73b3757b543a', '1755db32-c5f9-4297-83bb-f23dbade51ee', '2018-01-26', 661, 34),
('0bdfd6ca-d5ce-4555-ace5-0edf389e1d1c', '46698802-daa4-45f8-8884-61ccd1e7e46b', '42d3f05e-9625-4d4f-994c-860b0233b464', '2019-03-12', 953, 8),
('0bfd893d-d701-49ef-9f66-86cec1d3e626', '3a1364f5-da18-4583-92ba-a45e1bc548a2', '1755db32-c5f9-4297-83bb-f23dbade51ee', '2019-05-16', 360, 23),
('0c0ca0a1-f169-471d-8f5c-7e271eaf186a', '8725b48c-a5ac-44b4-aab3-debc3afd8686', '1755db32-c5f9-4297-83bb-f23dbade51ee', '2017-11-29', 718, 0),
('0c5708e0-1c22-4dca-862e-9bf59a3894c0', '8b1674a5-4529-41a0-8007-94384694220e', '1755db32-c5f9-4297-83bb-f23dbade51ee', '2017-06-14', 55, 2),
('0c9f9681-f6cb-4344-8096-d6e44a5950e8', 'f0c78b74-13d9-4b15-b383-82b63e192237', '1755db32-c5f9-4297-83bb-f23dbade51ee', '2016-09-07', 160, 3),
('0d0437af-f5a1-412b-9be6-1afc400f21b2', '031a0735-705a-48c9-ad36-0a56f30a514f', '1755db32-c5f9-4297-83bb-f23dbade51ee', '2019-05-23', 640, 3),
('0d7bfe8c-22c3-4f38-8156-a2e413a2f6cb', '3a1364f5-da18-4583-92ba-a45e1bc548a2', '1755db32-c5f9-4297-83bb-f23dbade51ee', '2017-06-09', 120, 8),
('0dd2b674-224d-4a27-aa80-b5e05de4fb7e', 'ff7dc571-8e0d-4168-a738-440859677598', '1755db32-c5f9-4297-83bb-f23dbade51ee', '2017-12-01', 535, 14),
('0df60343-7ff8-44a6-a797-be2c6aa55066', '984d12e8-7582-438e-81c0-86f968c89a85', 'c1519b89-73ad-444e-93c6-2cba8eb9f124', '2017-08-29', 98, 2),
('0e33aac4-5282-4c60-87f2-7c81f344ef0f', '09f62d80-d97d-44f9-bd71-46245e371c82', '42d3f05e-9625-4d4f-994c-860b0233b464', '2019-09-04', 531, 8),
('0e519e29-5cb1-490d-9eea-4dcd4f00f807', '99679ff0-49a2-43c1-b4ca-7f1ba4b1b923', '1755db32-c5f9-4297-83bb-f23dbade51ee', '2015-07-07', 600, 2),
('0e7ddd8d-96c5-4ed8-8f69-4a095ea4c890', 'a47fec31-0b0d-4772-9590-298ffaffee33', '42d3f05e-9625-4d4f-994c-860b0233b464', '2018-05-30', 619, 2),
('0ea6d8d2-c145-41d2-8a03-2f3fff95b0cc', 'e0eb6cf0-2b3f-444d-a1c0-0d1d686df250', '1755db32-c5f9-4297-83bb-f23dbade51ee', '2018-06-13', 728, 14),
('0eacdec4-a048-4643-994a-1d1f9b5ba15d', 'bde703ca-8d4b-4582-b2fd-9cd2c32b7915', '42d3f05e-9625-4d4f-994c-860b0233b464', '2018-10-18', 366, 2),
('0ebbb4a5-06d3-49a0-9717-2c3715c885bd', 'e0eb6cf0-2b3f-444d-a1c0-0d1d686df250', '1755db32-c5f9-4297-83bb-f23dbade51ee', '2015-11-06', 368, 5),
('0ecdec64-297e-415e-8923-4121d2d32131', 'd655632b-9ec1-40ff-8eb2-2e374d0dcc69', 'c1519b89-73ad-444e-93c6-2cba8eb9f124', '2019-08-14', 2118, 1),
('0ed7e6eb-f709-40a4-a073-0076de0ae124', '3998b404-4b67-4729-8eaa-048e67687c34', '1755db32-c5f9-4297-83bb-f23dbade51ee', '2015-03-31', 318, 2),
('0f0bbc1b-1878-43ce-8f45-715b5cb343a5', 'ff7dc571-8e0d-4168-a738-440859677598', '1755db32-c5f9-4297-83bb-f23dbade51ee', '2019-01-13', 336, 23),
('0f934ed6-8ad9-43a9-8dcf-6973d33e6130', '0cb3295b-de58-4247-8f78-3ec4996d0e53', '1755db32-c5f9-4297-83bb-f23dbade51ee', '2015-07-09', 327, 1),
('0fa92de6-16df-4274-82eb-136337d1a720', '28d3077c-9713-44bd-b2db-f72d26fa86fd', '42d3f05e-9625-4d4f-994c-860b0233b464', '2019-03-13', 582, 13),
('0fb9f35b-968f-419e-9427-e14e326355ec', '44e6eade-db62-4955-a28a-29c1e234e257', '1755db32-c5f9-4297-83bb-f23dbade51ee', '2019-07-26', 568, 6),
('0fd7f9fc-9e2f-4d70-b933-0db23de670a4', '5edbcc9b-e1e4-4682-9324-14452eb66f29', '1755db32-c5f9-4297-83bb-f23dbade51ee', '2018-10-22', 555, 0),
('102b81d8-b841-4b89-80a1-3697d1674282', '3a1364f5-da18-4583-92ba-a45e1bc548a2', '1755db32-c5f9-4297-83bb-f23dbade51ee', '2017-06-13', 887, 14),
('1059fb12-e6f3-46e8-b418-b1b8c8b22e3b', '47a478f9-1a62-4715-bdb7-c3df5f35cabe', '42d3f05e-9625-4d4f-994c-860b0233b464', '2018-10-17', 549, 2),
('109a513d-0f92-40b5-aefb-e409d8f21a46', 'b3e034b5-e502-415b-ba02-56119b1c2aa9', '1755db32-c5f9-4297-83bb-f23dbade51ee', '2018-04-19', 858, 0),
('10cbad43-43da-4003-b64c-9222546456dd', '851faba6-4ca0-4769-8934-3bad9cf49c3e', '1755db32-c5f9-4297-83bb-f23dbade51ee', '2019-07-15', 105, 3),
('10d59da1-aa49-417b-8258-bbdbaaf2e0f1', '62b656a7-8f07-4cdd-a69f-baf1b3762d59', '1755db32-c5f9-4297-83bb-f23dbade51ee', '2017-11-22', 239, 4),
('10f5b72f-ec7a-4a2b-81bf-2a439d7dc3d9', 'a47fec31-0b0d-4772-9590-298ffaffee33', '42d3f05e-9625-4d4f-994c-860b0233b464', '2019-04-26', 335, 22),
('11162cfe-a1b8-44fa-a4c6-6979e392d745', '330bf4a1-13e7-48c2-a9cf-1b7fa160eb7f', '42d3f05e-9625-4d4f-994c-860b0233b464', '2019-04-24', 452, 6),
('113a0d87-4e54-427a-a827-17bb2fa690bd', '2d2fb5dd-20d2-4bf2-8c41-888dbff3f8bd', '42d3f05e-9625-4d4f-994c-860b0233b464', '2019-06-21', 182, 14),
('113d745f-76d0-495f-a1c0-84b9fb8fefb5', '20cbcf02-9ca1-49e4-a84b-3cfe50ae0e1d', '1755db32-c5f9-4297-83bb-f23dbade51ee', '2019-07-24', 831, 27),
('116be7cf-fbc1-4c0a-a213-175b87424e24', '07a700d3-8302-408b-81fa-437b8f484156', '42d3f05e-9625-4d4f-994c-860b0233b464', '2019-07-02', 829, 4),
('116da59d-3df7-41ac-80b3-57c1831fdd80', '1026e741-e806-4a01-9c16-e1ce39b67751', '1755db32-c5f9-4297-83bb-f23dbade51ee', '2019-10-01', 1546, 3),
('1232e27d-0747-47f5-8e0f-03d63da13b99', '38dc64f9-eb51-4a67-b058-213cd2869334', '1755db32-c5f9-4297-83bb-f23dbade51ee', '2019-05-25', 1455, 1),
('12557152-34b3-4063-86e1-68c6f3ae194b', 'd182ad79-9def-46b2-8b6a-73ff57c93ea5', '42d3f05e-9625-4d4f-994c-860b0233b464', '2019-07-11', 386, 16),
('1278669d-2153-4981-8be9-d342e40ed231', '30b365a3-ea18-4b03-bed3-68e9c7540418', '1755db32-c5f9-4297-83bb-f23dbade51ee', '2016-09-30', 442, 1),
('131afb00-9a1a-4166-86c4-02d1bbb7b00f', '8b1674a5-4529-41a0-8007-94384694220e', '42d3f05e-9625-4d4f-994c-860b0233b464', '2018-04-17', 737, 3),
('13240687-33b6-4d04-bc33-0280d07e210f', '5e90ccf5-e0f0-43de-acfb-ece9ace1a1f4', '42d3f05e-9625-4d4f-994c-860b0233b464', '2018-04-16', 822, 9),
('1368cd02-79fd-48d9-b89f-2bb978f74e3f', '20cbcf02-9ca1-49e4-a84b-3cfe50ae0e1d', '1755db32-c5f9-4297-83bb-f23dbade51ee', '2019-01-30', 474, 22),
('136d07de-0e43-49be-a410-1027036f7b7c', 'f0c78b74-13d9-4b15-b383-82b63e192237', '1755db32-c5f9-4297-83bb-f23dbade51ee', '2015-03-19', 605, 0),
('137bbf3d-7d34-4be2-9534-83970b8f2a82', '2d2fb5dd-20d2-4bf2-8c41-888dbff3f8bd', '42d3f05e-9625-4d4f-994c-860b0233b464', '2019-03-07', 204, 10),
('137d7378-5a45-4194-9be2-95c3ef867abf', '3998b404-4b67-4729-8eaa-048e67687c34', '1755db32-c5f9-4297-83bb-f23dbade51ee', '2018-07-24', 320, 16),
('13a5c68d-2754-4d14-8ed0-c4fd12b52956', '53674b99-bd2f-4729-91a7-079c664070e5', '42d3f05e-9625-4d4f-994c-860b0233b464', '2018-06-11', 637, 4),
('13b7576f-e567-461d-bf59-05f30b4fd795', 'f8cb1f36-fb4d-498a-98c9-cb67f85e55d5', '1755db32-c5f9-4297-83bb-f23dbade51ee', '2015-06-12', 193, 1),
('13bca2ef-c3a0-452a-a8e0-ce08c8a2c5e5', 'f0c78b74-13d9-4b15-b383-82b63e192237', '1755db32-c5f9-4297-83bb-f23dbade51ee', '2018-01-31', 212, 9),
('13c6220c-b0bc-45f4-845e-175ca7414c03', '3998b404-4b67-4729-8eaa-048e67687c34', '1755db32-c5f9-4297-83bb-f23dbade51ee', '2015-08-27', 447, 3),
('13d1d4b8-6bc1-4037-b015-e0616480783e', 'd4e675e8-6a12-4617-8be8-33e489832288', '42d3f05e-9625-4d4f-994c-860b0233b464', '2019-01-23', 92, 5),
('13d87204-9a11-486f-862f-62624b9f0399', '94a376af-7587-449f-8707-e2cbd88ebd6b', '1755db32-c5f9-4297-83bb-f23dbade51ee', '2017-04-05', 418, 2),
('13f8f3f3-a439-45ed-87fb-2e4f0399f844', '7ac61b25-484f-4998-81bd-ca28cc078ef5', '1755db32-c5f9-4297-83bb-f23dbade51ee', '2015-09-03', 517, 0),
('140a0935-4588-4cbd-9b5a-4d05671eaef2', '46698802-daa4-45f8-8884-61ccd1e7e46b', 'c1519b89-73ad-444e-93c6-2cba8eb9f124', '2018-06-25', 1680, 0),
('145b801f-1d3f-412a-a2f2-01d960692bca', '10d8e885-d9c5-4c9d-aa22-6b30727d970f', '1755db32-c5f9-4297-83bb-f23dbade51ee', '2016-11-04', 598, 0),
('1532a936-7f45-44e1-8774-5d4b704588f2', '175af4e1-11e3-4857-9f4f-fe17444fb973', '42d3f05e-9625-4d4f-994c-860b0233b464', '2019-09-18', 354, 3),
('15440351-73aa-4b41-87c3-44464332aced', '30b365a3-ea18-4b03-bed3-68e9c7540418', '1755db32-c5f9-4297-83bb-f23dbade51ee', '2017-06-04', 103, 6),
('154d1834-af32-48c0-88f0-27e94d85c1c2', '0d1164c8-86cb-4fac-b8c7-924e5a1fb768', '1755db32-c5f9-4297-83bb-f23dbade51ee', '2016-10-01', 45, 7),
('1568076f-e03c-4a85-9495-a1ce0652cd50', '3f808819-4e72-4295-bdef-32ba43ae358d', '1755db32-c5f9-4297-83bb-f23dbade51ee', '2019-09-15', 1040, 19),
('15809a08-96b7-4b5c-a48d-45358c355f69', 'a7f82870-b88c-4118-b52b-2fdde8ac4916', '1755db32-c5f9-4297-83bb-f23dbade51ee', '2018-04-30', 120, 1),
('15987a38-295f-4450-b779-9c6afb1573e6', 'b826f736-d0c1-48d4-9831-c672020abe61', '42d3f05e-9625-4d4f-994c-860b0233b464', '2018-04-13', 423, 1),
('15d28286-3a1b-41af-a078-c6c39fcd861a', '8725b48c-a5ac-44b4-aab3-debc3afd8686', '42d3f05e-9625-4d4f-994c-860b0233b464', '2018-04-27', 99, 2),
('15d592aa-457a-4888-bae3-6f43e997a71c', 'f0c78b74-13d9-4b15-b383-82b63e192237', '1755db32-c5f9-4297-83bb-f23dbade51ee', '2016-02-22', 278, 2),
('16b82416-6432-4094-871c-d7cce2b76c68', 'd4e675e8-6a12-4617-8be8-33e489832288', '1755db32-c5f9-4297-83bb-f23dbade51ee', '2019-09-17', 698, 8),
('16de257b-752d-4cee-a3ac-096ad1cc05b7', '527dd917-b7f3-4546-bd26-68cd37af9dc1', '42d3f05e-9625-4d4f-994c-860b0233b464', '2018-02-08', 2484, 0),
('16de666d-084c-4706-82be-548ecc8cd36d', 'dff3df6b-d2ed-4131-a3a8-1a26e013b355', '1755db32-c5f9-4297-83bb-f23dbade51ee', '2018-12-12', 212, 2),
('16f13b06-446e-4d87-b284-c547f7d3f224', 'e0eb6cf0-2b3f-444d-a1c0-0d1d686df250', '1755db32-c5f9-4297-83bb-f23dbade51ee', '2019-03-13', 918, 109),
('170f0ec2-6288-4d4a-a34c-d1f6c8f61212', '47a478f9-1a62-4715-bdb7-c3df5f35cabe', '42d3f05e-9625-4d4f-994c-860b0233b464', '2019-05-16', 579, 6),
('170f58af-e22d-4efe-861a-cc46acf3021d', '20cbcf02-9ca1-49e4-a84b-3cfe50ae0e1d', '1755db32-c5f9-4297-83bb-f23dbade51ee', '2019-09-30', 939, 28),
('17dba4ad-dd04-4a48-8911-d4b07bc11220', '5767e2c5-e5d1-4961-9b42-69fc9d3ec4d3', '1755db32-c5f9-4297-83bb-f23dbade51ee', '2016-06-20', 239, 1),
('17f971b7-32fc-4f41-b50d-e2d2af576b3f', '6900dd28-c114-4be8-ba7f-ed10a1214bde', '1755db32-c5f9-4297-83bb-f23dbade51ee', '2016-09-27', 1019, 2),
('1832497e-2eb8-4d28-9b4d-693b3f317b65', '7ed6dd06-abd4-4b7d-b101-6de9b7ef1282', '1755db32-c5f9-4297-83bb-f23dbade51ee', '2017-11-20', 2001, 0),
('18c044f9-f7c3-4580-9d93-3927312d108b', '3a1364f5-da18-4583-92ba-a45e1bc548a2', '1755db32-c5f9-4297-83bb-f23dbade51ee', '2018-08-29', 132, 17),
('18d35f01-750d-46f2-b9c3-6b7f4d903061', '99679ff0-49a2-43c1-b4ca-7f1ba4b1b923', '1755db32-c5f9-4297-83bb-f23dbade51ee', '2018-11-30', 1266, 17),
('196075a7-a56c-427e-a535-a928d851b3c6', '4f2d86df-acd0-4226-a03d-6b5ab5fd0f5c', '1755db32-c5f9-4297-83bb-f23dbade51ee', '2017-06-07', 252, 1),
('19649127-f632-439e-91f5-3384cb449612', '4f152e7a-1285-45db-a753-0fbdf60c0f09', '1755db32-c5f9-4297-83bb-f23dbade51ee', '2018-04-11', 191, 2),
('19658fc2-3e75-4ea8-adc5-69d69862e452', 'e8d2575a-00d1-4012-adb8-7c815a8e675d', '1755db32-c5f9-4297-83bb-f23dbade51ee', '2017-05-29', 703, 0),
('1972c021-decd-4803-8223-004482368c77', 'd4e675e8-6a12-4617-8be8-33e489832288', '1755db32-c5f9-4297-83bb-f23dbade51ee', '2018-01-29', 531, 0),
('1a07442a-3bb6-43cf-9adc-f8328a0c63cd', '99679ff0-49a2-43c1-b4ca-7f1ba4b1b923', '1755db32-c5f9-4297-83bb-f23dbade51ee', '2018-02-20', 862, 12),
('1a37ab8b-f0b3-4ce4-a606-a416e023d6a4', 'b4ea967f-90ee-457b-8ce0-984c84f92587', '1755db32-c5f9-4297-83bb-f23dbade51ee', '2019-07-18', 774, 5),
('1a483077-5fac-4b98-934f-89f3d5416818', '94a376af-7587-449f-8707-e2cbd88ebd6b', '1755db32-c5f9-4297-83bb-f23dbade51ee', '2018-01-31', 297, 5),
('1a48a419-0d4c-4029-b20e-dbf67df631ea', 'a8b7707d-c5e9-4f24-ab12-9e0d10ad1b3d', '1755db32-c5f9-4297-83bb-f23dbade51ee', '2019-09-27', 559, 3),
('1a4ec934-e5e9-4452-ac90-f29f42b0f057', '98944b97-5576-47d8-b579-a07694782ae5', '1755db32-c5f9-4297-83bb-f23dbade51ee', '2017-11-27', 745, 0),
('1ac2adcf-be88-4087-8143-25b74896a9bd', '2b76b144-e408-4faf-b82a-60f57a2fb76c', '1755db32-c5f9-4297-83bb-f23dbade51ee', '2016-07-26', 1025, 0),
('1ad6e979-5aa1-436b-9ab3-eab3d9bf853d', '7990fc46-6374-4c8b-86ba-e355832f1cbd', '1755db32-c5f9-4297-83bb-f23dbade51ee', '2018-10-17', 433, 1),
('1b2124bc-b0d4-4e3d-906b-5ee7dd460201', '8788d95f-cacb-43d4-a03c-d12244a28091', '1755db32-c5f9-4297-83bb-f23dbade51ee', '2016-07-09', 388, 4),
('1b4ebad9-c6be-4a26-9d62-53934b40de98', 'fb1dc0b1-c264-4834-b749-73b3757b543a', '1755db32-c5f9-4297-83bb-f23dbade51ee', '2017-09-30', 51, 30),
('1ba1b693-15c5-43df-878a-16e8e0480c3a', '5e90ccf5-e0f0-43de-acfb-ece9ace1a1f4', '42d3f05e-9625-4d4f-994c-860b0233b464', '2017-05-15', 1400, 4),
('1bcb5fef-c166-44aa-8777-0ab504d98960', '353ad7b0-4529-42be-850c-ee3ea0544c16', '42d3f05e-9625-4d4f-994c-860b0233b464', '2019-03-26', 501, 8),
('1bd79e8a-f924-4668-b9a0-184670706506', '97ac7274-2355-4e37-9f6c-80a507d875b4', '42d3f05e-9625-4d4f-994c-860b0233b464', '2018-10-12', 3517, 0),
('1c01c828-9ae2-4b05-9cea-75cf4fd87835', 'a47fec31-0b0d-4772-9590-298ffaffee33', '42d3f05e-9625-4d4f-994c-860b0233b464', '2019-07-02', 829, 24),
('1c15cfc0-b608-4266-85d4-2652093df68d', 'fd0112ec-a41e-47c5-83d6-c863d52a66b2', '1755db32-c5f9-4297-83bb-f23dbade51ee', '2018-01-22', 317, 16),
('1cdb5ecb-1f82-40af-bac6-6357db4a69ae', '95d30308-3584-4e01-a3e2-f53e6f902be7', '1755db32-c5f9-4297-83bb-f23dbade51ee', '2017-03-27', 395, 1),
('1cee1927-9499-4606-a6aa-b1766fe039a5', '08d5f28a-4aae-4ea5-8b9c-e70dbc99414e', '42d3f05e-9625-4d4f-994c-860b0233b464', '2018-07-05', 2210, 5),
('1cee7eb2-e767-4c3f-b70d-23c7b3e280f3', '3f808819-4e72-4295-bdef-32ba43ae358d', '1755db32-c5f9-4297-83bb-f23dbade51ee', '2017-10-13', 880, 9),
('1cfc4053-e7b4-4f59-bd87-db3d6f2915c4', '9a5d72c4-265a-4c84-bcf2-9846178daa1f', '1755db32-c5f9-4297-83bb-f23dbade51ee', '2018-10-12', 374, 7),
('1d35f3ca-6556-4b09-899b-043fb5cc1372', 'cb9ef960-0410-4748-91bf-34b5d49eb453', '1755db32-c5f9-4297-83bb-f23dbade51ee', '2018-05-07', 664, 8),
('1d47da5b-bd82-44f4-813a-b45370bd90a4', 'b826f736-d0c1-48d4-9831-c672020abe61', '42d3f05e-9625-4d4f-994c-860b0233b464', '2017-09-20', 1518, 0),
('1d75ac7d-3848-4b4d-847b-7e999c11afb6', '3f808819-4e72-4295-bdef-32ba43ae358d', '1755db32-c5f9-4297-83bb-f23dbade51ee', '2017-03-22', 647, 8),
('1d77b23b-494b-4294-b75b-c0ef9cbb31ef', '2f67ec33-ccde-445a-89a2-0444a855316b', '1755db32-c5f9-4297-83bb-f23dbade51ee', '2018-05-27', 216, 4),
('1d78d43d-c56f-4dae-a64e-b90d50383278', '094565ce-33ac-4c05-b03e-a1d7969f67f4', '1755db32-c5f9-4297-83bb-f23dbade51ee', '2018-07-27', 205, 4),
('1d7e1902-5969-4cb1-a1d8-f5d2dfea6861', '7005d9a7-f88f-43be-85f0-a54c5d07d0d3', '1755db32-c5f9-4297-83bb-f23dbade51ee', '2019-09-05', 307, 8),
('1d92a87d-0811-45a7-9439-2085e2d50aa0', '2d2fb5dd-20d2-4bf2-8c41-888dbff3f8bd', '1755db32-c5f9-4297-83bb-f23dbade51ee', '2019-07-02', 64, 14),
('1d99862f-282c-47db-8b73-81ac50993aba', 'fd0112ec-a41e-47c5-83d6-c863d52a66b2', '1755db32-c5f9-4297-83bb-f23dbade51ee', '2019-08-28', 372, 31),
('1da1d118-e2a1-4b0b-8df3-f50a85f9adcd', 'a47fec31-0b0d-4772-9590-298ffaffee33', '42d3f05e-9625-4d4f-994c-860b0233b464', '2018-10-23', 241, 11),
('1e4a9f73-0886-40bb-850c-134ea6bd14f0', 'd4e675e8-6a12-4617-8be8-33e489832288', '1755db32-c5f9-4297-83bb-f23dbade51ee', '2018-02-21', 52, 1),
('1e554e46-8fb6-44df-a43a-f39211175746', 'd182ad79-9def-46b2-8b6a-73ff57c93ea5', '1755db32-c5f9-4297-83bb-f23dbade51ee', '2016-04-12', 406, 5),
('1e7c83e8-4b45-4b6d-932f-9a1596d15afc', '9b85b2c8-35f6-42a9-b4bf-e47519548a01', '42d3f05e-9625-4d4f-994c-860b0233b464', '2018-04-19', 299, 3),
('1e8803a1-f1ac-4fab-9ed7-caac9bec869e', '5e90ccf5-e0f0-43de-acfb-ece9ace1a1f4', '1755db32-c5f9-4297-83bb-f23dbade51ee', '2017-01-16', 362, 1),
('1ea3925e-2c3a-42ec-8e4f-b73956b8f7fd', '9f92eba8-f934-4fc9-ac1a-f5870e001f99', '1755db32-c5f9-4297-83bb-f23dbade51ee', '2017-12-13', 178, 4),
('1ed6ccf4-2e3c-4b78-acbe-0ab4560dc1da', '49ea54bf-8bba-4d2d-9465-e69f2f1393c3', '1755db32-c5f9-4297-83bb-f23dbade51ee', '2017-05-18', 32, 2),
('1ef661ef-0c2a-484b-a9c1-b1362cc8b8b4', 'fd0112ec-a41e-47c5-83d6-c863d52a66b2', '1755db32-c5f9-4297-83bb-f23dbade51ee', '2017-09-14', 257, 14),
('1f33499d-835c-4f7a-bbda-1517fb342f0f', '9940daed-9b10-4a9d-a61f-f127f9bc4a98', '1755db32-c5f9-4297-83bb-f23dbade51ee', '2019-07-05', 780, 3),
('1f457788-b560-49eb-95c2-e45877758d6d', '330bf4a1-13e7-48c2-a9cf-1b7fa160eb7f', '1755db32-c5f9-4297-83bb-f23dbade51ee', '2015-10-15', 1250, 0),
('1fc18150-2bc0-4cc6-975e-279a62666b92', '20cbcf02-9ca1-49e4-a84b-3cfe50ae0e1d', '1755db32-c5f9-4297-83bb-f23dbade51ee', '2018-05-24', 516, 15),
('1fe0d5f4-f450-4afa-9da4-a97330adace3', 'fb1dc0b1-c264-4834-b749-73b3757b543a', '1755db32-c5f9-4297-83bb-f23dbade51ee', '2018-03-31', 1228, 36),
('20200748-bf82-49d4-9a55-f603d2fd1836', 'fb1dc0b1-c264-4834-b749-73b3757b543a', '42d3f05e-9625-4d4f-994c-860b0233b464', '2018-07-09', 1322, 39),
('20d8ca31-4544-4b38-b0a3-f6b90bfc6186', '0d1164c8-86cb-4fac-b8c7-924e5a1fb768', '1755db32-c5f9-4297-83bb-f23dbade51ee', '2016-01-08', 382, 2),
('20ecf43b-eaf2-4ba0-b42e-062769e8af56', 'e0eb6cf0-2b3f-444d-a1c0-0d1d686df250', '1755db32-c5f9-4297-83bb-f23dbade51ee', '2015-06-29', 707, 3),
('21112a2a-4ad1-44f1-a210-7916430e6721', '20cbcf02-9ca1-49e4-a84b-3cfe50ae0e1d', '1755db32-c5f9-4297-83bb-f23dbade51ee', '2018-01-03', 531, 11),
('213d7a7a-8743-44a6-abba-4b8998107790', '7ed6dd06-abd4-4b7d-b101-6de9b7ef1282', '1755db32-c5f9-4297-83bb-f23dbade51ee', '2019-09-11', 591, 11),
('2195deb9-1404-41ee-8dab-20512bbb68c7', 'e9908ae1-76a8-43e7-aaae-d456b4864e41', '1755db32-c5f9-4297-83bb-f23dbade51ee', '2019-04-08', 266, 2),
('21a765bf-d5ef-47a7-9696-a21a40ce73b9', 'fd0112ec-a41e-47c5-83d6-c863d52a66b2', '1755db32-c5f9-4297-83bb-f23dbade51ee', '2015-06-16', 823, 0),
('21cd254a-d2a1-4e5b-ba37-8dd507868ccb', 'a47fec31-0b0d-4772-9590-298ffaffee33', 'c1519b89-73ad-444e-93c6-2cba8eb9f124', '2019-10-01', 316, 28),
('21f39a4e-5fe8-44d0-b5b1-9951ef95ac2a', '0f1ac18d-a323-40df-9963-7667bdfa3bad', '1755db32-c5f9-4297-83bb-f23dbade51ee', '2018-09-18', 176, 7),
('22974387-1982-44e2-bcd5-3258dd7d4939', '8e01fdd2-9925-4500-a89d-43da6a345275', '42d3f05e-9625-4d4f-994c-860b0233b464', '2019-06-28', 211, 2),
('22c81237-c1eb-4334-80dc-eb81ed919c94', '0f1ac18d-a323-40df-9963-7667bdfa3bad', '1755db32-c5f9-4297-83bb-f23dbade51ee', '2016-04-12', 80, 3),
('22f0907a-3784-40cb-a9be-8a8e5bee4d46', 'acaef8f6-948c-4be6-a9ab-4e459c29f504', '42d3f05e-9625-4d4f-994c-860b0233b464', '2019-09-15', 857, 3),
('233781a2-8313-4281-af43-dd420a5e5df1', '8ba90b31-97c2-4f3e-a1e3-02183e7fa83b', '42d3f05e-9625-4d4f-994c-860b0233b464', '2019-05-25', 2048, 4),
('234fbb05-2ab7-4901-87bc-53bea1d7ade9', 'ada52aeb-b321-4883-a35d-128cd1f47243', '1755db32-c5f9-4297-83bb-f23dbade51ee', '2019-09-28', 649, 6),
('23e8abb1-0ee5-42ce-ba2d-21b58db63954', 'fb1dc0b1-c264-4834-b749-73b3757b543a', '1755db32-c5f9-4297-83bb-f23dbade51ee', '2017-10-03', 1881, 29),
('23fac403-c490-4be6-9907-6ae21b2bdd2f', 'a47fec31-0b0d-4772-9590-298ffaffee33', '42d3f05e-9625-4d4f-994c-860b0233b464', '2019-03-19', 178, 20),
('2470470e-7c5c-4775-b315-70141fa83f50', 'f8cb1f36-fb4d-498a-98c9-cb67f85e55d5', '1755db32-c5f9-4297-83bb-f23dbade51ee', '2019-01-29', 339, 14),
('24b5f7f0-d74c-4af3-b922-7767c7276f49', '08d5f28a-4aae-4ea5-8b9c-e70dbc99414e', '42d3f05e-9625-4d4f-994c-860b0233b464', '2019-09-12', 344, 10),
('24c5fae6-77d2-44b4-878b-eedb48adb8b8', '2b76b144-e408-4faf-b82a-60f57a2fb76c', '1755db32-c5f9-4297-83bb-f23dbade51ee', '2017-02-23', 322, 2),
('2583d2cd-399b-40a1-be0a-ef1f234b6ea3', '94ec3fb0-915b-4ea6-bf74-eb45ac8158f6', '1755db32-c5f9-4297-83bb-f23dbade51ee', '2019-09-28', 527, 2),
('25c8123b-f8f6-4de8-9ddf-8c59c82ae73c', '7c887837-4de3-4aa0-b277-d319b42fa306', '1755db32-c5f9-4297-83bb-f23dbade51ee', '2019-09-21', 394, 6),
('260a0ca1-ac8b-430f-a417-eefb3e8f2364', '53674b99-bd2f-4729-91a7-079c664070e5', 'c1519b89-73ad-444e-93c6-2cba8eb9f124', '2018-05-18', 1582, 3),
('260edc12-f905-4e04-b7c0-79570474c424', '9f92eba8-f934-4fc9-ac1a-f5870e001f99', '1755db32-c5f9-4297-83bb-f23dbade51ee', '2016-06-21', 129, 1),
('26487e86-0ec7-449f-9593-ef30c3e163bc', '43dea3b8-d8a2-48fd-a760-6627e36641c1', '1755db32-c5f9-4297-83bb-f23dbade51ee', '2017-02-27', 672, 0),
('264d097b-7bfa-4dbd-9250-283a7007b6f3', 'b4ea967f-90ee-457b-8ce0-984c84f92587', '42d3f05e-9625-4d4f-994c-860b0233b464', '2018-09-08', 1341, 2),
('2655cb88-54b2-41a5-af89-d864c28ee112', '6be8e5c3-b70c-424c-8960-2e030af722f0', '42d3f05e-9625-4d4f-994c-860b0233b464', '2019-05-24', 469, 3),
('26572418-485e-48c6-b38b-ee44dc551f02', 'bde703ca-8d4b-4582-b2fd-9cd2c32b7915', '1755db32-c5f9-4297-83bb-f23dbade51ee', '2018-04-19', 908, 0),
('266b3e7b-5f47-46cd-a05a-ade83f350245', '0cb3295b-de58-4247-8f78-3ec4996d0e53', '1755db32-c5f9-4297-83bb-f23dbade51ee', '2015-07-30', 111, 2),
('26c73432-b737-4c13-82e0-a6cd4ec0e4f8', 'd182ad79-9def-46b2-8b6a-73ff57c93ea5', '42d3f05e-9625-4d4f-994c-860b0233b464', '2018-01-10', 336, 11),
('26d441f2-9dfb-43d5-a2f7-f03e7be7dd7e', 'ff7dc571-8e0d-4168-a738-440859677598', '1755db32-c5f9-4297-83bb-f23dbade51ee', '2017-10-14', 1003, 13),
('26e55845-2606-4f35-bf0e-31967a840b71', '94a376af-7587-449f-8707-e2cbd88ebd6b', '1755db32-c5f9-4297-83bb-f23dbade51ee', '2019-09-30', 836, 8),
('26fd6376-a9ed-4660-b81b-21d4b1e0f9dc', '1035392f-6a21-461c-b073-38509318da77', '42d3f05e-9625-4d4f-994c-860b0233b464', '2019-05-16', 766, 15),
('27d7690f-ef97-47ce-9523-a5c206ac3d1c', '20cbcf02-9ca1-49e4-a84b-3cfe50ae0e1d', '1755db32-c5f9-4297-83bb-f23dbade51ee', '2016-09-28', 1038, 4),
('28498d6f-0b27-45bf-bb08-9b8fc8d2fe85', '3a1364f5-da18-4583-92ba-a45e1bc548a2', '1755db32-c5f9-4297-83bb-f23dbade51ee', '2016-09-07', 986, 2),
('28ec3165-838a-451e-ae03-d9bce343aa6f', '3f808819-4e72-4295-bdef-32ba43ae358d', '1755db32-c5f9-4297-83bb-f23dbade51ee', '2016-02-02', 496, 3),
('28f03eec-a9fb-4f01-bc0f-98b79cd23369', 'f6fdbba1-7e4e-429f-9701-81991fc728d3', '1755db32-c5f9-4297-83bb-f23dbade51ee', '2017-07-17', 326, 1),
('29a40f18-d616-4431-bd0a-fefa835029c5', '8ba90b31-97c2-4f3e-a1e3-02183e7fa83b', '42d3f05e-9625-4d4f-994c-860b0233b464', '2019-03-18', 627, 3),
('2a087c6a-9059-4592-8d9c-acce4c1a6ebf', '49ea54bf-8bba-4d2d-9465-e69f2f1393c3', '1755db32-c5f9-4297-83bb-f23dbade51ee', '2015-09-02', 496, 0),
('2a5fdb68-9feb-4101-addb-9b8e182ce587', '976a38c8-8847-4d69-b50f-31cac1368c33', '1755db32-c5f9-4297-83bb-f23dbade51ee', '2016-11-08', 799, 8),
('2accc5eb-93b0-489f-898a-0639c049293a', 'f775a676-9718-4be0-b366-848d5599188a', '1755db32-c5f9-4297-83bb-f23dbade51ee', '2016-09-28', 177, 2),
('2ad05045-b2e7-4233-8574-ac734f3aadbf', 'fd0112ec-a41e-47c5-83d6-c863d52a66b2', '1755db32-c5f9-4297-83bb-f23dbade51ee', '2019-07-01', 252, 30),
('2af64a48-1d84-478d-9997-1ac3e04bb47e', '95d30308-3584-4e01-a3e2-f53e6f902be7', '1755db32-c5f9-4297-83bb-f23dbade51ee', '2017-07-10', 310, 3),
('2b11d676-fa19-4e06-b20d-b8eb1b22af1e', 'de63fa06-7b25-439e-98b2-0b936a516e6d', '1755db32-c5f9-4297-83bb-f23dbade51ee', '2016-08-16', 935, 0),
('2b6ed396-0a92-4011-8579-b577c00df2c1', 'ff7dc571-8e0d-4168-a738-440859677598', '1755db32-c5f9-4297-83bb-f23dbade51ee', '2019-06-28', 504, 28),
('2baccc2a-0e54-4147-b642-fcfde09a2fbc', 'b826f736-d0c1-48d4-9831-c672020abe61', '1755db32-c5f9-4297-83bb-f23dbade51ee', '2019-01-15', 373, 2),
('2bc1bdac-d4df-4637-afd3-12cf4b6632d9', 'fb1dc0b1-c264-4834-b749-73b3757b543a', '1755db32-c5f9-4297-83bb-f23dbade51ee', '2015-11-25', 1135, 9),
('2c14e4c5-e0be-4f2f-adee-2006ca5eff9f', 'fec47f25-9c7c-4038-ab1b-58a5d7a2397f', '1755db32-c5f9-4297-83bb-f23dbade51ee', '2019-01-05', 412, 6),
('2c53efee-43c6-4382-88c5-c4ae2f23f76c', 'c84a07bb-184c-4655-9c74-9691edd28fa6', '1755db32-c5f9-4297-83bb-f23dbade51ee', '2019-03-10', 602, 1),
('2c56acea-e09c-45e9-967e-223c6e02c98c', 'f8cb1f36-fb4d-498a-98c9-cb67f85e55d5', '1755db32-c5f9-4297-83bb-f23dbade51ee', '2016-05-12', 392, 4),
('2cdd3089-756c-4a36-9009-3f662ae4c4ae', '89d5ef0a-4037-4b9a-8504-78dad44366ce', '42d3f05e-9625-4d4f-994c-860b0233b464', '2018-03-21', 539, 9),
('2cf1c7e2-cc8e-4419-b92e-35bb357056df', 'a47fec31-0b0d-4772-9590-298ffaffee33', '42d3f05e-9625-4d4f-994c-860b0233b464', '2019-09-06', 684, 27),
('2d5790c0-6a06-408d-97cc-7f86153aeb6a', '5e647f63-ddc1-4c50-9469-3168d5d19eaa', '1755db32-c5f9-4297-83bb-f23dbade51ee', '2019-08-27', 400, 2),
('2d77ec33-6b88-4949-8c06-59dc83692bfc', 'fb1dc0b1-c264-4834-b749-73b3757b543a', '42d3f05e-9625-4d4f-994c-860b0233b464', '2019-01-18', 1086, 45),
('2e2c1ffe-c82b-4443-ac12-3e1f8decdd0d', '984d12e8-7582-438e-81c0-86f968c89a85', '42d3f05e-9625-4d4f-994c-860b0233b464', '2017-05-29', 550, 1),
('2e500472-a87d-4c08-9aa1-258575f0444e', 'b2ac1d0d-7ec7-4536-a98c-aa0c08f632b1', '1755db32-c5f9-4297-83bb-f23dbade51ee', '2019-03-14', 355, 1),
('2e9d50b1-5498-4dc9-be76-438e42be80f0', 'cfbbca05-90f6-42fc-a336-6cc8bff53fab', '1755db32-c5f9-4297-83bb-f23dbade51ee', '2016-11-09', 893, 0),
('2f29f316-06db-4900-b700-6896ade0bcf4', 'fec47f25-9c7c-4038-ab1b-58a5d7a2397f', '1755db32-c5f9-4297-83bb-f23dbade51ee', '2019-04-23', 440, 9),
('2f2e9a4a-70a3-4f86-8caf-159c5fcd2dab', '9b85b2c8-35f6-42a9-b4bf-e47519548a01', 'c1519b89-73ad-444e-93c6-2cba8eb9f124', '2017-05-30', 1582, 1),
('2f4893ae-ab81-42e7-8914-0cd382cae1d1', '5767e2c5-e5d1-4961-9b42-69fc9d3ec4d3', '42d3f05e-9625-4d4f-994c-860b0233b464', '2017-05-31', 1730, 3),
('2f621851-9a32-44ac-95f8-f05768c870bc', '44d52ed0-5873-4c12-9b20-ab492be71bc3', '42d3f05e-9625-4d4f-994c-860b0233b464', '2019-02-26', 649, 5),
('2f6a1dd5-b679-462a-98b4-3ab56428bf9c', '31e8e18b-450f-4657-99c9-96a60ec60241', 'c1519b89-73ad-444e-93c6-2cba8eb9f124', '2018-10-30', 342, 1),
('2f8020f0-0a6f-4f5c-a1f6-eac43f5806cc', '47a478f9-1a62-4715-bdb7-c3df5f35cabe', '1755db32-c5f9-4297-83bb-f23dbade51ee', '2018-06-28', 329, 1),
('2f8cfb8b-36cb-4987-acfb-cbc6df942fca', '3a1364f5-da18-4583-92ba-a45e1bc548a2', '1755db32-c5f9-4297-83bb-f23dbade51ee', '2017-03-15', 80, 4),
('2fc1e911-9965-4279-8a7b-3953bb6016c4', '67d00ce2-0cf7-40be-bcb5-c8ffdbe8492e', '1755db32-c5f9-4297-83bb-f23dbade51ee', '2019-04-16', 1291, 11),
('2fe068f3-b18e-4483-9681-7de492c330e7', '949e3d47-86e2-4dbc-b6a5-40c08176fd2a', '1755db32-c5f9-4297-83bb-f23dbade51ee', '2017-10-03', 1000, 0),
('2ff91fdd-6141-4477-8d40-37c44ecfdf2c', '95d30308-3584-4e01-a3e2-f53e6f902be7', '1755db32-c5f9-4297-83bb-f23dbade51ee', '2018-01-22', 319, 6),
('3004e1f1-5707-4444-801d-6fe8c5b65aae', '08d5f28a-4aae-4ea5-8b9c-e70dbc99414e', '42d3f05e-9625-4d4f-994c-860b0233b464', '2017-07-25', 319, 2),
('302ddb6f-f17d-438b-8689-f76c6d4a1d72', 'cb9ef960-0410-4748-91bf-34b5d49eb453', '1755db32-c5f9-4297-83bb-f23dbade51ee', '2015-06-10', 370, 1),
('302ddbff-d9da-46bb-8fea-a3d905d466eb', '20cbcf02-9ca1-49e4-a84b-3cfe50ae0e1d', '1755db32-c5f9-4297-83bb-f23dbade51ee', '2018-03-02', 495, 13),
('3041e3aa-9d34-457a-acfd-4410383845b0', 'fd0112ec-a41e-47c5-83d6-c863d52a66b2', '1755db32-c5f9-4297-83bb-f23dbade51ee', '2016-06-08', 165, 6),
('3042b9ef-460e-4a47-9c65-a55225067ff5', '2778d4a5-3e52-4aeb-8590-e488a5b3603e', '1755db32-c5f9-4297-83bb-f23dbade51ee', '2015-04-05', 500, 0),
('30634648-1aaf-41f0-aff0-b81fdc4d75b7', '353ad7b0-4529-42be-850c-ee3ea0544c16', '1755db32-c5f9-4297-83bb-f23dbade51ee', '2018-05-09', 749, 5),
('3088f911-9020-4e9a-ac89-cc41c02c2ba4', '89d5ef0a-4037-4b9a-8504-78dad44366ce', 'c1519b89-73ad-444e-93c6-2cba8eb9f124', '2018-01-12', 50, 8),
('308bffb9-a9a2-401f-bf27-c54a2aec7846', '28d3077c-9713-44bd-b2db-f72d26fa86fd', '42d3f05e-9625-4d4f-994c-860b0233b464', '2019-05-05', 503, 14),
('30e09537-6cbf-4b24-99fa-ac2e5af3441c', '43dea3b8-d8a2-48fd-a760-6627e36641c1', '1755db32-c5f9-4297-83bb-f23dbade51ee', '2017-04-05', 334, 1),
('310c0ddc-6182-4135-b9ec-d1f81fb886ff', 'fec47f25-9c7c-4038-ab1b-58a5d7a2397f', '1755db32-c5f9-4297-83bb-f23dbade51ee', '2017-03-14', 1422, 0),
('31552894-8873-4c8d-b1ba-77def7258d23', 'b826f736-d0c1-48d4-9831-c672020abe61', '42d3f05e-9625-4d4f-994c-860b0233b464', '2019-03-21', 352, 3),
('3170c52f-9a4b-4520-9464-0c22fbbf524e', 'a47fec31-0b0d-4772-9590-298ffaffee33', 'c1519b89-73ad-444e-93c6-2cba8eb9f124', '2018-09-01', 297, 8),
('319376f8-c74e-4181-ae47-ec76a26d5f1d', '3998b404-4b67-4729-8eaa-048e67687c34', '1755db32-c5f9-4297-83bb-f23dbade51ee', '2018-01-12', 516, 14),
('31a59e63-9672-4318-8088-d1119cec8495', 'ada52aeb-b321-4883-a35d-128cd1f47243', '1755db32-c5f9-4297-83bb-f23dbade51ee', '2019-01-30', 839, 1),
('3279e1ce-8ea1-41c6-a34f-5c9566b7d5ed', 'fb1dc0b1-c264-4834-b749-73b3757b543a', '1755db32-c5f9-4297-83bb-f23dbade51ee', '2017-01-10', 1012, 21),
('33083d78-f9c1-4c7f-95ee-e7c6ecba8278', '3a1364f5-da18-4583-92ba-a45e1bc548a2', '42d3f05e-9625-4d4f-994c-860b0233b464', '2018-07-23', 900, 15),
('33323ccc-7ad3-4f9f-8fce-77ece98938b9', 'd19f75ab-4b3c-475f-a265-26fa58d7de3f', '1755db32-c5f9-4297-83bb-f23dbade51ee', '2015-05-05', 256, 2),
('33968581-3a3d-4b3d-b2ed-803d06b92db1', '07a700d3-8302-408b-81fa-437b8f484156', '1755db32-c5f9-4297-83bb-f23dbade51ee', '2019-09-16', 441, 6),
('33acb567-a81c-4e08-8939-739d374a8e2f', '3a1364f5-da18-4583-92ba-a45e1bc548a2', '1755db32-c5f9-4297-83bb-f23dbade51ee', '2017-07-17', 117, 10),
('342c46be-2f48-4e71-9d8b-88a044c446d9', 'f775a676-9718-4be0-b366-848d5599188a', '1755db32-c5f9-4297-83bb-f23dbade51ee', '2016-06-17', 300, 1),
('3439b803-2642-4241-8e65-ad93cad4ea1d', 'e9cb2528-824d-442c-9752-f2677cd21a6b', '42d3f05e-9625-4d4f-994c-860b0233b464', '2017-11-06', 1063, 1),
('343ff508-ff65-48e8-b551-e7874629ac04', '99679ff0-49a2-43c1-b4ca-7f1ba4b1b923', '1755db32-c5f9-4297-83bb-f23dbade51ee', '2016-09-01', 286, 5),
('34547122-0864-40db-8dc4-454ac987864d', '5767e2c5-e5d1-4961-9b42-69fc9d3ec4d3', 'c1519b89-73ad-444e-93c6-2cba8eb9f124', '2019-01-21', 275, 7),
('3488ef47-ea96-4543-8e8c-2adc8006f364', 'b2ac1d0d-7ec7-4536-a98c-aa0c08f632b1', '1755db32-c5f9-4297-83bb-f23dbade51ee', '2019-07-01', 458, 3),
('348a8a2f-4781-454e-84d2-6cd8c9ca15b4', '8b631c3a-d29c-4847-a6c1-7bf75eda3951', '42d3f05e-9625-4d4f-994c-860b0233b464', '2019-07-13', 194, 8),
('34a7fa1d-5dc7-4de9-bfc4-d934d723e78f', '49543aba-422e-411a-9e36-3f7e57661240', '1755db32-c5f9-4297-83bb-f23dbade51ee', '2018-07-23', 367, 2),
('34c0dd76-eb01-44e1-8f0a-9f08a3786fef', '2b8a5f6e-1d2d-42cc-9824-354c535eca09', '1755db32-c5f9-4297-83bb-f23dbade51ee', '2018-10-05', 532, 1),
('34c84430-a274-4b4f-be9a-57a053e05c93', '218f4274-14b9-4594-b834-c19326e37a25', 'c1519b89-73ad-444e-93c6-2cba8eb9f124', '2017-10-05', 1582, 4),
('34d2dce4-4150-4e93-bdae-aaef36232bf4', 'fd0112ec-a41e-47c5-83d6-c863d52a66b2', '1755db32-c5f9-4297-83bb-f23dbade51ee', '2018-08-23', 673, 23),
('352ebf41-2ca9-45ab-bf30-1d9571b60e42', 'c8f9688d-fb74-4bfa-98dd-81b36b6abd03', '42d3f05e-9625-4d4f-994c-860b0233b464', '2019-09-17', 1204, 5),
('3554eb72-871e-4436-b904-ffb09c18fe1f', '67d00ce2-0cf7-40be-bcb5-c8ffdbe8492e', '1755db32-c5f9-4297-83bb-f23dbade51ee', '2018-05-14', 645, 6),
('359e3338-44b1-4074-9495-9522a4ea5c22', '30b365a3-ea18-4b03-bed3-68e9c7540418', '42d3f05e-9625-4d4f-994c-860b0233b464', '2018-05-16', 146, 10),
('35a4ce92-c2bf-45bd-9217-7323f9f13db9', '99679ff0-49a2-43c1-b4ca-7f1ba4b1b923', '1755db32-c5f9-4297-83bb-f23dbade51ee', '2014-11-15', 1512, 1),
('35cedec6-1b85-466e-80ba-08c1bba02a6f', '13f8a733-eba2-44ed-81f5-6589edbda03f', '1755db32-c5f9-4297-83bb-f23dbade51ee', '2018-09-06', 624, 0),
('360c3583-5db8-4979-a7df-4485bb68dcfa', '8788d95f-cacb-43d4-a03c-d12244a28091', '1755db32-c5f9-4297-83bb-f23dbade51ee', '2016-02-03', 362, 3),
('361e6b37-14e7-44e1-a6f7-a0e3c413e040', '3998b404-4b67-4729-8eaa-048e67687c34', '1755db32-c5f9-4297-83bb-f23dbade51ee', '2015-06-10', 355, 1),
('362be6f5-1a53-488c-a129-9452e82f837e', '976a38c8-8847-4d69-b50f-31cac1368c33', '42d3f05e-9625-4d4f-994c-860b0233b464', '2017-06-07', 2088, 13),
('364a5572-565b-48bf-b9ae-2d2786a1a9fd', '851faba6-4ca0-4769-8934-3bad9cf49c3e', 'c1519b89-73ad-444e-93c6-2cba8eb9f124', '2019-07-04', 45, 2),
('365ffb19-a5d5-4a75-a5f8-7dbe7f88fd66', '6be8e5c3-b70c-424c-8960-2e030af722f0', 'c1519b89-73ad-444e-93c6-2cba8eb9f124', '2018-12-31', 2588, 1),
('3667fb1c-3e20-470c-8a30-58916eb2a028', 'bde703ca-8d4b-4582-b2fd-9cd2c32b7915', '42d3f05e-9625-4d4f-994c-860b0233b464', '2019-02-26', 342, 6),
('3683d1fe-72ff-4cc6-968d-93df93252b6a', '3a1364f5-da18-4583-92ba-a45e1bc548a2', '1755db32-c5f9-4297-83bb-f23dbade51ee', '2017-11-22', 578, 11),
('3686ea66-151a-4c3a-8654-0edaf26d5678', '5e90ccf5-e0f0-43de-acfb-ece9ace1a1f4', '42d3f05e-9625-4d4f-994c-860b0233b464', '2017-10-06', 603, 6),
('3694b58f-ee6f-44e5-8384-6902a251aeee', 'd45be056-b962-4328-900a-6fcfd5b3f0fd', '1755db32-c5f9-4297-83bb-f23dbade51ee', '2018-04-26', 1268, 5),
('36c1971b-1c70-4798-a627-bb26b1da25ae', '2ae101bd-17ef-4e7f-8a55-aafb313ab966', '1755db32-c5f9-4297-83bb-f23dbade51ee', '2016-01-21', 684, 0),
('36cdb552-c71e-4b00-a7c1-5043d4f7c0ef', 'fe0ff5ab-8a0f-4474-98e8-ad448dc35fe6', '1755db32-c5f9-4297-83bb-f23dbade51ee', '2018-04-17', 609, 3),
('36fdb1ca-8ba7-49db-a83b-b69a219f064f', '46698802-daa4-45f8-8884-61ccd1e7e46b', '1755db32-c5f9-4297-83bb-f23dbade51ee', '2018-07-25', 283, 1),
('371d1ca4-0038-4fda-950f-3a044145c0fd', 'fb1dc0b1-c264-4834-b749-73b3757b543a', '1755db32-c5f9-4297-83bb-f23dbade51ee', '2018-11-03', 1450, 43),
('376ff19e-1418-48aa-b8bb-f061e80c6b15', 'de63fa06-7b25-439e-98b2-0b936a516e6d', '1755db32-c5f9-4297-83bb-f23dbade51ee', '2018-11-22', 333, 3),
('378c629f-9ac7-4af8-ac4f-2866eb2c7246', 'a47fec31-0b0d-4772-9590-298ffaffee33', 'c1519b89-73ad-444e-93c6-2cba8eb9f124', '2019-07-05', 38, 25),
('37cc413f-1ea4-4fdc-af5e-fd36680e4e42', 'bb3c4465-3e4b-4149-8340-698926f89ec0', '42d3f05e-9625-4d4f-994c-860b0233b464', '2017-10-28', 1045, 1),
('37f60a73-0101-4066-b782-f845fed56040', 'b3e034b5-e502-415b-ba02-56119b1c2aa9', '1755db32-c5f9-4297-83bb-f23dbade51ee', '2018-07-03', 300, 1),
('38355725-b99b-4188-88cf-f8df23cc9de3', '8ba90b31-97c2-4f3e-a1e3-02183e7fa83b', '1755db32-c5f9-4297-83bb-f23dbade51ee', '2014-01-01', 2048, 5),
('388a88ff-ab0d-4f3d-9aa1-6085217cde2b', '3f808819-4e72-4295-bdef-32ba43ae358d', '1755db32-c5f9-4297-83bb-f23dbade51ee', '2018-10-09', 575, 14),
('38a27e4d-933a-411b-a9ce-027f540556c4', 'ff7dc571-8e0d-4168-a738-440859677598', '1755db32-c5f9-4297-83bb-f23dbade51ee', '2016-05-02', 647, 1),
('38bf4c30-f035-4618-8158-d21ea8d94a7d', 'ff7dc571-8e0d-4168-a738-440859677598', '1755db32-c5f9-4297-83bb-f23dbade51ee', '2019-04-01', 499, 25),
('390623e1-92b0-46b0-b201-aa6bf27a84b7', '20cbcf02-9ca1-49e4-a84b-3cfe50ae0e1d', '1755db32-c5f9-4297-83bb-f23dbade51ee', '2019-02-14', 690, 23),
('39493468-9e35-4c18-bb62-e187e7a579d4', 'fe0ff5ab-8a0f-4474-98e8-ad448dc35fe6', '1755db32-c5f9-4297-83bb-f23dbade51ee', '2018-07-18', 528, 5),
('3993aa05-92ac-44a7-a890-e1ca875e4973', 'a47fec31-0b0d-4772-9590-298ffaffee33', '1755db32-c5f9-4297-83bb-f23dbade51ee', '2018-06-15', 49, 4),
('39b1bad2-fc4d-4fb6-9eec-c03855555952', 'bbfffef9-982b-4c5d-b72c-cfad21e78a6a', '1755db32-c5f9-4297-83bb-f23dbade51ee', '2018-11-13', 642, 2),
('39f20294-b1c2-4bd2-824a-351fc25de999', '8788d95f-cacb-43d4-a03c-d12244a28091', '42d3f05e-9625-4d4f-994c-860b0233b464', '2018-06-13', 890, 10),
('39ff8f7e-a669-4128-aacd-6af78a24114b', '1035392f-6a21-461c-b073-38509318da77', '1755db32-c5f9-4297-83bb-f23dbade51ee', '2018-01-29', 419, 3),
('3a24f974-cf04-4a84-85bd-2719b9613c59', 'acaef8f6-948c-4be6-a9ab-4e459c29f504', '1755db32-c5f9-4297-83bb-f23dbade51ee', '2018-10-28', 264, 1),
('3a66eb09-b1aa-4ef6-944e-34dc6044326d', '0d1164c8-86cb-4fac-b8c7-924e5a1fb768', '1755db32-c5f9-4297-83bb-f23dbade51ee', '2018-03-12', 159, 17),
('3a8115c7-2c60-48fd-81f7-c811251024b8', '43dea3b8-d8a2-48fd-a760-6627e36641c1', '1755db32-c5f9-4297-83bb-f23dbade51ee', '2018-08-13', 761, 4),
('3aba79a6-f19b-48a9-9d4a-707892390baa', '1035392f-6a21-461c-b073-38509318da77', '42d3f05e-9625-4d4f-994c-860b0233b464', '2018-01-02', 581, 2),
('3b003f73-8e5a-4f47-9042-2c2a82efa654', '61d94b34-264a-4971-a179-9d0004c2dd37', '1755db32-c5f9-4297-83bb-f23dbade51ee', '2019-06-20', 712, 1),
('3b3dfef8-1486-4650-8634-b5883fc0d558', 'ff7dc571-8e0d-4168-a738-440859677598', '1755db32-c5f9-4297-83bb-f23dbade51ee', '2017-09-05', 484, 12),
('3b595473-0fdc-4dd1-90f8-908fd7133f4f', '3a1364f5-da18-4583-92ba-a45e1bc548a2', '1755db32-c5f9-4297-83bb-f23dbade51ee', '2019-02-15', 175, 21),
('3bd0c488-32f4-4a8c-b1d1-452fd1dc656a', '031a0735-705a-48c9-ad36-0a56f30a514f', '1755db32-c5f9-4297-83bb-f23dbade51ee', '2016-11-08', 777, 0),
('3bd4e55f-f0f2-41ac-b77c-86eed0aa5523', '3998b404-4b67-4729-8eaa-048e67687c34', '1755db32-c5f9-4297-83bb-f23dbade51ee', '2015-02-04', 1069, 0),
('3be6bcf6-1e64-4057-9d89-c4b1345d29c0', 'b826f736-d0c1-48d4-9831-c672020abe61', '42d3f05e-9625-4d4f-994c-860b0233b464', '2019-07-02', 424, 6),
('3c1e630a-a094-4e89-8aa8-24c50c0e2c1c', 'a47fec31-0b0d-4772-9590-298ffaffee33', '42d3f05e-9625-4d4f-994c-860b0233b464', '2018-01-22', 2207, 0),
('3c276a8d-778f-41e6-aeba-3db0af637b78', '7c97d8cc-cfcb-43fe-9d85-3b65753037c3', '42d3f05e-9625-4d4f-994c-860b0233b464', '2018-12-10', 390, 3),
('3c8b6f36-bbeb-438d-b015-401882e9ce8e', 'cfbbca05-90f6-42fc-a336-6cc8bff53fab', '1755db32-c5f9-4297-83bb-f23dbade51ee', '2019-03-21', 185, 10),
('3c8e7551-1012-4e9a-8c52-a9b87703a3c7', '46698802-daa4-45f8-8884-61ccd1e7e46b', '42d3f05e-9625-4d4f-994c-860b0233b464', '2019-06-19', 358, 10),
('3ce504c6-d690-4fec-a4fd-1cd36c0a5aee', '49ea54bf-8bba-4d2d-9465-e69f2f1393c3', '1755db32-c5f9-4297-83bb-f23dbade51ee', '2017-01-05', 63, 1),
('3d2acc84-567a-4e58-9dc8-ae010cef94dd', '1035392f-6a21-461c-b073-38509318da77', '42d3f05e-9625-4d4f-994c-860b0233b464', '2019-09-27', 839, 16),
('3d48a629-3737-443b-b1a5-9689e700fe94', '4f152e7a-1285-45db-a753-0fbdf60c0f09', '42d3f05e-9625-4d4f-994c-860b0233b464', '2019-07-05', 781, 6),
('3df8df8b-de84-4a6c-866b-c4fb262ca7cf', '0d1164c8-86cb-4fac-b8c7-924e5a1fb768', 'c1519b89-73ad-444e-93c6-2cba8eb9f124', '2017-05-15', 1582, 14),
('3e160941-09f9-490b-a71f-53430bacb9c6', '99679ff0-49a2-43c1-b4ca-7f1ba4b1b923', '1755db32-c5f9-4297-83bb-f23dbade51ee', '2018-03-27', 802, 13),
('3e1e8f29-88bd-42db-a508-e124e2710ac2', 'fec47f25-9c7c-4038-ab1b-58a5d7a2397f', '1755db32-c5f9-4297-83bb-f23dbade51ee', '2019-07-23', 604, 11),
('3e79ce7a-16df-4155-a347-3f04cbdae6d2', '53674b99-bd2f-4729-91a7-079c664070e5', '1755db32-c5f9-4297-83bb-f23dbade51ee', '2017-01-19', 489, 1),
('3edb0cc0-5ee1-4977-bc37-31dc38b64a42', '5e90ccf5-e0f0-43de-acfb-ece9ace1a1f4', '1755db32-c5f9-4297-83bb-f23dbade51ee', '2017-02-24', 439, 2),
('3f0bd19a-10da-4ed3-a9a2-968f40fb201c', '941e220f-7b2b-4d5c-93e9-9d372cbac85f', '1755db32-c5f9-4297-83bb-f23dbade51ee', '2017-04-04', 1202, 0),
('3f1eb00a-c98c-4c52-a858-1da08a371746', '97ac7274-2355-4e37-9f6c-80a507d875b4', '42d3f05e-9625-4d4f-994c-860b0233b464', '2019-05-29', 808, 3),
('3f502ae0-8f95-41e3-94e8-b44bf7f781c0', '0cb3295b-de58-4247-8f78-3ec4996d0e53', '1755db32-c5f9-4297-83bb-f23dbade51ee', '2016-06-09', 432, 5),
('403a793c-3bc9-4b20-aa5d-af32362aa2b2', '09f62d80-d97d-44f9-bd71-46245e371c82', '42d3f05e-9625-4d4f-994c-860b0233b464', '2019-05-28', 305, 5),
('4066cf73-1b80-4dcc-88d4-c3d98ef03cc9', '09f62d80-d97d-44f9-bd71-46245e371c82', '1755db32-c5f9-4297-83bb-f23dbade51ee', '2019-01-25', 348, 4),
('40bdb795-b83f-459e-9936-9c72322f93cd', '353ad7b0-4529-42be-850c-ee3ea0544c16', '1755db32-c5f9-4297-83bb-f23dbade51ee', '2016-02-03', 879, 0),
('40ec6747-6a43-4cf2-848b-e5694cb81beb', 'a70c452f-d890-438e-a9be-fb6d990457f8', '42d3f05e-9625-4d4f-994c-860b0233b464', '2019-05-29', 461, 5),
('40f2aa4f-df31-4626-ab81-e4c07f9c6ca3', '5c2fcde0-3533-4a23-b34e-852959edfabb', '1755db32-c5f9-4297-83bb-f23dbade51ee', '2016-04-05', 820, 0),
('40fb1571-a46c-485f-9c3d-e183547c7e9d', '8b1674a5-4529-41a0-8007-94384694220e', '1755db32-c5f9-4297-83bb-f23dbade51ee', '2017-04-14', 507, 0),
('4114b7a5-a9b0-4258-b23a-4fb30d6da877', 'f8cb1f36-fb4d-498a-98c9-cb67f85e55d5', '1755db32-c5f9-4297-83bb-f23dbade51ee', '2015-05-07', 575, 0),
('411e9e8f-7b3b-4ac5-9b23-6a4fee2ede74', '99679ff0-49a2-43c1-b4ca-7f1ba4b1b923', '1755db32-c5f9-4297-83bb-f23dbade51ee', '2017-10-27', 3847, 9),
('415aca1c-d751-43d1-9e18-1a4ad5938d01', 'f8cb1f36-fb4d-498a-98c9-cb67f85e55d5', '1755db32-c5f9-4297-83bb-f23dbade51ee', '2015-09-27', 167, 2),
('41810b96-8011-4ae3-827b-b1679a44a15d', '5c2fcde0-3533-4a23-b34e-852959edfabb', '1755db32-c5f9-4297-83bb-f23dbade51ee', '2016-04-20', 365, 1),
('41a22d4a-460d-463e-abe9-b296a0763da9', '2b76b144-e408-4faf-b82a-60f57a2fb76c', '1755db32-c5f9-4297-83bb-f23dbade51ee', '2019-09-15', 458, 8),
('420624ea-2258-4e6c-99b6-8106f94e2fe5', '31e8e18b-450f-4657-99c9-96a60ec60241', '42d3f05e-9625-4d4f-994c-860b0233b464', '2019-07-08', 180, 4),
('4216709b-5613-4060-a501-a3ad1e868272', 'acaef8f6-948c-4be6-a9ab-4e459c29f504', '1755db32-c5f9-4297-83bb-f23dbade51ee', '2018-05-17', 921, 0),
('423630a0-49c1-4c9e-8373-ce8f63478337', 'cc6f9cb3-86c6-4c9b-9042-9f4d348b09be', '1755db32-c5f9-4297-83bb-f23dbade51ee', '2018-10-24', 444, 2),
('4237ff61-d545-4cc7-9e63-587dbf21c299', 'fec47f25-9c7c-4038-ab1b-58a5d7a2397f', '1755db32-c5f9-4297-83bb-f23dbade51ee', '2017-10-05', 538, 2),
('42770792-fe64-40be-9175-569838d31327', 'fd0112ec-a41e-47c5-83d6-c863d52a66b2', '1755db32-c5f9-4297-83bb-f23dbade51ee', '2018-05-18', 164, 19),
('4292beee-4434-4202-bcad-648b2bcf8340', '2778d4a5-3e52-4aeb-8590-e488a5b3603e', '1755db32-c5f9-4297-83bb-f23dbade51ee', '2019-09-04', 667, 14),
('4341281c-d1f8-45e4-85a3-2d298aa313a7', 'fb1dc0b1-c264-4834-b749-73b3757b543a', '1755db32-c5f9-4297-83bb-f23dbade51ee', '2016-01-12', 1045, 10),
('434a0c69-5e32-4d38-b38d-5cbef033bd4b', '4f152e7a-1285-45db-a753-0fbdf60c0f09', '1755db32-c5f9-4297-83bb-f23dbade51ee', '2018-07-02', 234, 3),
('434f6e54-ec37-452f-ab41-c1f9d2584df3', 'c4a702a0-fe9f-4b9d-9368-8c16b85358d4', '1755db32-c5f9-4297-83bb-f23dbade51ee', '2017-03-29', 54, 2),
('437bd770-5776-433d-942f-af5bac0a9c66', 'fb1dc0b1-c264-4834-b749-73b3757b543a', '1755db32-c5f9-4297-83bb-f23dbade51ee', '2016-02-23', 1157, 11),
('43ded96a-c4af-483c-bd91-36f4b9a3c9b3', 'c4a702a0-fe9f-4b9d-9368-8c16b85358d4', '1755db32-c5f9-4297-83bb-f23dbade51ee', '2016-04-28', 681, 0),
('43e5ea18-9cdb-47a6-9aa1-d1e99e324786', '53674b99-bd2f-4729-91a7-079c664070e5', 'c1519b89-73ad-444e-93c6-2cba8eb9f124', '2019-01-23', 746, 6),
('4412809b-6b47-4437-852c-c138738fbfe3', '89d5ef0a-4037-4b9a-8504-78dad44366ce', '42d3f05e-9625-4d4f-994c-860b0233b464', '2018-07-13', 236, 10),
('441ddb9b-5ff1-4fad-a968-0989a04b6909', '8714d419-fad6-4fb2-b7d7-091bb95972fe', '1755db32-c5f9-4297-83bb-f23dbade51ee', '2018-04-25', 408, 1),
('4444d1d4-02ea-4cac-989b-c9621c87d82f', '7ed6dd06-abd4-4b7d-b101-6de9b7ef1282', '1755db32-c5f9-4297-83bb-f23dbade51ee', '2018-02-02', 631, 1),
('44ec03c7-8485-42fe-af96-038280576f54', '30b365a3-ea18-4b03-bed3-68e9c7540418', '1755db32-c5f9-4297-83bb-f23dbade51ee', '2016-11-23', 884, 2),
('44f089cd-deb6-4f07-9a8a-706f8c552a06', 'ed2dd713-373c-441c-a75a-ae81ff608e46', '1755db32-c5f9-4297-83bb-f23dbade51ee', '2019-04-07', 1404, 0),
('45a0775e-9510-4e3d-9381-0493cf6e3604', '0cb3295b-de58-4247-8f78-3ec4996d0e53', '42d3f05e-9625-4d4f-994c-860b0233b464', '2018-06-13', 787, 10),
('45c58f2a-a332-483f-93b1-e66cce746c7c', '1035392f-6a21-461c-b073-38509318da77', '42d3f05e-9625-4d4f-994c-860b0233b464', '2019-03-15', 726, 15),
('45d91414-0242-464d-9dd8-f4bc6db01d44', '79ecf165-d18a-47c3-bce6-f0adde06d53d', '1755db32-c5f9-4297-83bb-f23dbade51ee', '2017-01-25', 138, 2),
('45e49b1b-56a2-46f4-8722-c8ddb8c017fc', '89d5ef0a-4037-4b9a-8504-78dad44366ce', '1755db32-c5f9-4297-83bb-f23dbade51ee', '2017-11-22', 257, 6),
('45ec988f-a437-4b6b-a4a4-92a2e63819b3', '89d5ef0a-4037-4b9a-8504-78dad44366ce', '42d3f05e-9625-4d4f-994c-860b0233b464', '2019-06-21', 575, 15);
INSERT INTO `cms_gindre_commande` (`id`, `shop_id`, `product_type_id`, `date_commande`, `amount`, `number`) VALUES
('460d81a8-11ea-469c-8b3b-bfdf471bece2', '49543aba-422e-411a-9e36-3f7e57661240', '1755db32-c5f9-4297-83bb-f23dbade51ee', '2018-04-18', 517, 0),
('4711d206-b361-4fd2-9e6f-07e235f0203e', '0d1164c8-86cb-4fac-b8c7-924e5a1fb768', '1755db32-c5f9-4297-83bb-f23dbade51ee', '2017-04-21', 33, 12),
('478e1f40-6a96-41cd-8360-3e5fac53fced', 'f775a676-9718-4be0-b366-848d5599188a', '1755db32-c5f9-4297-83bb-f23dbade51ee', '2016-02-19', 642, 0),
('47b0ec2b-cb24-49c2-9b09-d16433f65aa1', '99679ff0-49a2-43c1-b4ca-7f1ba4b1b923', '1755db32-c5f9-4297-83bb-f23dbade51ee', '2016-07-13', 300, 4),
('47e23db3-f353-4836-b326-fddeae1ecfca', 'c4a702a0-fe9f-4b9d-9368-8c16b85358d4', '42d3f05e-9625-4d4f-994c-860b0233b464', '2017-07-01', 1692, 4),
('480b23cf-e82e-45e4-8911-fdc9ea735589', '6308948d-6f68-4566-be84-2988ed8da95d', '1755db32-c5f9-4297-83bb-f23dbade51ee', '2019-09-21', 1734, 1),
('485255cb-24db-412b-a655-7f7bb5e3cdc4', '7ed6dd06-abd4-4b7d-b101-6de9b7ef1282', '1755db32-c5f9-4297-83bb-f23dbade51ee', '2019-06-12', 483, 9),
('4871dae3-8d18-4fae-acef-1862e2fd48c9', '2778d4a5-3e52-4aeb-8590-e488a5b3603e', '1755db32-c5f9-4297-83bb-f23dbade51ee', '2016-06-21', 468, 3),
('48fbb275-0d18-41ac-a07f-5baa26961800', '89d5ef0a-4037-4b9a-8504-78dad44366ce', '1755db32-c5f9-4297-83bb-f23dbade51ee', '2017-07-19', 63, 2),
('498ed04c-7071-4047-a922-ae07d290ab26', '984d12e8-7582-438e-81c0-86f968c89a85', '42d3f05e-9625-4d4f-994c-860b0233b464', '2018-09-27', 458, 3),
('4aa3aff5-ae91-453e-8679-d5f0b491f7f6', '04655c1b-536d-493f-a463-9f7998369294', '42d3f05e-9625-4d4f-994c-860b0233b464', '2018-06-25', 488, 1),
('4ab3310f-6b43-4aef-83c0-d09f5877642c', '25eefef9-aa05-4f73-9c9a-331f9ac2050b', '42d3f05e-9625-4d4f-994c-860b0233b464', '2018-04-18', 1396, 0),
('4ac4e773-c1b1-48ab-b2a7-99d2b1d1f19b', 'd45be056-b962-4328-900a-6fcfd5b3f0fd', '1755db32-c5f9-4297-83bb-f23dbade51ee', '2016-10-28', 307, 3),
('4ac8dd6e-0a85-4290-ae49-edd38bf096bd', 'bde703ca-8d4b-4582-b2fd-9cd2c32b7915', '1755db32-c5f9-4297-83bb-f23dbade51ee', '2018-06-22', 504, 1),
('4ae013e7-3e16-4358-b22e-0aac99167f7b', 'fb1dc0b1-c264-4834-b749-73b3757b543a', '1755db32-c5f9-4297-83bb-f23dbade51ee', '2016-07-11', 515, 16),
('4b3a4385-d5b2-4896-8c94-9ad7e24fc817', 'c4a702a0-fe9f-4b9d-9368-8c16b85358d4', '42d3f05e-9625-4d4f-994c-860b0233b464', '2017-08-31', 228, 5),
('4b4c8929-3608-4d3b-952d-a512298f7693', '0d1164c8-86cb-4fac-b8c7-924e5a1fb768', '1755db32-c5f9-4297-83bb-f23dbade51ee', '2017-05-15', 154, 13),
('4b631c4b-ad9b-455f-a716-6185d048a3b2', 'f0c78b74-13d9-4b15-b383-82b63e192237', '1755db32-c5f9-4297-83bb-f23dbade51ee', '2017-04-11', 232, 6),
('4b91b6e5-acc4-4450-83f4-da3bba144d91', '0cb3295b-de58-4247-8f78-3ec4996d0e53', '1755db32-c5f9-4297-83bb-f23dbade51ee', '2015-07-24', 553, 1),
('4b9206bd-9c36-4ecd-9866-b1ac619020ce', 'f8cb1f36-fb4d-498a-98c9-cb67f85e55d5', '1755db32-c5f9-4297-83bb-f23dbade51ee', '2019-07-17', 935, 15),
('4bd7cabe-1328-47fb-b2e3-d0ef186951c3', '3a1364f5-da18-4583-92ba-a45e1bc548a2', '1755db32-c5f9-4297-83bb-f23dbade51ee', '2017-06-14', 240, 9),
('4beffbba-9761-4e1b-bd99-e3b6fec2e83c', 'a47fec31-0b0d-4772-9590-298ffaffee33', '42d3f05e-9625-4d4f-994c-860b0233b464', '2018-06-19', 314, 5),
('4bfac8f1-f791-4e53-aa39-02d0038faccf', '0f1ac18d-a323-40df-9963-7667bdfa3bad', '1755db32-c5f9-4297-83bb-f23dbade51ee', '2018-09-24', 45, 8),
('4c105762-b92d-4332-a926-e3a284b9f901', '99679ff0-49a2-43c1-b4ca-7f1ba4b1b923', '1755db32-c5f9-4297-83bb-f23dbade51ee', '2016-09-15', 27, 6),
('4ca74beb-59a5-4177-94ee-beb63932fb79', '4f2d86df-acd0-4226-a03d-6b5ab5fd0f5c', 'c1519b89-73ad-444e-93c6-2cba8eb9f124', '2017-12-28', 80, 3),
('4d05a2e1-dc24-474c-a75c-c067b298eaf5', 'f0c78b74-13d9-4b15-b383-82b63e192237', '1755db32-c5f9-4297-83bb-f23dbade51ee', '2018-08-27', 234, 11),
('4da5aa66-1471-471e-9fb9-7e8846758ff4', 'fb1dc0b1-c264-4834-b749-73b3757b543a', '1755db32-c5f9-4297-83bb-f23dbade51ee', '2019-05-21', 1064, 38),
('4e2a36bf-2326-4164-9e0e-7ef9532679d2', '8788d95f-cacb-43d4-a03c-d12244a28091', '42d3f05e-9625-4d4f-994c-860b0233b464', '2017-07-17', 301, 8),
('4e375250-e036-4531-b82a-2bd21162f32d', 'ada52aeb-b321-4883-a35d-128cd1f47243', '1755db32-c5f9-4297-83bb-f23dbade51ee', '2019-05-23', 759, 4),
('4e51baf8-7e31-454e-b33f-ff712be1e4cf', 'f67376d0-94da-453e-959c-7a5982313beb', '42d3f05e-9625-4d4f-994c-860b0233b464', '2017-09-05', 2414, 0),
('4e8a2815-c920-424a-9ab5-b4828bc0f314', 'fb1dc0b1-c264-4834-b749-73b3757b543a', '1755db32-c5f9-4297-83bb-f23dbade51ee', '2016-08-20', 360, 17),
('4e8b1b7b-a762-43dd-aaf9-6928a7951704', 'c4a702a0-fe9f-4b9d-9368-8c16b85358d4', '1755db32-c5f9-4297-83bb-f23dbade51ee', '2017-06-12', 391, 3),
('4ec4c5f0-a926-4c07-88ba-3ab12b48d339', '67d00ce2-0cf7-40be-bcb5-c8ffdbe8492e', '1755db32-c5f9-4297-83bb-f23dbade51ee', '2018-02-24', 200, 5),
('4ed59c54-4d6d-457a-87c0-d47de56b4c74', '353ad7b0-4529-42be-850c-ee3ea0544c16', '1755db32-c5f9-4297-83bb-f23dbade51ee', '2019-07-15', 121, 11),
('4f197ce4-118e-4ba3-8ba5-8cb8a6cb0758', 'ff7dc571-8e0d-4168-a738-440859677598', '1755db32-c5f9-4297-83bb-f23dbade51ee', '2018-03-09', 343, 17),
('4f85b128-77b0-447b-9599-c3429099c5c1', 'eed10dd2-3b07-4b48-8c9b-75bd052a94e7', 'c1519b89-73ad-444e-93c6-2cba8eb9f124', '2019-04-07', 1918, 4),
('4fab9eeb-ade8-4bb3-9179-0437c9f676db', '20cbcf02-9ca1-49e4-a84b-3cfe50ae0e1d', '1755db32-c5f9-4297-83bb-f23dbade51ee', '2018-10-25', 673, 20),
('4fef5b48-4329-448e-b8a4-4e8a9f95bea6', '5d77b84f-b325-43c6-abe1-cd1008a89dca', '1755db32-c5f9-4297-83bb-f23dbade51ee', '2018-04-26', 1214, 0),
('5038621e-8328-4feb-9208-d66adaa8ec1c', '175af4e1-11e3-4857-9f4f-fe17444fb973', '1755db32-c5f9-4297-83bb-f23dbade51ee', '2018-12-17', 240, 1),
('503cb1c0-e0dc-4a42-8e81-238f3a08bb99', 'c4a702a0-fe9f-4b9d-9368-8c16b85358d4', '42d3f05e-9625-4d4f-994c-860b0233b464', '2018-04-13', 960, 7),
('503e4103-e7f9-440d-a5c6-309e809cf67d', '5e90ccf5-e0f0-43de-acfb-ece9ace1a1f4', 'c1519b89-73ad-444e-93c6-2cba8eb9f124', '2018-05-03', 209, 10),
('505006d2-5c9c-4905-944d-6a2c50e2637c', '8788d95f-cacb-43d4-a03c-d12244a28091', '1755db32-c5f9-4297-83bb-f23dbade51ee', '2017-01-19', 400, 5),
('5071dc72-9e2f-43fe-9f49-1b3105ac70a3', 'a47fec31-0b0d-4772-9590-298ffaffee33', '42d3f05e-9625-4d4f-994c-860b0233b464', '2018-09-01', 517, 7),
('50a021bf-01d9-4b11-8896-1f38fdad4f9b', 'd45be056-b962-4328-900a-6fcfd5b3f0fd', '1755db32-c5f9-4297-83bb-f23dbade51ee', '2017-04-24', 325, 4),
('50a72fb4-d647-4d2a-beb3-fd9dec840f86', '99679ff0-49a2-43c1-b4ca-7f1ba4b1b923', '1755db32-c5f9-4297-83bb-f23dbade51ee', '2018-08-24', 398, 15),
('50fdc9ac-5653-464a-a35d-bf62a3cbf2a9', 'e0eb6cf0-2b3f-444d-a1c0-0d1d686df250', '1755db32-c5f9-4297-83bb-f23dbade51ee', '2015-05-04', 676, 2),
('512c3413-19ba-48d0-ac9a-70038c7b4109', 'e0eb6cf0-2b3f-444d-a1c0-0d1d686df250', '1755db32-c5f9-4297-83bb-f23dbade51ee', '2016-09-23', 970, 8),
('5170173a-881c-49ee-adb8-d58e2aa50c42', '08d5f28a-4aae-4ea5-8b9c-e70dbc99414e', 'c1519b89-73ad-444e-93c6-2cba8eb9f124', '2018-10-25', 102, 9),
('517f190a-4e8b-4fc2-a55e-47305e469bc9', 'fb1dc0b1-c264-4834-b749-73b3757b543a', '1755db32-c5f9-4297-83bb-f23dbade51ee', '2017-08-29', 897, 28),
('51c06be0-6d6e-44a5-b157-3a20884ce609', '976a38c8-8847-4d69-b50f-31cac1368c33', '1755db32-c5f9-4297-83bb-f23dbade51ee', '2017-01-17', 828, 10),
('529bba4e-4f8a-4d5b-a552-a2f9f96131fc', '0d1164c8-86cb-4fac-b8c7-924e5a1fb768', '1755db32-c5f9-4297-83bb-f23dbade51ee', '2018-08-21', 132, 20),
('52bbac76-bbf8-42cd-956e-d92c77d1f4b4', '1035392f-6a21-461c-b073-38509318da77', '1755db32-c5f9-4297-83bb-f23dbade51ee', '2018-04-19', 59, 5),
('52eb0e54-001d-4540-a986-d80725dc7228', 'c3c897d1-e0bc-4baf-8c98-e1c794db8106', '1755db32-c5f9-4297-83bb-f23dbade51ee', '2019-05-22', 245, 1),
('534d0234-41a1-4c10-894b-4e8c26c82d31', '07a700d3-8302-408b-81fa-437b8f484156', '1755db32-c5f9-4297-83bb-f23dbade51ee', '2019-04-06', 1094, 0),
('53cde100-854b-46fd-914a-5423963a831a', 'fb1dc0b1-c264-4834-b749-73b3757b543a', '1755db32-c5f9-4297-83bb-f23dbade51ee', '2018-09-08', 2161, 40),
('53ee18f0-7eb6-43a8-9f2d-fa9eb3369878', '711cee40-f409-4553-a77b-2ce1655ea8f1', '1755db32-c5f9-4297-83bb-f23dbade51ee', '2016-12-14', 1426, 0),
('53f2bdcd-22dd-43e2-8df2-2b207e99eb93', '30b365a3-ea18-4b03-bed3-68e9c7540418', '1755db32-c5f9-4297-83bb-f23dbade51ee', '2017-03-01', 305, 4),
('5408a2af-747e-4c57-b6e6-235795aba412', 'e0eb6cf0-2b3f-444d-a1c0-0d1d686df250', '1755db32-c5f9-4297-83bb-f23dbade51ee', '2019-07-02', 304, 22),
('542c62d8-13a5-4076-9765-96fa4dd66fcc', 'd4e675e8-6a12-4617-8be8-33e489832288', '1755db32-c5f9-4297-83bb-f23dbade51ee', '2018-10-26', 233, 3),
('54468b7e-1c19-4a1b-ac54-0e552a0fbb1f', 'c8f9688d-fb74-4bfa-98dd-81b36b6abd03', '42d3f05e-9625-4d4f-994c-860b0233b464', '2018-11-22', 1090, 2),
('54791e1f-9508-4cdd-8381-2e2d0ddd5881', '44d52ed0-5873-4c12-9b20-ab492be71bc3', '42d3f05e-9625-4d4f-994c-860b0233b464', '2017-11-06', 1429, 0),
('54819017-fd00-4679-aa04-edbf1c1ab103', 'f1f519d3-1d71-4a84-ac79-86cbdaa34bed', '1755db32-c5f9-4297-83bb-f23dbade51ee', '2018-01-30', 610, 1),
('5493e47f-bc27-4e65-b3fc-f2c55016bbf9', '09f62d80-d97d-44f9-bd71-46245e371c82', '42d3f05e-9625-4d4f-994c-860b0233b464', '2018-11-08', 675, 3),
('54bc2bba-42e2-4d8b-bb3a-94fc8391fcfb', '9940daed-9b10-4a9d-a61f-f127f9bc4a98', '1755db32-c5f9-4297-83bb-f23dbade51ee', '2019-04-02', 331, 1),
('54e1e776-4fc6-49df-be24-2c7424f92414', '49543aba-422e-411a-9e36-3f7e57661240', '1755db32-c5f9-4297-83bb-f23dbade51ee', '2019-09-05', 125, 4),
('550a83bf-1dc5-430d-a9b9-179dfa4bc56f', '031a0735-705a-48c9-ad36-0a56f30a514f', '1755db32-c5f9-4297-83bb-f23dbade51ee', '2017-10-04', 611, 2),
('555ff9e5-1ee3-4e46-9780-e8ca8758d434', '7005d9a7-f88f-43be-85f0-a54c5d07d0d3', '1755db32-c5f9-4297-83bb-f23dbade51ee', '2019-05-27', 85, 5),
('55602147-ba4e-4bd5-9bb0-04cdb644f2b5', '30b365a3-ea18-4b03-bed3-68e9c7540418', '1755db32-c5f9-4297-83bb-f23dbade51ee', '2016-07-19', 1127, 0),
('5572c90a-69d6-4eae-a133-bc3cae421207', '711cee40-f409-4553-a77b-2ce1655ea8f1', '1755db32-c5f9-4297-83bb-f23dbade51ee', '2018-04-15', 320, 2),
('557408df-3b2c-483c-a64a-508f53f94a5f', '7c44b365-7f00-4618-bbb4-04ee46f4c431', '1755db32-c5f9-4297-83bb-f23dbade51ee', '2017-12-05', 643, 0),
('557a55fb-984d-4d7e-aa72-5de2e01c82cb', '04655c1b-536d-493f-a463-9f7998369294', 'c1519b89-73ad-444e-93c6-2cba8eb9f124', '2019-05-09', 237, 4),
('55827ba3-e2fc-46de-a204-0e156d99ce06', 'd4948451-9034-46be-92a3-386b7b8c4859', '1755db32-c5f9-4297-83bb-f23dbade51ee', '2018-04-16', 556, 0),
('558f56d1-7cb0-48a1-9fed-99956e0c254f', 'a70c452f-d890-438e-a9be-fb6d990457f8', '1755db32-c5f9-4297-83bb-f23dbade51ee', '2018-07-25', 303, 3),
('55bf2877-a39a-424d-a06a-2c73d6a64727', '30b365a3-ea18-4b03-bed3-68e9c7540418', 'c1519b89-73ad-444e-93c6-2cba8eb9f124', '2017-07-19', 1581, 7),
('55e9572e-220b-44c2-9526-903fb3f9de08', '25eefef9-aa05-4f73-9c9a-331f9ac2050b', '42d3f05e-9625-4d4f-994c-860b0233b464', '2019-02-20', 471, 2),
('55edc22d-3468-44a3-bd6c-1edd02b45fec', '1035392f-6a21-461c-b073-38509318da77', '42d3f05e-9625-4d4f-994c-860b0233b464', '2017-09-27', 1345, 0),
('567d0b5c-c1f0-4cfa-bae5-b15e79603bf6', 'fb1dc0b1-c264-4834-b749-73b3757b543a', '1755db32-c5f9-4297-83bb-f23dbade51ee', '2014-09-08', 473, 3),
('5695f40c-a3e2-4b8a-bf85-b582d0995c43', '094565ce-33ac-4c05-b03e-a1d7969f67f4', '1755db32-c5f9-4297-83bb-f23dbade51ee', '2019-07-11', 346, 5),
('56b6f5bd-7d7e-4915-93c4-71b022b04a75', '2b8a5f6e-1d2d-42cc-9824-354c535eca09', '1755db32-c5f9-4297-83bb-f23dbade51ee', '2018-06-25', 651, 0),
('57125f39-8812-4d88-add4-46cd9edbb52d', '30b365a3-ea18-4b03-bed3-68e9c7540418', '42d3f05e-9625-4d4f-994c-860b0233b464', '2017-11-14', 374, 8),
('574621a6-0470-4a20-9745-f46458785383', '08d5f28a-4aae-4ea5-8b9c-e70dbc99414e', '42d3f05e-9625-4d4f-994c-860b0233b464', '2013-01-01', 710, 8),
('5751e9e8-23bf-45f6-8cfe-572d032534b7', 'ba344266-da5d-4fd8-be06-b0ab7b095090', '1755db32-c5f9-4297-83bb-f23dbade51ee', '2017-12-19', 887, 0),
('57731334-2354-441c-8853-f8f93ecaf951', '8b631c3a-d29c-4847-a6c1-7bf75eda3951', '42d3f05e-9625-4d4f-994c-860b0233b464', '2017-12-08', 571, 2),
('577410ce-4ebd-4f04-891b-cf1b419c84bb', '20cbcf02-9ca1-49e4-a84b-3cfe50ae0e1d', '1755db32-c5f9-4297-83bb-f23dbade51ee', '2016-07-01', 408, 1),
('57adca58-31af-406e-9055-c54d0d36fe5e', '330bf4a1-13e7-48c2-a9cf-1b7fa160eb7f', '1755db32-c5f9-4297-83bb-f23dbade51ee', '2016-01-21', 195, 1),
('57d16412-d825-4705-b83f-eccfaaf62255', '3a1364f5-da18-4583-92ba-a45e1bc548a2', '1755db32-c5f9-4297-83bb-f23dbade51ee', '2017-03-02', 379, 3),
('57f8b5c7-0ccb-476e-b4a8-414c42cf3d2d', '0d1164c8-86cb-4fac-b8c7-924e5a1fb768', '1755db32-c5f9-4297-83bb-f23dbade51ee', '2016-09-04', 65, 4),
('587a26cc-4458-4e49-8e5c-49133df6f99e', '4f152e7a-1285-45db-a753-0fbdf60c0f09', '1755db32-c5f9-4297-83bb-f23dbade51ee', '2019-09-05', 228, 7),
('589f318d-d161-40b8-b2d3-ff5a1a9e229d', '09f62d80-d97d-44f9-bd71-46245e371c82', '42d3f05e-9625-4d4f-994c-860b0233b464', '2018-09-28', 1119, 2),
('58b2525d-6417-4f98-b965-2b16b67a9280', 'a47fec31-0b0d-4772-9590-298ffaffee33', '42d3f05e-9625-4d4f-994c-860b0233b464', '2018-06-05', 309, 3),
('58cd386b-17f6-45e0-b452-f03fa2476c21', 'f8cb1f36-fb4d-498a-98c9-cb67f85e55d5', '1755db32-c5f9-4297-83bb-f23dbade51ee', '2016-08-27', 555, 5),
('591f5042-5036-4ed2-a1d2-dacd8f72a6fe', 'a47fec31-0b0d-4772-9590-298ffaffee33', '1755db32-c5f9-4297-83bb-f23dbade51ee', '2019-07-18', 362, 26),
('595ed11c-f4f9-41f4-9c0c-d005500ccff9', 'a47fec31-0b0d-4772-9590-298ffaffee33', 'c1519b89-73ad-444e-93c6-2cba8eb9f124', '2019-05-02', 237, 23),
('597a77cc-9adb-4958-a100-2e3b3dc29eb7', '31e8e18b-450f-4657-99c9-96a60ec60241', '42d3f05e-9625-4d4f-994c-860b0233b464', '2019-08-27', 491, 5),
('597aa3e2-e170-4625-ba6c-ad070b391846', '31e49c81-1b6d-47bb-a608-0a7f6360c740', '42d3f05e-9625-4d4f-994c-860b0233b464', '2018-10-01', 760, 2),
('598c3c4b-28af-4d3a-ba49-d726c841090b', '4f2d86df-acd0-4226-a03d-6b5ab5fd0f5c', '1755db32-c5f9-4297-83bb-f23dbade51ee', '2016-05-02', 412, 0),
('5992c6b2-c6f5-4daa-8747-caff99750a67', '13f8a733-eba2-44ed-81f5-6589edbda03f', '1755db32-c5f9-4297-83bb-f23dbade51ee', '2019-03-19', 454, 1),
('59b16b2f-e304-413e-ae5d-62c019ddbc24', '95d30308-3584-4e01-a3e2-f53e6f902be7', '1755db32-c5f9-4297-83bb-f23dbade51ee', '2019-01-18', 279, 10),
('59b47654-b4bc-47fc-b587-c1025ef5739f', '3f808819-4e72-4295-bdef-32ba43ae358d', '1755db32-c5f9-4297-83bb-f23dbade51ee', '2018-03-21', 612, 11),
('59eee6be-6e33-4d78-9832-6ce08d88ac3a', 'fb1dc0b1-c264-4834-b749-73b3757b543a', '1755db32-c5f9-4297-83bb-f23dbade51ee', '2018-01-15', 10, 33),
('59f28b46-eb0d-4095-989e-e7adf126e834', 'd182ad79-9def-46b2-8b6a-73ff57c93ea5', '1755db32-c5f9-4297-83bb-f23dbade51ee', '2018-03-16', 325, 12),
('5a0961ff-0b55-41ae-b2da-72d86dc82987', '976a38c8-8847-4d69-b50f-31cac1368c33', 'c1519b89-73ad-444e-93c6-2cba8eb9f124', '2017-11-08', 350, 17),
('5a0e84b4-97cf-43a8-81c5-cdefbcfc65bf', '98944b97-5576-47d8-b579-a07694782ae5', '1755db32-c5f9-4297-83bb-f23dbade51ee', '2017-12-28', 394, 1),
('5b1ee124-8b2f-4ec4-8509-f6e5e1312928', 'd4e675e8-6a12-4617-8be8-33e489832288', '42d3f05e-9625-4d4f-994c-860b0233b464', '2018-04-13', 1264, 2),
('5b2fb0a8-9078-44fa-9875-34f370975e78', 'cdf350e5-041f-441b-abfb-568af4a5c566', '1755db32-c5f9-4297-83bb-f23dbade51ee', '2019-02-07', 560, 0),
('5b510259-6b43-4371-b63a-98f6d58139dd', '43dea3b8-d8a2-48fd-a760-6627e36641c1', '42d3f05e-9625-4d4f-994c-860b0233b464', '2017-09-25', 312, 3),
('5b7b4007-66ea-4576-8564-36c1afa6cbbf', '0d1164c8-86cb-4fac-b8c7-924e5a1fb768', '1755db32-c5f9-4297-83bb-f23dbade51ee', '2017-10-10', 54, 15),
('5bb1d95e-3b3e-4d02-9786-3f263de22122', '67d00ce2-0cf7-40be-bcb5-c8ffdbe8492e', '1755db32-c5f9-4297-83bb-f23dbade51ee', '2018-08-27', 732, 8),
('5beffdef-fa12-4e53-b049-af93c9e5c488', '3998b404-4b67-4729-8eaa-048e67687c34', '1755db32-c5f9-4297-83bb-f23dbade51ee', '2017-11-28', 476, 13),
('5c20b117-cf32-4a0a-88ed-195792997966', '20cbcf02-9ca1-49e4-a84b-3cfe50ae0e1d', '1755db32-c5f9-4297-83bb-f23dbade51ee', '2017-10-02', 621, 9),
('5c881941-47c7-448a-9aa4-161df1cc83b0', 'a8b7707d-c5e9-4f24-ab12-9e0d10ad1b3d', '1755db32-c5f9-4297-83bb-f23dbade51ee', '2019-01-31', 183, 1),
('5ca17e69-9b0b-41a0-99b2-7451baa16c09', 'c76f71d9-6c54-488b-9262-6f1f724f11a7', '1755db32-c5f9-4297-83bb-f23dbade51ee', '2016-08-04', 129, 1),
('5ca6e94f-eb70-4cb2-8615-807c10871f08', '102a5eba-a502-4780-a82a-06f0caa11bda', '1755db32-c5f9-4297-83bb-f23dbade51ee', '2019-09-08', 1548, 1),
('5cb9b0db-2430-4157-afd0-785c3bed84b4', '8725b48c-a5ac-44b4-aab3-debc3afd8686', 'c1519b89-73ad-444e-93c6-2cba8eb9f124', '2018-02-17', 462, 1),
('5cd8a612-dcc5-4083-a1a2-dab7aae1b341', 'bb3c4465-3e4b-4149-8340-698926f89ec0', '1755db32-c5f9-4297-83bb-f23dbade51ee', '2018-04-16', 619, 3),
('5d08db7f-6767-4cd0-b2da-2fcefebfcba9', '3a1364f5-da18-4583-92ba-a45e1bc548a2', '1755db32-c5f9-4297-83bb-f23dbade51ee', '2018-03-12', 796, 12),
('5d231def-d909-4c0c-94d7-68aff8de3573', 'fec47f25-9c7c-4038-ab1b-58a5d7a2397f', 'c1519b89-73ad-444e-93c6-2cba8eb9f124', '2019-07-23', 2020, 12),
('5d553079-0bdd-4cd3-a297-09624c8c8e0e', 'd182ad79-9def-46b2-8b6a-73ff57c93ea5', '1755db32-c5f9-4297-83bb-f23dbade51ee', '2017-10-02', 329, 10),
('5d5a66cf-0d6c-4652-96b0-3eb245924e31', '89d15773-e72c-4f35-b688-697b49e77841', '1755db32-c5f9-4297-83bb-f23dbade51ee', '2019-06-12', 326, 1),
('5d968104-fcee-4f2b-b602-523f37eb6f90', '28d3077c-9713-44bd-b2db-f72d26fa86fd', '42d3f05e-9625-4d4f-994c-860b0233b464', '2017-09-14', 595, 4),
('5da73ce3-4e50-43b9-be48-3897b49d5efd', 'fe0ff5ab-8a0f-4474-98e8-ad448dc35fe6', '1755db32-c5f9-4297-83bb-f23dbade51ee', '2019-07-09', 512, 10),
('5dbfb9ea-686b-4eb8-8fc1-a8fd1beba910', '2778d4a5-3e52-4aeb-8590-e488a5b3603e', '42d3f05e-9625-4d4f-994c-860b0233b464', '2018-05-18', 617, 7),
('5dd30740-fdb1-4079-94ab-cbcfb736726e', '28d3077c-9713-44bd-b2db-f72d26fa86fd', 'c1519b89-73ad-444e-93c6-2cba8eb9f124', '2018-09-07', 297, 11),
('5de3d40f-da4b-42fa-8919-7a6f52ddba59', '28d3077c-9713-44bd-b2db-f72d26fa86fd', '1755db32-c5f9-4297-83bb-f23dbade51ee', '2017-01-27', 700, 2),
('5de8c7ef-c0b3-4fa4-afd3-8de5fe78ee47', '3f808819-4e72-4295-bdef-32ba43ae358d', '1755db32-c5f9-4297-83bb-f23dbade51ee', '2016-06-24', 872, 6),
('5e2a79e8-6392-499c-b0da-076779cbb3b4', '67d00ce2-0cf7-40be-bcb5-c8ffdbe8492e', '1755db32-c5f9-4297-83bb-f23dbade51ee', '2017-05-06', 304, 1),
('5e44f34c-870d-495e-af91-e5a739dbbf22', '1035392f-6a21-461c-b073-38509318da77', '42d3f05e-9625-4d4f-994c-860b0233b464', '2018-04-12', 1212, 4),
('5e5c59c3-c753-4262-a5cd-30d7148ea77d', '94ec3fb0-915b-4ea6-bf74-eb45ac8158f6', '1755db32-c5f9-4297-83bb-f23dbade51ee', '2019-09-05', 149, 1),
('5e6945b2-bbd8-47b0-92ac-05f0fb7f8340', '9209a147-9e57-40e5-a018-512326b7929e', '1755db32-c5f9-4297-83bb-f23dbade51ee', '2017-07-25', 400, 0),
('5e7ef7b7-5d28-4abb-995b-5c8b59a8f482', 'ed2dd713-373c-441c-a75a-ae81ff608e46', '1755db32-c5f9-4297-83bb-f23dbade51ee', '2019-09-25', 326, 1),
('5eab7313-1f68-443e-9728-ff7c8977fc0f', 'a7f82870-b88c-4118-b52b-2fdde8ac4916', '1755db32-c5f9-4297-83bb-f23dbade51ee', '2018-06-14', 602, 2),
('5ec2d321-adff-429a-ba8a-f669aa50bedb', 'fd0112ec-a41e-47c5-83d6-c863d52a66b2', '1755db32-c5f9-4297-83bb-f23dbade51ee', '2018-03-08', 174, 17),
('5f04917f-31d0-479c-8d32-7589b16837c8', 'fd0112ec-a41e-47c5-83d6-c863d52a66b2', '1755db32-c5f9-4297-83bb-f23dbade51ee', '2015-08-24', 435, 2),
('5f264436-47ad-42bd-ae8c-cf002f11f88e', '2778d4a5-3e52-4aeb-8590-e488a5b3603e', '1755db32-c5f9-4297-83bb-f23dbade51ee', '2016-11-09', 567, 2),
('5f2e5166-611c-43cd-b20e-0aa9559853ed', '8b631c3a-d29c-4847-a6c1-7bf75eda3951', '42d3f05e-9625-4d4f-994c-860b0233b464', '2017-10-18', 744, 1),
('5f3e748d-7bf3-42b7-aa1a-0e4b267e4f6d', '1035392f-6a21-461c-b073-38509318da77', '42d3f05e-9625-4d4f-994c-860b0233b464', '2018-10-16', 671, 9),
('5f746884-d16c-45a3-a5ce-407ef3b2fe80', '7990fc46-6374-4c8b-86ba-e355832f1cbd', '42d3f05e-9625-4d4f-994c-860b0233b464', '2019-05-02', 441, 3),
('5f9239d4-535a-4af1-b022-7235668b1e13', 'fe0ff5ab-8a0f-4474-98e8-ad448dc35fe6', '1755db32-c5f9-4297-83bb-f23dbade51ee', '2019-04-01', 402, 7),
('5f9d6f13-8c05-4411-b2e9-212eca4d3f74', '353ad7b0-4529-42be-850c-ee3ea0544c16', '1755db32-c5f9-4297-83bb-f23dbade51ee', '2016-09-19', 315, 3),
('60069330-8461-4a42-b831-be5cc88a3f2e', '3a1364f5-da18-4583-92ba-a45e1bc548a2', '1755db32-c5f9-4297-83bb-f23dbade51ee', '2017-04-10', 199, 13),
('60136df3-c0a7-4495-9143-82dd79e75d47', '2b76b144-e408-4faf-b82a-60f57a2fb76c', '1755db32-c5f9-4297-83bb-f23dbade51ee', '2017-10-17', 440, 3),
('606c2cc0-1866-4234-a2d0-0e42415361a3', '031a0735-705a-48c9-ad36-0a56f30a514f', '1755db32-c5f9-4297-83bb-f23dbade51ee', '2017-05-03', 344, 1),
('609064d1-0254-47f1-bd0d-5304a280854d', 'b230df78-e1a0-4a58-b3fa-e0ae169a245f', '1755db32-c5f9-4297-83bb-f23dbade51ee', '2015-10-13', 337, 1),
('60c84138-ef62-4782-92eb-2fae2fdd36bb', '9940daed-9b10-4a9d-a61f-f127f9bc4a98', '1755db32-c5f9-4297-83bb-f23dbade51ee', '2018-12-10', 1202, 0),
('60ff563c-a828-4234-9552-fc48d518979d', 'f0c78b74-13d9-4b15-b383-82b63e192237', '1755db32-c5f9-4297-83bb-f23dbade51ee', '2019-04-06', 402, 14),
('61389fcd-0da1-4674-8843-be00a4b857d4', '7ac61b25-484f-4998-81bd-ca28cc078ef5', '1755db32-c5f9-4297-83bb-f23dbade51ee', '2018-10-25', 958, 3),
('6175c8c6-caca-400f-9b66-03b90eb26610', '571b93d6-e317-4b69-bee7-75d4061da2d3', '1755db32-c5f9-4297-83bb-f23dbade51ee', '2019-04-10', 368, 2),
('61795f13-2341-48cf-abad-7762f8737c0b', 'bde703ca-8d4b-4582-b2fd-9cd2c32b7915', '1755db32-c5f9-4297-83bb-f23dbade51ee', '2019-01-07', 451, 5),
('61b53d2b-d1b2-4e19-b5a4-407e5e51850c', 'c679be26-0eb8-47dd-a152-7d8942fbcb0f', '1755db32-c5f9-4297-83bb-f23dbade51ee', '2016-09-20', 454, 2),
('61dd9b33-f76c-4f70-bff2-88b88e69f522', '46698802-daa4-45f8-8884-61ccd1e7e46b', 'c1519b89-73ad-444e-93c6-2cba8eb9f124', '2018-09-05', 297, 3),
('61e59220-60cc-40e4-9b99-ed0945f7aed6', '6900dd28-c114-4be8-ba7f-ed10a1214bde', '1755db32-c5f9-4297-83bb-f23dbade51ee', '2017-03-03', 774, 4),
('61ee1b8e-5df8-4164-83ae-7770003ef27a', '2778d4a5-3e52-4aeb-8590-e488a5b3603e', '42d3f05e-9625-4d4f-994c-860b0233b464', '2019-02-14', 648, 11),
('61fb9fab-b844-4d5e-aab6-e40b6e8a5fa6', 'cb9ef960-0410-4748-91bf-34b5d49eb453', '1755db32-c5f9-4297-83bb-f23dbade51ee', '2017-07-20', 334, 6),
('62c70df0-3db4-490d-8502-b0fa02beb44e', 'fb1dc0b1-c264-4834-b749-73b3757b543a', '1755db32-c5f9-4297-83bb-f23dbade51ee', '2019-09-30', 1465, 42),
('62f1d66b-1fcd-4555-bf1b-5cd113004e3d', '0d1164c8-86cb-4fac-b8c7-924e5a1fb768', '1755db32-c5f9-4297-83bb-f23dbade51ee', '2017-01-26', 198, 9),
('62f72923-73d7-419b-b262-0e0dfd3b8229', '9b85b2c8-35f6-42a9-b4bf-e47519548a01', '1755db32-c5f9-4297-83bb-f23dbade51ee', '2018-11-15', 46, 5),
('63072b42-98fe-4202-997d-babf222ab650', 'd19f75ab-4b3c-475f-a265-26fa58d7de3f', '1755db32-c5f9-4297-83bb-f23dbade51ee', '2014-11-18', 44, 1),
('63123944-dde0-4ca8-872b-29ebd2aaabf5', 'fe0ff5ab-8a0f-4474-98e8-ad448dc35fe6', '1755db32-c5f9-4297-83bb-f23dbade51ee', '2019-05-25', 395, 8),
('63a6097e-5f22-401b-a48f-2a1dcb9f215c', 'fd0112ec-a41e-47c5-83d6-c863d52a66b2', '1755db32-c5f9-4297-83bb-f23dbade51ee', '2017-07-10', 99, 12),
('63b35763-72da-40fd-acc7-3097a760ed1f', '4f152e7a-1285-45db-a753-0fbdf60c0f09', '1755db32-c5f9-4297-83bb-f23dbade51ee', '2017-07-06', 500, 0),
('63fd093c-06c4-437d-8bbc-15a7ff793760', 'd182ad79-9def-46b2-8b6a-73ff57c93ea5', '42d3f05e-9625-4d4f-994c-860b0233b464', '2017-01-08', 1123, 9),
('646414d1-6b9e-4faa-ae13-03812439991d', 'b3e034b5-e502-415b-ba02-56119b1c2aa9', '1755db32-c5f9-4297-83bb-f23dbade51ee', '2019-03-11', 579, 3),
('64655ed8-a3c6-4165-8e34-ca652e600b6d', 'fb1dc0b1-c264-4834-b749-73b3757b543a', '1755db32-c5f9-4297-83bb-f23dbade51ee', '2018-01-07', 1868, 37),
('646a9b72-66d7-4cca-b2b3-8c129edf9485', '579b56b3-3f5c-4fbe-ab60-9ec245592313', '1755db32-c5f9-4297-83bb-f23dbade51ee', '2017-09-01', 571, 0),
('648db934-98b1-4395-b5a0-75d451327c62', '07a700d3-8302-408b-81fa-437b8f484156', 'c1519b89-73ad-444e-93c6-2cba8eb9f124', '2019-04-10', 1917, 1),
('64c87e9d-25a5-41ce-8f43-c532ad761f76', '3f808819-4e72-4295-bdef-32ba43ae358d', '1755db32-c5f9-4297-83bb-f23dbade51ee', '2015-11-05', 616, 1),
('657a79ad-eb0b-44b4-8dcd-07f7749251e7', '0d1164c8-86cb-4fac-b8c7-924e5a1fb768', '1755db32-c5f9-4297-83bb-f23dbade51ee', '2015-06-01', 500, 0),
('662c41f4-da38-498a-8245-b99931bd8c50', '2d2fb5dd-20d2-4bf2-8c41-888dbff3f8bd', '1755db32-c5f9-4297-83bb-f23dbade51ee', '2016-03-18', 333, 1),
('6630e89d-d1b4-4a9d-a4f9-29eaf021e7f6', 'a0b92d05-fc43-4d69-8288-ef2295f1c749', '1755db32-c5f9-4297-83bb-f23dbade51ee', '2017-09-26', 732, 0),
('66d9eaf5-50d4-4152-9263-23c4859a6223', '30b365a3-ea18-4b03-bed3-68e9c7540418', '42d3f05e-9625-4d4f-994c-860b0233b464', '2018-01-18', 247, 9),
('66fb0a83-c927-497d-b3ec-f34150978564', 'ff7dc571-8e0d-4168-a738-440859677598', '1755db32-c5f9-4297-83bb-f23dbade51ee', '2016-10-03', 600, 3),
('67eae5bc-0659-46d2-a0e3-8c0b34cdab74', '10d8e885-d9c5-4c9d-aa22-6b30727d970f', '1755db32-c5f9-4297-83bb-f23dbade51ee', '2017-06-13', 300, 4),
('6801143d-4828-4042-8d4b-84854f6ecad3', 'f0c78b74-13d9-4b15-b383-82b63e192237', '1755db32-c5f9-4297-83bb-f23dbade51ee', '2017-07-18', 125, 7),
('6820b018-9675-406f-98f8-c9c09a3f64a9', '47a478f9-1a62-4715-bdb7-c3df5f35cabe', '42d3f05e-9625-4d4f-994c-860b0233b464', '2019-09-21', 1520, 7),
('6840b876-1436-4499-b2e3-6431dad0a4fa', 'fe0ff5ab-8a0f-4474-98e8-ad448dc35fe6', '1755db32-c5f9-4297-83bb-f23dbade51ee', '2018-10-25', 999, 6),
('6860fa3a-eb00-456e-a1ec-7986be021cb5', '2778d4a5-3e52-4aeb-8590-e488a5b3603e', '42d3f05e-9625-4d4f-994c-860b0233b464', '2017-09-14', 679, 5),
('68736d3b-236b-4579-9607-9ebceb6618d3', 'fec47f25-9c7c-4038-ab1b-58a5d7a2397f', '1755db32-c5f9-4297-83bb-f23dbade51ee', '2018-09-07', 523, 5),
('689b529a-af2a-4463-85e8-5cbb3951de94', '7ed6dd06-abd4-4b7d-b101-6de9b7ef1282', '1755db32-c5f9-4297-83bb-f23dbade51ee', '2019-04-07', 1720, 7),
('68c88077-f167-4fbf-b71f-1e10ff3310b3', '218f4274-14b9-4594-b834-c19326e37a25', '42d3f05e-9625-4d4f-994c-860b0233b464', '2018-05-02', 222, 5),
('68fa2fbd-e178-4139-9328-40b4dee1e99c', 'cb9ef960-0410-4748-91bf-34b5d49eb453', '1755db32-c5f9-4297-83bb-f23dbade51ee', '2016-12-22', 526, 4),
('690a0575-abbc-4408-9740-dd6bb052baef', '3736296b-00b2-401c-a689-3e499bdfb762', '1755db32-c5f9-4297-83bb-f23dbade51ee', '2019-06-09', 753, 1),
('692d7440-4c9a-4536-9d83-e11b4f68b8fb', '67d00ce2-0cf7-40be-bcb5-c8ffdbe8492e', '1755db32-c5f9-4297-83bb-f23dbade51ee', '2018-06-19', 565, 7),
('6937d29d-bd7b-406b-bf85-70bf7c6ee602', '2d2fb5dd-20d2-4bf2-8c41-888dbff3f8bd', '1755db32-c5f9-4297-83bb-f23dbade51ee', '2018-11-05', 53, 8),
('696a716c-39d5-4f19-9e4a-ba0c7cf29dc0', 'ff7dc571-8e0d-4168-a738-440859677598', '1755db32-c5f9-4297-83bb-f23dbade51ee', '2017-06-25', 585, 11),
('69800016-65ca-426a-9fb0-b342f3e25ac1', '3f808819-4e72-4295-bdef-32ba43ae358d', '1755db32-c5f9-4297-83bb-f23dbade51ee', '2018-06-13', 395, 13),
('69806be7-1c36-494e-88e3-1673ac514308', '571b93d6-e317-4b69-bee7-75d4061da2d3', '1755db32-c5f9-4297-83bb-f23dbade51ee', '2019-03-24', 944, 1),
('69976184-bed2-4d56-aabf-d818fb7d013e', 'de63fa06-7b25-439e-98b2-0b936a516e6d', '1755db32-c5f9-4297-83bb-f23dbade51ee', '2019-07-03', 327, 4),
('69bfce0e-4261-4313-b11c-7fab893c41a9', 'fec47f25-9c7c-4038-ab1b-58a5d7a2397f', '1755db32-c5f9-4297-83bb-f23dbade51ee', '2018-06-16', 143, 4),
('69df1b2b-2202-416e-a74a-a808b9340d73', '65d9649a-8e6d-4189-8c75-95e2cb6efc6e', '1755db32-c5f9-4297-83bb-f23dbade51ee', '2017-07-24', 689, 0),
('69e9e128-98e6-4200-a51f-f6cf1332eb79', '44e6eade-db62-4955-a28a-29c1e234e257', '1755db32-c5f9-4297-83bb-f23dbade51ee', '2019-09-30', 360, 7),
('6a225270-9e8a-446c-b6a3-ecf5f5f6b841', '44d52ed0-5873-4c12-9b20-ab492be71bc3', '42d3f05e-9625-4d4f-994c-860b0233b464', '2018-10-22', 1350, 4),
('6a4bbf42-e0cc-4a72-b3bb-d0c2222574f5', 'fb1dc0b1-c264-4834-b749-73b3757b543a', '1755db32-c5f9-4297-83bb-f23dbade51ee', '2019-06-24', 965, 39),
('6aa74fa3-2739-4fef-aaa5-44f476bad381', 'fd0112ec-a41e-47c5-83d6-c863d52a66b2', '1755db32-c5f9-4297-83bb-f23dbade51ee', '2015-09-16', 108, 1),
('6ab23cad-7739-4e58-b94d-213f37bbdf9e', 'd182ad79-9def-46b2-8b6a-73ff57c93ea5', '1755db32-c5f9-4297-83bb-f23dbade51ee', '2017-02-01', 321, 7),
('6ad424bc-f644-4283-bbdc-c75dc836c50b', 'd45be056-b962-4328-900a-6fcfd5b3f0fd', '1755db32-c5f9-4297-83bb-f23dbade51ee', '2016-01-08', 370, 2),
('6ae0d8cb-d994-4495-998d-d92581295b26', '218f4274-14b9-4594-b834-c19326e37a25', '42d3f05e-9625-4d4f-994c-860b0233b464', '2019-06-25', 574, 7),
('6b17d549-74d0-4b96-a7bc-5a185021732f', '8b631c3a-d29c-4847-a6c1-7bf75eda3951', '42d3f05e-9625-4d4f-994c-860b0233b464', '2018-06-28', 432, 4),
('6b251381-46c3-4f37-9a94-ef7a9b52a43d', '7c44b365-7f00-4618-bbb4-04ee46f4c431', '1755db32-c5f9-4297-83bb-f23dbade51ee', '2018-09-25', 170, 1),
('6b571f09-d9b3-4b53-959b-76c1baff3806', 'e0eb6cf0-2b3f-444d-a1c0-0d1d686df250', '1755db32-c5f9-4297-83bb-f23dbade51ee', '2015-04-04', 544, 1),
('6b8f0c53-d89a-4f27-85e3-6104e1c37c1c', 'c679be26-0eb8-47dd-a152-7d8942fbcb0f', '1755db32-c5f9-4297-83bb-f23dbade51ee', '2016-06-22', 229, 1),
('6b9930ec-171b-42ba-a68d-6b224243045c', '46698802-daa4-45f8-8884-61ccd1e7e46b', '1755db32-c5f9-4297-83bb-f23dbade51ee', '2018-06-25', 767, 0),
('6ba5b42c-caba-42b5-83fd-928cb78657b2', '0d1164c8-86cb-4fac-b8c7-924e5a1fb768', '1755db32-c5f9-4297-83bb-f23dbade51ee', '2017-03-01', 54, 10),
('6ba9eb9b-9cc4-40d5-96a8-92b981e3261e', '99679ff0-49a2-43c1-b4ca-7f1ba4b1b923', '1755db32-c5f9-4297-83bb-f23dbade51ee', '2014-11-12', 3644, 0),
('6bb29be1-9a53-4a71-a8cc-e11276b56f38', '47a478f9-1a62-4715-bdb7-c3df5f35cabe', '42d3f05e-9625-4d4f-994c-860b0233b464', '2018-12-04', 615, 3),
('6bc5b01a-8605-448a-b1f8-60d4d2cc83c9', '04655c1b-536d-493f-a463-9f7998369294', '42d3f05e-9625-4d4f-994c-860b0233b464', '2019-03-06', 397, 2),
('6bec1eb6-b4f3-4cdf-98c4-cae41cbe1fd7', 'a47fec31-0b0d-4772-9590-298ffaffee33', '42d3f05e-9625-4d4f-994c-860b0233b464', '2019-04-11', 352, 21),
('6cfacd1f-151c-45c1-9cef-79955627b413', '2d2fb5dd-20d2-4bf2-8c41-888dbff3f8bd', 'c1519b89-73ad-444e-93c6-2cba8eb9f124', '2019-04-27', 159, 12),
('6d2ecc47-5d12-4b57-a0df-8e9c055cb124', 'ff7dc571-8e0d-4168-a738-440859677598', '1755db32-c5f9-4297-83bb-f23dbade51ee', '2019-05-04', 322, 27),
('6d4dbce2-d96a-4259-949f-8da9952ca7cd', '8788d95f-cacb-43d4-a03c-d12244a28091', 'c1519b89-73ad-444e-93c6-2cba8eb9f124', '2017-05-17', 1582, 7),
('6d664d7c-83a7-4da3-aea9-f71e5995fda2', '49543aba-422e-411a-9e36-3f7e57661240', '1755db32-c5f9-4297-83bb-f23dbade51ee', '2018-06-28', 355, 1),
('6dcc1055-031f-4e25-bffc-9f460fd38833', '8e01fdd2-9925-4500-a89d-43da6a345275', '1755db32-c5f9-4297-83bb-f23dbade51ee', '2018-11-08', 995, 0),
('6e31540b-b1de-4809-9fb6-a157076ef63f', '99679ff0-49a2-43c1-b4ca-7f1ba4b1b923', '1755db32-c5f9-4297-83bb-f23dbade51ee', '2017-07-07', 2007, 8),
('6e68e7e7-bf2c-4005-a415-9dc4a96298eb', 'fd0112ec-a41e-47c5-83d6-c863d52a66b2', '42d3f05e-9625-4d4f-994c-860b0233b464', '2018-08-23', 180, 24),
('6f23154e-c5bb-46f1-987c-ddd808179ea7', '7c887837-4de3-4aa0-b277-d319b42fa306', '1755db32-c5f9-4297-83bb-f23dbade51ee', '2017-04-07', 923, 0),
('6f44dba6-fdd9-46b4-895c-166772cc4c84', '67d00ce2-0cf7-40be-bcb5-c8ffdbe8492e', '1755db32-c5f9-4297-83bb-f23dbade51ee', '2017-02-10', 516, 0),
('6f679f4d-a6d3-4ee1-b4d9-79af43237f7a', '2d2fb5dd-20d2-4bf2-8c41-888dbff3f8bd', '42d3f05e-9625-4d4f-994c-860b0233b464', '2017-09-04', 777, 4),
('6f9300c8-29e8-4e93-bda4-942de63ea6bc', '7ed6dd06-abd4-4b7d-b101-6de9b7ef1282', '1755db32-c5f9-4297-83bb-f23dbade51ee', '2019-01-09', 371, 5),
('6fd0b6fc-9429-4c27-a00c-17eae70578f0', '3a1364f5-da18-4583-92ba-a45e1bc548a2', '1755db32-c5f9-4297-83bb-f23dbade51ee', '2016-04-14', 1640, 0),
('6fe1cc80-1423-42d5-9822-0e87e216e7df', 'b4ea967f-90ee-457b-8ce0-984c84f92587', '42d3f05e-9625-4d4f-994c-860b0233b464', '2017-06-08', 857, 1),
('704257e9-377b-4a62-9304-33591a5b72e3', 'dcb5b689-28ba-410f-a0fc-a7517d1f8100', '1755db32-c5f9-4297-83bb-f23dbade51ee', '2017-06-24', 196, 3),
('704c2386-3d7c-41a7-922e-baef71e6bb41', '79ecf165-d18a-47c3-bce6-f0adde06d53d', '1755db32-c5f9-4297-83bb-f23dbade51ee', '2018-10-21', 92, 4),
('7067d02d-cb57-4c19-9b77-a1fe410525e2', 'cbddf7a6-850d-4040-93dd-9a96b92dc4ff', '42d3f05e-9625-4d4f-994c-860b0233b464', '2018-03-04', 2157, 0),
('70a39cbc-2577-4ebf-b1a4-bff2deaa6f7c', 'f0c78b74-13d9-4b15-b383-82b63e192237', '1755db32-c5f9-4297-83bb-f23dbade51ee', '2019-02-27', 171, 13),
('70ebdafb-a49f-4df5-80f6-8f71b5e2b070', '3998b404-4b67-4729-8eaa-048e67687c34', '1755db32-c5f9-4297-83bb-f23dbade51ee', '2019-02-21', 622, 18),
('711c640f-d9e3-4936-90d1-069d00143d2d', '44d52ed0-5873-4c12-9b20-ab492be71bc3', '42d3f05e-9625-4d4f-994c-860b0233b464', '2019-07-08', 1027, 6),
('711d7c70-4a10-4ac6-acc3-7769ecd6698e', '4f2d86df-acd0-4226-a03d-6b5ab5fd0f5c', '42d3f05e-9625-4d4f-994c-860b0233b464', '2018-04-18', 588, 4),
('712741b4-10d1-4b3c-b1b6-2b7b27ce08f2', 'fb1dc0b1-c264-4834-b749-73b3757b543a', '1755db32-c5f9-4297-83bb-f23dbade51ee', '2018-09-10', 132, 41),
('71328158-d3dc-4b53-ade5-0783bcff4df7', 'f0c78b74-13d9-4b15-b383-82b63e192237', '1755db32-c5f9-4297-83bb-f23dbade51ee', '2015-09-10', 226, 1),
('716aff28-5cab-48e6-bbcf-d0a2acae615c', '9a5d72c4-265a-4c84-bcf2-9846178daa1f', '1755db32-c5f9-4297-83bb-f23dbade51ee', '2018-03-19', 732, 5),
('72110f35-0eee-4d91-af8d-65524a849919', '2b8a5f6e-1d2d-42cc-9824-354c535eca09', '1755db32-c5f9-4297-83bb-f23dbade51ee', '2019-01-25', 574, 2),
('7216a42f-fea1-490c-9315-540c8faa9cf9', 'd19f75ab-4b3c-475f-a265-26fa58d7de3f', '1755db32-c5f9-4297-83bb-f23dbade51ee', '2014-09-11', 950, 0),
('7232911a-4302-476b-a42b-1e63fbde5fea', '8b1674a5-4529-41a0-8007-94384694220e', '42d3f05e-9625-4d4f-994c-860b0233b464', '2017-06-07', 446, 1),
('7257ad50-d66d-4ff9-9ec5-23b88b9b0868', '976a38c8-8847-4d69-b50f-31cac1368c33', '1755db32-c5f9-4297-83bb-f23dbade51ee', '2015-11-26', 315, 2),
('72afe63b-6634-4ff2-98e4-ec518b311691', '6900dd28-c114-4be8-ba7f-ed10a1214bde', '1755db32-c5f9-4297-83bb-f23dbade51ee', '2017-07-19', 443, 5),
('72b55dad-beb8-42b1-81a2-f27abb6b7605', 'b4ea967f-90ee-457b-8ce0-984c84f92587', '42d3f05e-9625-4d4f-994c-860b0233b464', '2018-11-16', 300, 3),
('72b590b1-a60f-47af-9ed6-4939c4401efd', 'd19f75ab-4b3c-475f-a265-26fa58d7de3f', '42d3f05e-9625-4d4f-994c-860b0233b464', '2018-03-09', 124, 7),
('72eb4bf6-a792-43f7-aa6c-c0df1f759c37', 'fd0112ec-a41e-47c5-83d6-c863d52a66b2', '1755db32-c5f9-4297-83bb-f23dbade51ee', '2018-06-25', 118, 20),
('73290168-2505-42cf-9846-0f038d5d063b', '6900dd28-c114-4be8-ba7f-ed10a1214bde', '1755db32-c5f9-4297-83bb-f23dbade51ee', '2017-09-19', 621, 6),
('7367a991-026d-41c0-a95a-41aa694ac010', '527dd917-b7f3-4546-bd26-68cd37af9dc1', '1755db32-c5f9-4297-83bb-f23dbade51ee', '2018-09-02', 464, 1),
('736e3038-24ef-4a75-ac02-8889b17465a9', '89d15773-e72c-4f35-b688-697b49e77841', '1755db32-c5f9-4297-83bb-f23dbade51ee', '2019-07-17', 348, 2),
('73b39ce6-06fb-47f6-81e0-234ccf3c69a6', '579b56b3-3f5c-4fbe-ab60-9ec245592313', '1755db32-c5f9-4297-83bb-f23dbade51ee', '2018-04-10', 192, 1),
('7404028a-6d18-43ca-8c3b-c05022887b29', 'd182ad79-9def-46b2-8b6a-73ff57c93ea5', '1755db32-c5f9-4297-83bb-f23dbade51ee', '2014-09-08', 682, 0),
('741ec68c-1643-46f7-8aff-044f4d5dbf8d', 'fb1dc0b1-c264-4834-b749-73b3757b543a', '1755db32-c5f9-4297-83bb-f23dbade51ee', '2015-03-10', 815, 5),
('74b08e4f-418b-48d9-89c8-91084bc6cabf', '7c887837-4de3-4aa0-b277-d319b42fa306', '1755db32-c5f9-4297-83bb-f23dbade51ee', '2018-02-26', 181, 2),
('74b77577-be1c-4f90-b7e9-974350deec65', '85fe12ae-06a4-4e63-a3f0-f3f373886aa1', '42d3f05e-9625-4d4f-994c-860b0233b464', '2019-09-02', 438, 2),
('74dbd769-13a6-44a3-9238-beb9ef2c938d', '10d8e885-d9c5-4c9d-aa22-6b30727d970f', '1755db32-c5f9-4297-83bb-f23dbade51ee', '2018-03-08', 80, 5),
('75285d4d-be8b-496e-b24a-325b98861c45', 'bbfffef9-982b-4c5d-b72c-cfad21e78a6a', '1755db32-c5f9-4297-83bb-f23dbade51ee', '2018-09-28', 1023, 0),
('7561c255-85ef-4cff-9d4a-4ce287a38448', '46698802-daa4-45f8-8884-61ccd1e7e46b', '42d3f05e-9625-4d4f-994c-860b0233b464', '2019-05-16', 1160, 9),
('757964d9-cdce-4c96-89ac-36e75c5f1470', 'b4ea967f-90ee-457b-8ce0-984c84f92587', '1755db32-c5f9-4297-83bb-f23dbade51ee', '2017-01-10', 2413, 0),
('762ce981-a79c-400d-86cf-53a7fe48d546', '08d5f28a-4aae-4ea5-8b9c-e70dbc99414e', '42d3f05e-9625-4d4f-994c-860b0233b464', '2018-07-24', 116, 7),
('769842ed-24cf-4f1e-a5cc-41bcd4c24a41', 'a70c452f-d890-438e-a9be-fb6d990457f8', '1755db32-c5f9-4297-83bb-f23dbade51ee', '2018-02-01', 387, 1),
('76c2e81e-970a-411a-ac72-d6966c295910', '847d64db-bdc6-4834-b524-7a12782f25a6', 'c1519b89-73ad-444e-93c6-2cba8eb9f124', '2017-09-05', 161, 4),
('76e06cfe-0044-4ba3-997d-12dab949ce72', 'd182ad79-9def-46b2-8b6a-73ff57c93ea5', '1755db32-c5f9-4297-83bb-f23dbade51ee', '2015-12-02', 199, 4),
('76eceda9-95fe-4a4a-a0ba-97510b77d050', '3d8200b8-daf7-4ab2-900d-6c6186fe4731', '1755db32-c5f9-4297-83bb-f23dbade51ee', '2019-09-20', 348, 1),
('771e7fac-b333-4e34-9f94-ce2fa204ae2c', 'b826f736-d0c1-48d4-9831-c672020abe61', '42d3f05e-9625-4d4f-994c-860b0233b464', '2019-08-28', 477, 9),
('77ab9ff5-3063-4c49-ae71-5daf1db0f164', 'c70a9f12-f227-472a-ab0f-051642d749b6', '1755db32-c5f9-4297-83bb-f23dbade51ee', '2017-06-13', 150, 1),
('77cca3e9-73b9-4190-9c5c-3356de5171d8', 'ff7dc571-8e0d-4168-a738-440859677598', '1755db32-c5f9-4297-83bb-f23dbade51ee', '2016-07-05', 454, 2),
('77d33973-b0a6-40ca-a614-83af78889221', 'f6fdbba1-7e4e-429f-9701-81991fc728d3', '1755db32-c5f9-4297-83bb-f23dbade51ee', '2019-02-27', 323, 4),
('7914d6cf-6ad7-4f58-8627-a81b87001772', 'e8d2575a-00d1-4012-adb8-7c815a8e675d', '1755db32-c5f9-4297-83bb-f23dbade51ee', '2017-08-29', 197, 1),
('7915eeae-805b-43f0-ae24-68266ff38c8c', '8788d95f-cacb-43d4-a03c-d12244a28091', '42d3f05e-9625-4d4f-994c-860b0233b464', '2019-09-03', 958, 11),
('791e53e9-7804-40f1-a5ae-2ccabcbb1e02', '0d1164c8-86cb-4fac-b8c7-924e5a1fb768', '1755db32-c5f9-4297-83bb-f23dbade51ee', '2015-09-30', 303, 1),
('79379543-0dc2-44ba-afbe-32e33976a837', '20cbcf02-9ca1-49e4-a84b-3cfe50ae0e1d', '1755db32-c5f9-4297-83bb-f23dbade51ee', '2016-05-23', 1632, 0),
('79624943-cdd5-45d7-bb77-b5999c51e786', '984d12e8-7582-438e-81c0-86f968c89a85', '1755db32-c5f9-4297-83bb-f23dbade51ee', '2017-01-16', 1155, 0),
('799c1c60-f5c0-40d2-8533-5cc66c07751d', 'fd0112ec-a41e-47c5-83d6-c863d52a66b2', '42d3f05e-9625-4d4f-994c-860b0233b464', '2017-06-28', 951, 11),
('79d1b71e-10bf-4b57-a130-c348d3dfe707', '9a5d72c4-265a-4c84-bcf2-9846178daa1f', '1755db32-c5f9-4297-83bb-f23dbade51ee', '2016-08-24', 322, 2),
('79e61100-1f79-4da2-96ea-7ca766cdb21a', '0d1164c8-86cb-4fac-b8c7-924e5a1fb768', '1755db32-c5f9-4297-83bb-f23dbade51ee', '2016-12-14', 338, 8),
('7a10b726-0305-4448-89b8-473d8d466081', '976a38c8-8847-4d69-b50f-31cac1368c33', '42d3f05e-9625-4d4f-994c-860b0233b464', '2018-03-14', 453, 18),
('7a16d3f2-b3f3-40f7-93d2-2aab098f44a1', '175af4e1-11e3-4857-9f4f-fe17444fb973', '1755db32-c5f9-4297-83bb-f23dbade51ee', '2019-07-07', 663, 2),
('7a6c3849-280d-4f13-9a02-43fe135924dc', '6900dd28-c114-4be8-ba7f-ed10a1214bde', '1755db32-c5f9-4297-83bb-f23dbade51ee', '2016-11-15', 308, 3),
('7a9f46d0-67ba-4b04-b1df-8e8d55e6b93b', '3998b404-4b67-4729-8eaa-048e67687c34', '1755db32-c5f9-4297-83bb-f23dbade51ee', '2019-06-13', 439, 19),
('7aa94203-cd6d-49f6-956f-72b65675a0e8', '7ac61b25-484f-4998-81bd-ca28cc078ef5', '42d3f05e-9625-4d4f-994c-860b0233b464', '2017-11-02', 750, 2),
('7ad813be-ce5f-44d7-b304-031e338bcdf1', '2778d4a5-3e52-4aeb-8590-e488a5b3603e', 'c1519b89-73ad-444e-93c6-2cba8eb9f124', '2018-02-12', 322, 6),
('7aeb7a32-3b8f-45fd-932e-55f464854f6a', '99679ff0-49a2-43c1-b4ca-7f1ba4b1b923', '1755db32-c5f9-4297-83bb-f23dbade51ee', '2018-08-29', 1520, 16),
('7b04636e-c34d-492f-a601-0f8b00ad0226', 'ada52aeb-b321-4883-a35d-128cd1f47243', '1755db32-c5f9-4297-83bb-f23dbade51ee', '2019-03-26', 625, 3),
('7b4a7806-f7ac-4b32-8dba-0a0ffc461183', 'bde703ca-8d4b-4582-b2fd-9cd2c32b7915', '42d3f05e-9625-4d4f-994c-860b0233b464', '2019-09-20', 1023, 9),
('7b7c92ff-ba88-4ffb-85f7-c9a78914431e', '46698802-daa4-45f8-8884-61ccd1e7e46b', '42d3f05e-9625-4d4f-994c-860b0233b464', '2018-09-03', 196, 4),
('7ba351f0-aa14-4153-90c3-fc11ee169697', '617b897f-5bd7-491c-b70a-181e7124041e', '1755db32-c5f9-4297-83bb-f23dbade51ee', '2019-09-21', 120, 4),
('7befd542-fddb-4da7-9ee2-90239a3d7178', '847d64db-bdc6-4834-b524-7a12782f25a6', '1755db32-c5f9-4297-83bb-f23dbade51ee', '2019-06-28', 316, 7),
('7c2cf598-2ca2-4923-80db-cb6dd9762d50', '847d64db-bdc6-4834-b524-7a12782f25a6', '1755db32-c5f9-4297-83bb-f23dbade51ee', '2017-11-28', 1181, 0),
('7c3cefe2-ce4b-4a94-a579-4620b66d1f43', '28d3077c-9713-44bd-b2db-f72d26fa86fd', '42d3f05e-9625-4d4f-994c-860b0233b464', '2017-06-23', 2059, 3),
('7c7bfe34-d138-4310-a6d6-8009aca31a39', 'fb1dc0b1-c264-4834-b749-73b3757b543a', '1755db32-c5f9-4297-83bb-f23dbade51ee', '2017-12-22', 1306, 32),
('7ce95905-50fd-418f-8171-1399ca40cb07', '2d2fb5dd-20d2-4bf2-8c41-888dbff3f8bd', '1755db32-c5f9-4297-83bb-f23dbade51ee', '2018-07-16', 99, 7),
('7cf4a702-2cca-4bbb-a085-f60b02748e6e', '65d9649a-8e6d-4189-8c75-95e2cb6efc6e', '42d3f05e-9625-4d4f-994c-860b0233b464', '2019-04-27', 1416, 4),
('7d5774b8-ee34-45d6-99be-10a9e7d8c18a', 'de63fa06-7b25-439e-98b2-0b936a516e6d', '1755db32-c5f9-4297-83bb-f23dbade51ee', '2019-08-20', 311, 5),
('7d699694-497b-40af-8b70-bd2e07e234ae', '30b365a3-ea18-4b03-bed3-68e9c7540418', '1755db32-c5f9-4297-83bb-f23dbade51ee', '2017-04-28', 158, 5),
('7d7abe20-bd6e-43d6-9878-c77299cd2012', '94a376af-7587-449f-8707-e2cbd88ebd6b', '1755db32-c5f9-4297-83bb-f23dbade51ee', '2017-01-24', 312, 1),
('7dd73536-bf10-458f-b6e6-5af065232f87', '62b656a7-8f07-4cdd-a69f-baf1b3762d59', '1755db32-c5f9-4297-83bb-f23dbade51ee', '2016-02-28', 599, 2),
('7df0102b-5015-4416-823c-e48c41f7e3bf', '330bf4a1-13e7-48c2-a9cf-1b7fa160eb7f', '1755db32-c5f9-4297-83bb-f23dbade51ee', '2017-03-28', 80, 4),
('7df338b0-82f3-475f-88a0-ce7ff4d523e2', '7005d9a7-f88f-43be-85f0-a54c5d07d0d3', '1755db32-c5f9-4297-83bb-f23dbade51ee', '2018-01-23', 1097, 0),
('7dfa7be7-272d-45c3-90f4-3a3b5eaf8f94', '3998b404-4b67-4729-8eaa-048e67687c34', '42d3f05e-9625-4d4f-994c-860b0233b464', '2019-09-04', 270, 20),
('7dfefa88-098a-4171-b2a9-89042411036f', '89d5ef0a-4037-4b9a-8504-78dad44366ce', '42d3f05e-9625-4d4f-994c-860b0233b464', '2017-05-18', 1713, 1),
('7e1cb7f8-36a8-43d1-b69f-b6f385fb7df1', '9af12b78-45b3-495f-a24c-2ecf485442e9', '1755db32-c5f9-4297-83bb-f23dbade51ee', '2016-09-12', 498, 1),
('7e2a383e-b68d-4d6f-8498-1a23ef71a0f2', '0cb3295b-de58-4247-8f78-3ec4996d0e53', '1755db32-c5f9-4297-83bb-f23dbade51ee', '2019-09-04', 449, 14),
('7e9ac875-4bec-44a6-a282-b02bf2093daa', 'f6fdbba1-7e4e-429f-9701-81991fc728d3', '1755db32-c5f9-4297-83bb-f23dbade51ee', '2017-04-07', 720, 0),
('7e9c424e-e847-4b05-b63c-95b3953c2f14', '2d2fb5dd-20d2-4bf2-8c41-888dbff3f8bd', 'c1519b89-73ad-444e-93c6-2cba8eb9f124', '2019-08-19', 423, 17),
('7f1a4914-3a56-42d4-9636-12dca09cd994', 'cfbbca05-90f6-42fc-a336-6cc8bff53fab', '1755db32-c5f9-4297-83bb-f23dbade51ee', '2018-06-16', 200, 7),
('7f3196da-ea02-47bc-b9a8-3b9786e833b9', 'd19f75ab-4b3c-475f-a265-26fa58d7de3f', '1755db32-c5f9-4297-83bb-f23dbade51ee', '2016-02-03', 120, 3),
('7f767490-0c87-4708-b96c-89e0c1280e04', 'a47fec31-0b0d-4772-9590-298ffaffee33', '42d3f05e-9625-4d4f-994c-860b0233b464', '2019-03-07', 773, 19),
('7f8fbbfc-c806-4c8f-a59f-3dbc42e1cafe', 'bb3c4465-3e4b-4149-8340-698926f89ec0', '42d3f05e-9625-4d4f-994c-860b0233b464', '2019-01-05', 391, 4),
('7fc3bca2-effd-40d5-bf7b-84fd9840eaf8', 'e885c7ef-12d9-4142-9cef-7a79fcdd9dc3', '1755db32-c5f9-4297-83bb-f23dbade51ee', '2018-06-11', 129, 2),
('7fdd4898-a209-4836-bd03-79cccf49b052', 'fb1dc0b1-c264-4834-b749-73b3757b543a', '1755db32-c5f9-4297-83bb-f23dbade51ee', '2018-02-06', 315, 35),
('8031e5e9-cee1-4a5b-955d-acf4be32e8ae', 'e0eb6cf0-2b3f-444d-a1c0-0d1d686df250', '1755db32-c5f9-4297-83bb-f23dbade51ee', '2018-02-13', 463, 13),
('80a633b9-75ea-4735-b0d1-2355472fa702', 'f0c78b74-13d9-4b15-b383-82b63e192237', '1755db32-c5f9-4297-83bb-f23dbade51ee', '2017-10-30', 200, 8),
('80b3f91d-01fb-41cf-af5d-0bd82dc5264f', '2d2fb5dd-20d2-4bf2-8c41-888dbff3f8bd', '42d3f05e-9625-4d4f-994c-860b0233b464', '2017-10-01', 144, 5),
('80f9f544-e7de-4804-a557-017903951c2d', '31e49c81-1b6d-47bb-a608-0a7f6360c740', '42d3f05e-9625-4d4f-994c-860b0233b464', '2018-04-23', 2492, 0),
('8107c5af-7e3b-4876-b31c-d1401a3080f0', '0f1ac18d-a323-40df-9963-7667bdfa3bad', '1755db32-c5f9-4297-83bb-f23dbade51ee', '2017-01-25', 340, 6),
('8132b836-fff8-41cd-bf3e-0313bb82d777', '3f808819-4e72-4295-bdef-32ba43ae358d', '1755db32-c5f9-4297-83bb-f23dbade51ee', '2019-07-09', 518, 18),
('818582c4-1a83-42e6-82c3-d9cb61f7c197', '7ac61b25-484f-4998-81bd-ca28cc078ef5', '1755db32-c5f9-4297-83bb-f23dbade51ee', '2016-12-09', 379, 1),
('81cb323a-8593-466d-ab9c-2663292a9ceb', '53674b99-bd2f-4729-91a7-079c664070e5', '42d3f05e-9625-4d4f-994c-860b0233b464', '2019-09-03', 943, 7),
('81da342c-fd4a-49f5-a002-b1ad98f1b8cc', '5767e2c5-e5d1-4961-9b42-69fc9d3ec4d3', '1755db32-c5f9-4297-83bb-f23dbade51ee', '2016-01-16', 301, 2),
('81fad89b-f1c9-4b96-b4a9-fff574bc8c72', 'd182ad79-9def-46b2-8b6a-73ff57c93ea5', '1755db32-c5f9-4297-83bb-f23dbade51ee', '2016-01-15', 305, 6),
('82322363-1456-4cf4-ad69-4684413f6f61', '10d8e885-d9c5-4c9d-aa22-6b30727d970f', '1755db32-c5f9-4297-83bb-f23dbade51ee', '2013-04-27', 106, 3),
('823f1b27-b6ae-4aab-8ca8-7936c2d6b10e', '3998b404-4b67-4729-8eaa-048e67687c34', '1755db32-c5f9-4297-83bb-f23dbade51ee', '2015-11-27', 302, 4),
('8251b735-c3be-48ac-bd56-b3ac1fc0fd60', '25eefef9-aa05-4f73-9c9a-331f9ac2050b', '1755db32-c5f9-4297-83bb-f23dbade51ee', '2018-05-09', 113, 1),
('829f8680-73db-4297-b514-52073b720e43', 'e6be8be1-8a4e-48c2-8741-0f4b4ec40ffb', '1755db32-c5f9-4297-83bb-f23dbade51ee', '2019-09-20', 403, 2),
('82b6c204-ef1f-4fc8-b065-39977c969625', '5e90ccf5-e0f0-43de-acfb-ece9ace1a1f4', '1755db32-c5f9-4297-83bb-f23dbade51ee', '2017-01-06', 712, 0),
('83595e45-e8d9-455b-8747-f6c58581fb64', 'e885c7ef-12d9-4142-9cef-7a79fcdd9dc3', '1755db32-c5f9-4297-83bb-f23dbade51ee', '2018-07-12', 87, 3),
('83b4b1c6-ea3a-4589-a00a-5ad95d01ec23', '9b85b2c8-35f6-42a9-b4bf-e47519548a01', '42d3f05e-9625-4d4f-994c-860b0233b464', '2018-03-05', 354, 2),
('8400873a-175f-485a-8d11-03f4ae79d372', '67d00ce2-0cf7-40be-bcb5-c8ffdbe8492e', '1755db32-c5f9-4297-83bb-f23dbade51ee', '2019-05-08', 188, 12),
('842d1151-2194-4a5c-b291-4877166cab3b', '28d3077c-9713-44bd-b2db-f72d26fa86fd', '42d3f05e-9625-4d4f-994c-860b0233b464', '2017-12-08', 874, 5),
('844133ab-f451-48b8-a6c7-c808e29e9e3c', '31e49c81-1b6d-47bb-a608-0a7f6360c740', '42d3f05e-9625-4d4f-994c-860b0233b464', '2019-08-27', 1076, 3),
('84782cb6-e4e0-4ec5-afbc-7c83dfca9a17', '7990fc46-6374-4c8b-86ba-e355832f1cbd', '1755db32-c5f9-4297-83bb-f23dbade51ee', '2019-09-03', 194, 4),
('849e1fb4-280d-4f04-b768-bd53453a2e18', '53674b99-bd2f-4729-91a7-079c664070e5', '1755db32-c5f9-4297-83bb-f23dbade51ee', '2017-01-06', 617, 0),
('8509fe22-df91-4545-9fc6-442b7af6c24d', '5767e2c5-e5d1-4961-9b42-69fc9d3ec4d3', '1755db32-c5f9-4297-83bb-f23dbade51ee', '2016-01-19', 516, 0),
('851ec27e-33fd-48c4-8800-32dc59373c00', '67d00ce2-0cf7-40be-bcb5-c8ffdbe8492e', '1755db32-c5f9-4297-83bb-f23dbade51ee', '2019-01-30', 698, 10),
('85222119-961e-40b2-a2c6-7cd4def8246a', 'cfbbca05-90f6-42fc-a336-6cc8bff53fab', '1755db32-c5f9-4297-83bb-f23dbade51ee', '2018-04-16', 199, 5),
('85af0dfe-f0b0-4d7f-a86f-0a92f2684ff0', 'f1f519d3-1d71-4a84-ac79-86cbdaa34bed', '1755db32-c5f9-4297-83bb-f23dbade51ee', '2018-07-11', 312, 2),
('85f7cc19-3210-43fc-b5f8-22080a7bd00c', 'b230df78-e1a0-4a58-b3fa-e0ae169a245f', '1755db32-c5f9-4297-83bb-f23dbade51ee', '2015-06-10', 571, 0),
('860d6a99-8897-4877-92bc-1fec314247aa', '175af4e1-11e3-4857-9f4f-fe17444fb973', '1755db32-c5f9-4297-83bb-f23dbade51ee', '2018-10-18', 837, 0),
('86447e71-5628-4fad-9370-beba2331c77f', '5e90ccf5-e0f0-43de-acfb-ece9ace1a1f4', '42d3f05e-9625-4d4f-994c-860b0233b464', '2017-12-01', 633, 7),
('867c8224-69a8-47fc-b333-9bc8d8959dc4', 'a8b7707d-c5e9-4f24-ab12-9e0d10ad1b3d', '1755db32-c5f9-4297-83bb-f23dbade51ee', '2018-10-16', 524, 0),
('869de9eb-c5f2-4e21-a36c-d211137b59e1', '9a5d72c4-265a-4c84-bcf2-9846178daa1f', '1755db32-c5f9-4297-83bb-f23dbade51ee', '2019-08-28', 475, 9),
('86b20af9-8985-4b1f-9efe-63992c488e6b', 'c8f9688d-fb74-4bfa-98dd-81b36b6abd03', '42d3f05e-9625-4d4f-994c-860b0233b464', '2019-05-02', 1095, 4),
('86ba483e-3d36-4179-b2c4-ec973124d103', '07a700d3-8302-408b-81fa-437b8f484156', '1755db32-c5f9-4297-83bb-f23dbade51ee', '2019-05-24', 65, 3),
('86dc1678-cd92-4736-83ff-95f87840f483', '3998b404-4b67-4729-8eaa-048e67687c34', '1755db32-c5f9-4297-83bb-f23dbade51ee', '2016-05-19', 664, 6),
('871c0d70-628c-4570-9680-94690f1e4f4d', '98944b97-5576-47d8-b579-a07694782ae5', '1755db32-c5f9-4297-83bb-f23dbade51ee', '2018-09-12', 473, 4),
('873fecb2-26e1-438d-97bd-befdb672906e', 'e885c7ef-12d9-4142-9cef-7a79fcdd9dc3', '1755db32-c5f9-4297-83bb-f23dbade51ee', '2018-04-20', 199, 1),
('875981f1-122e-4594-85c6-805960823c4d', 'fec47f25-9c7c-4038-ab1b-58a5d7a2397f', '42d3f05e-9625-4d4f-994c-860b0233b464', '2018-03-06', 479, 3),
('87e27c10-56a2-428d-8746-d0f93114856f', 'e9cb2528-824d-442c-9752-f2677cd21a6b', '1755db32-c5f9-4297-83bb-f23dbade51ee', '2018-03-22', 109, 5),
('883218ae-f9e1-42fb-adc7-fa5580a43129', '0cb3295b-de58-4247-8f78-3ec4996d0e53', '1755db32-c5f9-4297-83bb-f23dbade51ee', '2016-09-26', 691, 6),
('8882ce36-a6b7-4276-ae21-22cbfd1cd374', 'cfbbca05-90f6-42fc-a336-6cc8bff53fab', '1755db32-c5f9-4297-83bb-f23dbade51ee', '2018-09-14', 130, 8),
('8888a565-33c9-4ccf-882b-8b149232af40', '2778d4a5-3e52-4aeb-8590-e488a5b3603e', '42d3f05e-9625-4d4f-994c-860b0233b464', '2018-09-11', 662, 8),
('889e134b-df6f-4deb-bd84-984a77183f09', 'f0a2f746-471a-4939-b7ef-18db8f5ad2a4', '1755db32-c5f9-4297-83bb-f23dbade51ee', '2017-04-12', 944, 0),
('88a0c0e3-3137-4851-b489-50221213712f', 'a70c452f-d890-438e-a9be-fb6d990457f8', '1755db32-c5f9-4297-83bb-f23dbade51ee', '2018-05-09', 330, 2),
('88a82792-583e-476b-b324-4a7b38b0ed21', '2d2fb5dd-20d2-4bf2-8c41-888dbff3f8bd', '1755db32-c5f9-4297-83bb-f23dbade51ee', '2016-07-27', 226, 2),
('88c38af3-38e0-4af1-9489-0c43ffbbc193', 'bde703ca-8d4b-4582-b2fd-9cd2c32b7915', '1755db32-c5f9-4297-83bb-f23dbade51ee', '2018-10-18', 1863, 3),
('88dd55df-b9c6-439a-9d10-daa1849d2153', '976a38c8-8847-4d69-b50f-31cac1368c33', '1755db32-c5f9-4297-83bb-f23dbade51ee', '2017-02-28', 223, 11),
('89036512-a320-478e-9712-8fa0f09edd44', 'fb1dc0b1-c264-4834-b749-73b3757b543a', '1755db32-c5f9-4297-83bb-f23dbade51ee', '2015-09-10', 948, 7),
('89114843-3d44-4563-934d-81db5fcc7473', '330bf4a1-13e7-48c2-a9cf-1b7fa160eb7f', '1755db32-c5f9-4297-83bb-f23dbade51ee', '2016-04-05', 350, 2),
('89191dd5-88d9-47f5-8f24-99708979fc08', 'e9908ae1-76a8-43e7-aaae-d456b4864e41', '1755db32-c5f9-4297-83bb-f23dbade51ee', '2019-02-20', 601, 1);
INSERT INTO `cms_gindre_commande` (`id`, `shop_id`, `product_type_id`, `date_commande`, `amount`, `number`) VALUES
('892f37b9-559c-4a52-b63e-072405f637ab', '89d5ef0a-4037-4b9a-8504-78dad44366ce', '42d3f05e-9625-4d4f-994c-860b0233b464', '2018-09-14', 1385, 11),
('896ef897-2ef8-4646-a9e2-b0cf8e93a171', 'fd0112ec-a41e-47c5-83d6-c863d52a66b2', '42d3f05e-9625-4d4f-994c-860b0233b464', '2018-10-03', 513, 25),
('89adbe46-3eec-4c23-84fc-58c0851c427c', 'dcb5b689-28ba-410f-a0fc-a7517d1f8100', '1755db32-c5f9-4297-83bb-f23dbade51ee', '2017-01-19', 300, 4),
('89bffbfa-05f6-4c35-af63-e3a7eadb8298', '47a478f9-1a62-4715-bdb7-c3df5f35cabe', '42d3f05e-9625-4d4f-994c-860b0233b464', '2019-08-20', 691, 8),
('89dfa2ce-2ce6-421a-b72a-711911886c06', '0f1ac18d-a323-40df-9963-7667bdfa3bad', '1755db32-c5f9-4297-83bb-f23dbade51ee', '2016-04-13', 40, 4),
('89eafcd6-5867-4518-8884-3b5c38823752', 'e0eb6cf0-2b3f-444d-a1c0-0d1d686df250', '1755db32-c5f9-4297-83bb-f23dbade51ee', '2015-09-22', 385, 4),
('8a17faa7-5379-429b-936a-417774d81f7a', '3998b404-4b67-4729-8eaa-048e67687c34', '1755db32-c5f9-4297-83bb-f23dbade51ee', '2019-09-04', 270, 19),
('8a336b77-e0a3-44fa-905c-97c1ccc06f6a', 'cfbbca05-90f6-42fc-a336-6cc8bff53fab', '1755db32-c5f9-4297-83bb-f23dbade51ee', '2018-01-18', 343, 4),
('8aa0adbb-e5b1-4f76-97b1-390312ded518', '0d1164c8-86cb-4fac-b8c7-924e5a1fb768', '1755db32-c5f9-4297-83bb-f23dbade51ee', '2016-09-26', 45, 6),
('8ab13bf6-d1f9-4a00-a2d1-b31721adf52b', '7005d9a7-f88f-43be-85f0-a54c5d07d0d3', '1755db32-c5f9-4297-83bb-f23dbade51ee', '2019-07-01', 80, 6),
('8b2453ed-b47b-4f6a-9171-9c8eed52e5d6', '4d3fa202-8e58-4557-8a8c-dbbbf675f737', '1755db32-c5f9-4297-83bb-f23dbade51ee', '2018-06-18', 150, 1),
('8b2b69b2-4b72-42c4-b928-85ae5d633cb6', 'bbfffef9-982b-4c5d-b72c-cfad21e78a6a', '1755db32-c5f9-4297-83bb-f23dbade51ee', '2018-10-04', 273, 1),
('8b376f1b-7e28-46a3-9c6a-e17b406e0425', '97ac7274-2355-4e37-9f6c-80a507d875b4', '42d3f05e-9625-4d4f-994c-860b0233b464', '2018-12-01', 353, 1),
('8b3ca16c-2300-43b4-a951-3eedca4f217d', 'dcb5b689-28ba-410f-a0fc-a7517d1f8100', '1755db32-c5f9-4297-83bb-f23dbade51ee', '2016-05-20', 188, 1),
('8cfa697d-7cc3-441a-85c5-27741be354ed', '218f4274-14b9-4594-b834-c19326e37a25', '1755db32-c5f9-4297-83bb-f23dbade51ee', '2018-11-22', 411, 6),
('8d1e0a70-e183-4791-ad5b-a65a19fcfd7d', 'e9908ae1-76a8-43e7-aaae-d456b4864e41', '1755db32-c5f9-4297-83bb-f23dbade51ee', '2019-07-09', 99, 2),
('8d821273-5429-415f-b85a-994fe5072d17', '1026e741-e806-4a01-9c16-e1ce39b67751', 'c1519b89-73ad-444e-93c6-2cba8eb9f124', '2019-04-26', 1967, 1),
('8dad6895-30b1-418a-8b14-430c102267a4', '353ad7b0-4529-42be-850c-ee3ea0544c16', '1755db32-c5f9-4297-83bb-f23dbade51ee', '2018-06-25', 198, 6),
('8db10e89-7034-45d9-83c4-ec33f81da138', '4d3fa202-8e58-4557-8a8c-dbbbf675f737', '42d3f05e-9625-4d4f-994c-860b0233b464', '2018-10-05', 2625, 2),
('8db1addf-61dd-475c-984e-44907c8c3b91', '30b365a3-ea18-4b03-bed3-68e9c7540418', '1755db32-c5f9-4297-83bb-f23dbade51ee', '2018-10-29', 278, 11),
('8e3bb56b-7c5b-44a5-996e-c2ff78af7ab4', '4f152e7a-1285-45db-a753-0fbdf60c0f09', '1755db32-c5f9-4297-83bb-f23dbade51ee', '2019-03-20', 611, 4),
('8e3cbae4-c8ef-4118-9e86-6caf8bfd88e9', 'c76f71d9-6c54-488b-9262-6f1f724f11a7', '1755db32-c5f9-4297-83bb-f23dbade51ee', '2016-04-15', 1342, 0),
('8e5db6e7-689c-42af-8af3-afcdf2dd5d2e', '851faba6-4ca0-4769-8934-3bad9cf49c3e', '42d3f05e-9625-4d4f-994c-860b0233b464', '2019-10-06', 381, 4),
('8e85771c-aabf-4381-bc49-a41ebf516b3d', 'cb9ef960-0410-4748-91bf-34b5d49eb453', '1755db32-c5f9-4297-83bb-f23dbade51ee', '2019-05-22', 558, 10),
('8ec7660b-42c9-44ed-a2e9-c28f775af918', 'ff7dc571-8e0d-4168-a738-440859677598', '1755db32-c5f9-4297-83bb-f23dbade51ee', '2018-11-26', 456, 22),
('8f0ab81a-1fa8-4f10-ab79-daf2d71ca6c4', '1035392f-6a21-461c-b073-38509318da77', '42d3f05e-9625-4d4f-994c-860b0233b464', '2017-11-17', 675, 1),
('8f33d3c6-6027-4b59-9491-1cf1cc3ddbad', 'a8b7707d-c5e9-4f24-ab12-9e0d10ad1b3d', '1755db32-c5f9-4297-83bb-f23dbade51ee', '2019-05-21', 409, 2),
('8f88e099-76f0-437f-9ba2-2d07a8daf463', '89d5ef0a-4037-4b9a-8504-78dad44366ce', '42d3f05e-9625-4d4f-994c-860b0233b464', '2019-09-26', 515, 16),
('900363f9-c026-485d-8023-550412ec3573', 'e8d2575a-00d1-4012-adb8-7c815a8e675d', '1755db32-c5f9-4297-83bb-f23dbade51ee', '2017-12-19', 439, 2),
('90480074-7ecb-4d2e-aa39-699bb5de6156', '571b93d6-e317-4b69-bee7-75d4061da2d3', '1755db32-c5f9-4297-83bb-f23dbade51ee', '2019-08-31', 189, 4),
('90f11318-6bb8-4064-8ad4-3d37c1e4ec6c', '31e8e18b-450f-4657-99c9-96a60ec60241', 'c1519b89-73ad-444e-93c6-2cba8eb9f124', '2019-02-04', 673, 2),
('91a84b42-23e9-4502-af5f-b97e06121694', 'e8d2575a-00d1-4012-adb8-7c815a8e675d', '1755db32-c5f9-4297-83bb-f23dbade51ee', '2019-04-16', 579, 4),
('91cbd708-a30d-49d6-bf4d-b7a792a0d130', 'ff7dc571-8e0d-4168-a738-440859677598', '1755db32-c5f9-4297-83bb-f23dbade51ee', '2016-12-10', 591, 5),
('9272a7da-c338-4bf4-9eb0-8371bb4b807a', '9f92eba8-f934-4fc9-ac1a-f5870e001f99', '1755db32-c5f9-4297-83bb-f23dbade51ee', '2017-11-22', 562, 3),
('92876523-bfca-45c1-bd74-48390d3a64db', 'fd0112ec-a41e-47c5-83d6-c863d52a66b2', '1755db32-c5f9-4297-83bb-f23dbade51ee', '2017-03-13', 315, 9),
('92d63c93-b3c0-496f-9f95-0de358cd3aae', '2d2fb5dd-20d2-4bf2-8c41-888dbff3f8bd', '1755db32-c5f9-4297-83bb-f23dbade51ee', '2018-02-04', 107, 6),
('93503d73-32b0-4147-804b-ce50171bc78e', '46698802-daa4-45f8-8884-61ccd1e7e46b', '1755db32-c5f9-4297-83bb-f23dbade51ee', '2018-11-22', 669, 6),
('935f8dae-da66-4d2d-ad13-0a68cb0863ac', '5e647f63-ddc1-4c50-9469-3168d5d19eaa', '1755db32-c5f9-4297-83bb-f23dbade51ee', '2019-03-07', 354, 1),
('940497a3-b407-4c23-a793-34b6c754b415', '3998b404-4b67-4729-8eaa-048e67687c34', '1755db32-c5f9-4297-83bb-f23dbade51ee', '2016-07-20', 413, 7),
('94284523-42d2-4348-a420-ce6ad8fb8551', '330bf4a1-13e7-48c2-a9cf-1b7fa160eb7f', '1755db32-c5f9-4297-83bb-f23dbade51ee', '2019-07-01', 286, 7),
('94a96eea-2cdf-40df-ad26-4560d3309d3e', '98944b97-5576-47d8-b579-a07694782ae5', '1755db32-c5f9-4297-83bb-f23dbade51ee', '2018-05-31', 171, 3),
('94b42723-78a7-432d-a673-d4fbb6744574', 'dcb5b689-28ba-410f-a0fc-a7517d1f8100', '42d3f05e-9625-4d4f-994c-860b0233b464', '2019-05-24', 805, 6),
('9507a54f-b6d8-42a3-971e-f09b2d30f4b4', 'dcb5b689-28ba-410f-a0fc-a7517d1f8100', '1755db32-c5f9-4297-83bb-f23dbade51ee', '2018-10-19', 819, 5),
('95349985-4279-48ff-9188-d493a23315f4', '62b656a7-8f07-4cdd-a69f-baf1b3762d59', '1755db32-c5f9-4297-83bb-f23dbade51ee', '2019-09-03', 315, 7),
('9571050e-410c-4dde-8027-1ebdbd12575f', '2d2fb5dd-20d2-4bf2-8c41-888dbff3f8bd', '1755db32-c5f9-4297-83bb-f23dbade51ee', '2019-05-23', 105, 13),
('957ff0c8-5047-40c2-9115-02bd26569319', '97ac7274-2355-4e37-9f6c-80a507d875b4', '42d3f05e-9625-4d4f-994c-860b0233b464', '2019-01-18', 303, 2),
('958a3376-4ddb-4b85-9a04-ec6213f7b879', 'f8cb1f36-fb4d-498a-98c9-cb67f85e55d5', '1755db32-c5f9-4297-83bb-f23dbade51ee', '2015-10-23', 328, 3),
('959d2c35-07d4-4cd9-be7f-5f34eae875dc', '3a1364f5-da18-4583-92ba-a45e1bc548a2', 'c1519b89-73ad-444e-93c6-2cba8eb9f124', '2018-08-29', 297, 16),
('961d2fad-e81a-4023-b660-a95b092d58c2', '7153d5a6-a668-4257-ad55-71c97085191d', '1755db32-c5f9-4297-83bb-f23dbade51ee', '2018-10-23', 739, 0),
('966a6af3-d1bc-48cd-a33c-2cacaa60a096', '3f808819-4e72-4295-bdef-32ba43ae358d', '1755db32-c5f9-4297-83bb-f23dbade51ee', '2019-05-21', 1628, 17),
('966c94f8-b243-44bc-8f3c-a4d48d18c9ed', 'cb9ef960-0410-4748-91bf-34b5d49eb453', '1755db32-c5f9-4297-83bb-f23dbade51ee', '2016-01-14', 298, 5),
('96ac65c1-b1db-4c60-81fd-6d74d01806bc', 'fec47f25-9c7c-4038-ab1b-58a5d7a2397f', '1755db32-c5f9-4297-83bb-f23dbade51ee', '2019-02-15', 300, 8),
('96c9d0c0-b79a-45d2-a980-1d5b4e3f6cb6', '07a700d3-8302-408b-81fa-437b8f484156', '42d3f05e-9625-4d4f-994c-860b0233b464', '2019-07-24', 241, 5),
('96df9c2b-b83b-426e-8379-6523d3869ad1', '67d00ce2-0cf7-40be-bcb5-c8ffdbe8492e', '1755db32-c5f9-4297-83bb-f23dbade51ee', '2017-08-25', 1114, 3),
('96dfa2a4-106d-449d-87ad-aa75ea5e28bb', 'a47fec31-0b0d-4772-9590-298ffaffee33', '1755db32-c5f9-4297-83bb-f23dbade51ee', '2018-09-02', 440, 9),
('97027f55-9932-408b-9e00-52ddf403c903', '31579a06-b736-43cc-a70c-574cde5523cb', '1755db32-c5f9-4297-83bb-f23dbade51ee', '2017-11-22', 342, 1),
('976b9938-5833-4b11-9eb1-f6b572c95527', '218f4274-14b9-4594-b834-c19326e37a25', '1755db32-c5f9-4297-83bb-f23dbade51ee', '2016-11-18', 335, 1),
('976d7f50-48d7-4218-9359-1ec7d3a348fd', '10d8e885-d9c5-4c9d-aa22-6b30727d970f', '1755db32-c5f9-4297-83bb-f23dbade51ee', '2017-11-17', 307, 1),
('977e5349-5c0d-4ec4-8d0d-9b55fa0972c5', '2f67ec33-ccde-445a-89a2-0444a855316b', '1755db32-c5f9-4297-83bb-f23dbade51ee', '2017-01-19', 216, 3),
('9782959e-90f2-45a8-a98d-7544f5f47876', '8b1674a5-4529-41a0-8007-94384694220e', '42d3f05e-9625-4d4f-994c-860b0233b464', '2018-10-02', 583, 5),
('97a38627-629e-4d5b-a2b4-af12d2b47af2', '3998b404-4b67-4729-8eaa-048e67687c34', '1755db32-c5f9-4297-83bb-f23dbade51ee', '2018-11-20', 211, 17),
('982367b3-8c30-4d25-8ad4-b23d1f92a92c', '0d1164c8-86cb-4fac-b8c7-924e5a1fb768', '1755db32-c5f9-4297-83bb-f23dbade51ee', '2016-02-20', 145, 3),
('98504238-bf1c-40a0-87d2-e803e390e90a', 'fb1dc0b1-c264-4834-b749-73b3757b543a', '1755db32-c5f9-4297-83bb-f23dbade51ee', '2017-11-13', 1879, 31),
('98c388e9-d1de-4a53-98ae-d3337164774b', 'fb1dc0b1-c264-4834-b749-73b3757b543a', '1755db32-c5f9-4297-83bb-f23dbade51ee', '2019-08-16', 1731, 46),
('98f5e1b6-ac97-4718-a8b9-34929451f2fd', 'fb1dc0b1-c264-4834-b749-73b3757b543a', '1755db32-c5f9-4297-83bb-f23dbade51ee', '2016-06-20', 1238, 15),
('9928b371-e564-476e-b054-9858c0dbd5d7', '9940daed-9b10-4a9d-a61f-f127f9bc4a98', '1755db32-c5f9-4297-83bb-f23dbade51ee', '2019-06-17', 389, 2),
('995423c3-2307-46c4-a90d-d9e6508f13f1', '28d3077c-9713-44bd-b2db-f72d26fa86fd', '42d3f05e-9625-4d4f-994c-860b0233b464', '2018-06-19', 402, 8),
('995ce7dc-0015-40d5-9a3d-7ec49c2d4951', '31579a06-b736-43cc-a70c-574cde5523cb', '1755db32-c5f9-4297-83bb-f23dbade51ee', '2018-11-16', 234, 2),
('997a4e5e-9822-49a4-8db7-ef7dadabe77e', '976a38c8-8847-4d69-b50f-31cac1368c33', '1755db32-c5f9-4297-83bb-f23dbade51ee', '2016-07-05', 621, 6),
('99a56f89-aeaf-4e5c-9eda-c9a0b67f6f4f', '353ad7b0-4529-42be-850c-ee3ea0544c16', '1755db32-c5f9-4297-83bb-f23dbade51ee', '2016-05-23', 707, 1),
('99b730a3-0bc5-4731-87c2-f97f1438d0ad', '3a1364f5-da18-4583-92ba-a45e1bc548a2', '1755db32-c5f9-4297-83bb-f23dbade51ee', '2016-06-16', 693, 1),
('99d30ba6-e8c2-43ed-9934-d9ac3d6e6775', 'a7f82870-b88c-4118-b52b-2fdde8ac4916', '42d3f05e-9625-4d4f-994c-860b0233b464', '2018-04-14', 2385, 0),
('99e290a3-7181-4d35-98e2-47b2793b0d22', 'ff7dc571-8e0d-4168-a738-440859677598', '1755db32-c5f9-4297-83bb-f23dbade51ee', '2018-02-06', 585, 16),
('9a53691e-9e95-41de-b275-95cbdb0cf672', '20cbcf02-9ca1-49e4-a84b-3cfe50ae0e1d', '1755db32-c5f9-4297-83bb-f23dbade51ee', '2018-09-14', 516, 18),
('9a81fbf0-b48d-4cf4-9f90-4efd67c5007c', '31e8e18b-450f-4657-99c9-96a60ec60241', '42d3f05e-9625-4d4f-994c-860b0233b464', '2019-09-26', 614, 6),
('9ab8b998-a2e4-4a73-88c5-c421f70ea904', 'fe0ff5ab-8a0f-4474-98e8-ad448dc35fe6', '1755db32-c5f9-4297-83bb-f23dbade51ee', '2017-10-18', 514, 1),
('9ad53bd2-0afd-4823-aa47-9e96acdc4bb0', '8788d95f-cacb-43d4-a03c-d12244a28091', '1755db32-c5f9-4297-83bb-f23dbade51ee', '2017-12-07', 604, 9),
('9af81ea3-e7d1-4adb-bd7a-ecbe88283f9f', 'fd0112ec-a41e-47c5-83d6-c863d52a66b2', '1755db32-c5f9-4297-83bb-f23dbade51ee', '2016-06-24', 316, 7),
('9b2bd58f-7d77-4feb-978f-2d2c45f8cbf1', 'dcb5b689-28ba-410f-a0fc-a7517d1f8100', '1755db32-c5f9-4297-83bb-f23dbade51ee', '2016-09-22', 306, 2),
('9b978943-2b5d-49e9-8621-4f2b860b28fd', '67d00ce2-0cf7-40be-bcb5-c8ffdbe8492e', '1755db32-c5f9-4297-83bb-f23dbade51ee', '2017-07-03', 372, 2),
('9bd0d521-8815-45c5-860f-b5a453db523f', '1d8df040-cd84-468e-bac5-beb17947350f', '1755db32-c5f9-4297-83bb-f23dbade51ee', '2015-03-01', 823, 0),
('9c075d00-273b-4ab6-9561-35523e3e4cad', '89d15773-e72c-4f35-b688-697b49e77841', '1755db32-c5f9-4297-83bb-f23dbade51ee', '2019-09-20', 306, 3),
('9c114e6b-0b5e-4cb3-a69a-6173793abf9f', '851faba6-4ca0-4769-8934-3bad9cf49c3e', '42d3f05e-9625-4d4f-994c-860b0233b464', '2018-03-22', 2182, 0),
('9ca49157-4a4d-466b-84a4-111917d9014e', 'c8f9688d-fb74-4bfa-98dd-81b36b6abd03', 'c1519b89-73ad-444e-93c6-2cba8eb9f124', '2018-07-25', 1680, 1),
('9cabdad8-81ee-4a86-97c9-0b492f95da97', '7c887837-4de3-4aa0-b277-d319b42fa306', '1755db32-c5f9-4297-83bb-f23dbade51ee', '2018-06-21', 301, 3),
('9cc36bb7-c2d8-4846-b1ed-5d8c416a5b47', 'fe0ff5ab-8a0f-4474-98e8-ad448dc35fe6', '1755db32-c5f9-4297-83bb-f23dbade51ee', '2017-09-29', 1026, 0),
('9d3e808a-29de-4a3c-9773-83047a909c6f', '3998b404-4b67-4729-8eaa-048e67687c34', '1755db32-c5f9-4297-83bb-f23dbade51ee', '2018-04-27', 683, 15),
('9d7277d3-fcf5-4776-9775-0a909ee1394e', '976a38c8-8847-4d69-b50f-31cac1368c33', '1755db32-c5f9-4297-83bb-f23dbade51ee', '2016-06-01', 622, 5),
('9d81eee5-cea0-48b2-9ffe-854b10c03242', '95d30308-3584-4e01-a3e2-f53e6f902be7', '1755db32-c5f9-4297-83bb-f23dbade51ee', '2017-05-19', 464, 2),
('9d92249d-5eb3-423e-bfdd-340ce1d492c0', '8b631c3a-d29c-4847-a6c1-7bf75eda3951', '42d3f05e-9625-4d4f-994c-860b0233b464', '2017-05-14', 1056, 0),
('9db838e1-c550-4e7c-b798-14a8a1231468', 'fb1dc0b1-c264-4834-b749-73b3757b543a', '1755db32-c5f9-4297-83bb-f23dbade51ee', '2016-10-17', 524, 18),
('9dbdab9e-987e-4574-abd5-acd3d2c3be84', '47a478f9-1a62-4715-bdb7-c3df5f35cabe', '42d3f05e-9625-4d4f-994c-860b0233b464', '2019-03-15', 786, 5),
('9de17a4f-b1da-4557-a925-3f33792469db', '99679ff0-49a2-43c1-b4ca-7f1ba4b1b923', '1755db32-c5f9-4297-83bb-f23dbade51ee', '2018-01-15', 479, 11),
('9e124090-445b-4842-97bf-0d89696cf589', '31e8e18b-450f-4657-99c9-96a60ec60241', '1755db32-c5f9-4297-83bb-f23dbade51ee', '2019-05-10', 219, 3),
('9ea1dd6b-67c8-4ed7-bb92-31635304e34f', '0cb3295b-de58-4247-8f78-3ec4996d0e53', '1755db32-c5f9-4297-83bb-f23dbade51ee', '2019-07-02', 582, 13),
('9f52edfb-6f5b-486b-8884-39720f182f23', '8b631c3a-d29c-4847-a6c1-7bf75eda3951', '1755db32-c5f9-4297-83bb-f23dbade51ee', '2017-12-13', 67, 3),
('9f62dbd7-841e-440c-87bc-c2f02a1101aa', '3a1364f5-da18-4583-92ba-a45e1bc548a2', '1755db32-c5f9-4297-83bb-f23dbade51ee', '2017-04-13', 225, 5),
('9f809418-6ddf-4a65-8e83-7a37dc1a493d', '094565ce-33ac-4c05-b03e-a1d7969f67f4', '1755db32-c5f9-4297-83bb-f23dbade51ee', '2017-04-16', 370, 3),
('9f857a62-5091-4bd1-a4f7-36ebd59b89ca', '28d3077c-9713-44bd-b2db-f72d26fa86fd', '1755db32-c5f9-4297-83bb-f23dbade51ee', '2016-04-25', 620, 0),
('9fb2eb62-de76-4654-9981-9bd4c1c4aecb', 'ff7dc571-8e0d-4168-a738-440859677598', '1755db32-c5f9-4297-83bb-f23dbade51ee', '2017-06-03', 365, 10),
('9fcccfd1-34fe-4acb-b892-1cb36e3fbe25', '2d2fb5dd-20d2-4bf2-8c41-888dbff3f8bd', '42d3f05e-9625-4d4f-994c-860b0233b464', '2019-04-13', 182, 11),
('9febd1c5-56e8-4c1d-a48d-28f400eafafe', '9209a147-9e57-40e5-a018-512326b7929e', '1755db32-c5f9-4297-83bb-f23dbade51ee', '2019-09-12', 320, 6),
('a00654c2-3242-4d17-ab74-fb9731e77355', 'f0c78b74-13d9-4b15-b383-82b63e192237', '1755db32-c5f9-4297-83bb-f23dbade51ee', '2019-09-15', 377, 15),
('a0382ff5-cb2d-4b0c-8027-c505fe41f706', '3998b404-4b67-4729-8eaa-048e67687c34', '1755db32-c5f9-4297-83bb-f23dbade51ee', '2016-02-05', 354, 5),
('a0ae085d-4558-4010-933d-23cc8d4b610d', 'fb1dc0b1-c264-4834-b749-73b3757b543a', '1755db32-c5f9-4297-83bb-f23dbade51ee', '2017-06-12', 1234, 26),
('a0b0c2e0-7b82-441d-a098-bfc41c52dd90', '3f808819-4e72-4295-bdef-32ba43ae358d', '1755db32-c5f9-4297-83bb-f23dbade51ee', '2016-04-26', 886, 5),
('a0dac875-9144-416a-a9e2-a8754d3fd88f', '21706d11-6a5a-41c3-a196-04a1df0ab5ee', '1755db32-c5f9-4297-83bb-f23dbade51ee', '2017-02-25', 639, 0),
('a1084f50-2579-4f28-8c62-804ce05832e1', '62b656a7-8f07-4cdd-a69f-baf1b3762d59', '1755db32-c5f9-4297-83bb-f23dbade51ee', '2016-12-13', 599, 3),
('a10e0242-1b63-453f-940f-24fc195be362', '2f67ec33-ccde-445a-89a2-0444a855316b', '1755db32-c5f9-4297-83bb-f23dbade51ee', '2015-05-12', 524, 0),
('a17997a6-d3df-4656-a48c-688d17487c66', '8714d419-fad6-4fb2-b7d7-091bb95972fe', '1755db32-c5f9-4297-83bb-f23dbade51ee', '2018-11-15', 116, 2),
('a197bc75-a512-4f2a-ada9-7343ed77ab2d', '77db6d09-9a83-4732-a45b-6f1020e6fea4', '1755db32-c5f9-4297-83bb-f23dbade51ee', '2019-01-07', 233, 1),
('a1fb8acc-cd8f-405f-84ee-3db6f4f7a653', '31579a06-b736-43cc-a70c-574cde5523cb', '1755db32-c5f9-4297-83bb-f23dbade51ee', '2016-12-09', 515, 0),
('a211daaa-7514-47be-af8a-4b6dd13b505f', 'cfbbca05-90f6-42fc-a336-6cc8bff53fab', '1755db32-c5f9-4297-83bb-f23dbade51ee', '2017-09-30', 396, 3),
('a2160b53-52b6-4ce3-a590-8ad479f8144e', 'bb3c4465-3e4b-4149-8340-698926f89ec0', '42d3f05e-9625-4d4f-994c-860b0233b464', '2017-09-13', 1020, 0),
('a299c525-f283-4fc3-b5c1-f2aef3d0c2fc', '99679ff0-49a2-43c1-b4ca-7f1ba4b1b923', '1755db32-c5f9-4297-83bb-f23dbade51ee', '2016-10-27', 2430, 7),
('a341bbde-8839-4342-b48c-811ff120e998', '0d1164c8-86cb-4fac-b8c7-924e5a1fb768', '1755db32-c5f9-4297-83bb-f23dbade51ee', '2018-03-22', 269, 18),
('a3519e93-3b2c-4a55-800c-22cc1be3b2a1', '9af12b78-45b3-495f-a24c-2ecf485442e9', '1755db32-c5f9-4297-83bb-f23dbade51ee', '2019-09-14', 404, 6),
('a3823f7f-1563-4ee0-aa5e-a1be98d715ec', '62b656a7-8f07-4cdd-a69f-baf1b3762d59', '1755db32-c5f9-4297-83bb-f23dbade51ee', '2018-06-21', 500, 5),
('a39577b1-1a8f-4177-8742-02b9fd20ede7', '330bf4a1-13e7-48c2-a9cf-1b7fa160eb7f', '1755db32-c5f9-4297-83bb-f23dbade51ee', '2017-03-22', 307, 3),
('a3e1fd5d-8849-4f1e-ba45-780711123e2f', '2b76b144-e408-4faf-b82a-60f57a2fb76c', '1755db32-c5f9-4297-83bb-f23dbade51ee', '2019-05-10', 202, 6),
('a413f7ff-8fac-4c8f-acf5-ca25d3976338', '0f1ac18d-a323-40df-9963-7667bdfa3bad', '1755db32-c5f9-4297-83bb-f23dbade51ee', '2016-12-02', 160, 5),
('a415864a-a5b8-48b6-b7f5-a0a6452b64cb', '07a700d3-8302-408b-81fa-437b8f484156', 'c1519b89-73ad-444e-93c6-2cba8eb9f124', '2019-05-04', 237, 2),
('a45a0edc-e6f8-4e47-bbce-5c9ee52a8a18', 'c8f9688d-fb74-4bfa-98dd-81b36b6abd03', '1755db32-c5f9-4297-83bb-f23dbade51ee', '2018-07-25', 323, 0),
('a45d02b0-a80a-43af-a21a-0ee6272a21f7', '20cbcf02-9ca1-49e4-a84b-3cfe50ae0e1d', '1755db32-c5f9-4297-83bb-f23dbade51ee', '2018-07-24', 387, 17),
('a496e69d-59cd-49b3-a3b6-2f585ff97a5e', '44d52ed0-5873-4c12-9b20-ab492be71bc3', '42d3f05e-9625-4d4f-994c-860b0233b464', '2018-05-08', 809, 2),
('a4fa9e8f-fda6-41dd-8c2a-7c48c303de5b', 'e9cb2528-824d-442c-9752-f2677cd21a6b', '1755db32-c5f9-4297-83bb-f23dbade51ee', '2018-02-12', 325, 4),
('a53be647-e3ce-4612-a2ea-7a7ce6bf8daf', '20cbcf02-9ca1-49e4-a84b-3cfe50ae0e1d', '1755db32-c5f9-4297-83bb-f23dbade51ee', '2017-03-20', 770, 6),
('a54e41d4-7103-410e-8159-24880fe980c7', '0d1164c8-86cb-4fac-b8c7-924e5a1fb768', '1755db32-c5f9-4297-83bb-f23dbade51ee', '2018-11-06', 177, 21),
('a5b59b69-7232-4687-962f-fe535ee79576', '7ed6dd06-abd4-4b7d-b101-6de9b7ef1282', '1755db32-c5f9-4297-83bb-f23dbade51ee', '2018-11-19', 708, 4),
('a5c49ed9-2df1-4bb9-8b01-7b07fe08c703', '2d2fb5dd-20d2-4bf2-8c41-888dbff3f8bd', '1755db32-c5f9-4297-83bb-f23dbade51ee', '2014-10-30', 964, 0),
('a5daf15b-6fc6-450c-8947-a2da1cedd119', 'ff7dc571-8e0d-4168-a738-440859677598', '1755db32-c5f9-4297-83bb-f23dbade51ee', '2017-05-03', 419, 9),
('a5fd1001-b1cd-4b22-b330-4edf4d6f909b', 'cb9ef960-0410-4748-91bf-34b5d49eb453', '1755db32-c5f9-4297-83bb-f23dbade51ee', '2018-11-09', 722, 9),
('a6298abe-9377-4db4-b2a6-a7193fcc672b', 'b2ac1d0d-7ec7-4536-a98c-aa0c08f632b1', '1755db32-c5f9-4297-83bb-f23dbade51ee', '2019-05-10', 80, 2),
('a62fd6d1-560c-4fb1-a642-1999f1f44be3', 'a47fec31-0b0d-4772-9590-298ffaffee33', '42d3f05e-9625-4d4f-994c-860b0233b464', '2018-09-18', 327, 10),
('a67dd512-7ad2-4544-a06a-e48fedadc82d', '10d8e885-d9c5-4c9d-aa22-6b30727d970f', '1755db32-c5f9-4297-83bb-f23dbade51ee', '2016-12-20', 129, 2),
('a745ed74-95c8-4460-832b-ff4219643110', '20cbcf02-9ca1-49e4-a84b-3cfe50ae0e1d', '1755db32-c5f9-4297-83bb-f23dbade51ee', '2018-07-04', 517, 16),
('a7b621d8-06d5-47f9-9d22-638f53d169e7', '28d3077c-9713-44bd-b2db-f72d26fa86fd', '42d3f05e-9625-4d4f-994c-860b0233b464', '2018-09-07', 687, 10),
('a8282e80-f320-42f4-919e-fd72f90cf218', '31e49c81-1b6d-47bb-a608-0a7f6360c740', '42d3f05e-9625-4d4f-994c-860b0233b464', '2018-09-19', 228, 1),
('a8341864-bbe5-4f1f-b132-71f1fd79de18', 'fb1dc0b1-c264-4834-b749-73b3757b543a', '1755db32-c5f9-4297-83bb-f23dbade51ee', '2016-04-01', 150, 12),
('a86e1275-1d2b-45ed-8600-5e727a992d78', '08d5f28a-4aae-4ea5-8b9c-e70dbc99414e', '42d3f05e-9625-4d4f-994c-860b0233b464', '2017-11-08', 881, 2),
('a888d67e-cafd-4f17-bf1b-83e94312b407', 'ff7dc571-8e0d-4168-a738-440859677598', '1755db32-c5f9-4297-83bb-f23dbade51ee', '2019-04-19', 152, 26),
('a8f2f571-1e6b-4c48-a9b3-13f45d5ee416', 'b230df78-e1a0-4a58-b3fa-e0ae169a245f', '1755db32-c5f9-4297-83bb-f23dbade51ee', '2016-06-08', 426, 2),
('a945ef87-0a84-42cd-b881-7bfd0361ae9a', 'cfbbca05-90f6-42fc-a336-6cc8bff53fab', '42d3f05e-9625-4d4f-994c-860b0233b464', '2019-09-07', 480, 11),
('a95b1d48-9f08-42e5-b12b-d338d423ad28', '07a700d3-8302-408b-81fa-437b8f484156', '42d3f05e-9625-4d4f-994c-860b0233b464', '2019-10-05', 397, 7),
('a9b126d1-e7d0-4930-9444-48f85003bcf3', '1035392f-6a21-461c-b073-38509318da77', '42d3f05e-9625-4d4f-994c-860b0233b464', '2018-06-27', 501, 7),
('a9c7aef9-d9cc-462d-b0c6-64789919a554', 'c4a702a0-fe9f-4b9d-9368-8c16b85358d4', '42d3f05e-9625-4d4f-994c-860b0233b464', '2018-07-25', 525, 8),
('a9e09e80-61d7-42a5-a83b-5a5d850bfb0a', '28d3077c-9713-44bd-b2db-f72d26fa86fd', '42d3f05e-9625-4d4f-994c-860b0233b464', '2019-07-09', 548, 15),
('aa020564-f1d2-4d06-8d2a-a50100d5e4b4', 'f8cb1f36-fb4d-498a-98c9-cb67f85e55d5', '1755db32-c5f9-4297-83bb-f23dbade51ee', '2018-02-23', 664, 10),
('aa1c6628-ad07-46f6-bcd7-0cf240573239', '3998b404-4b67-4729-8eaa-048e67687c34', '1755db32-c5f9-4297-83bb-f23dbade51ee', '2017-09-20', 614, 12),
('aa71fb5b-aaa6-4d10-860e-9f51525db85a', '976a38c8-8847-4d69-b50f-31cac1368c33', '1755db32-c5f9-4297-83bb-f23dbade51ee', '2017-07-07', 785, 14),
('aa824bc4-bc31-48dc-a0ba-92fd399a9d52', 'f1f519d3-1d71-4a84-ac79-86cbdaa34bed', '1755db32-c5f9-4297-83bb-f23dbade51ee', '2019-09-04', 261, 4),
('aaa422a6-8440-4075-922e-fd83f75515de', 'fe0ff5ab-8a0f-4474-98e8-ad448dc35fe6', '1755db32-c5f9-4297-83bb-f23dbade51ee', '2018-06-22', 780, 4),
('aab135a8-03d1-4f80-9097-17c63f861742', '5e90ccf5-e0f0-43de-acfb-ece9ace1a1f4', '42d3f05e-9625-4d4f-994c-860b0233b464', '2019-09-05', 335, 11),
('aac0c25f-9e0e-49f6-8750-51d36f42cedd', 'fb1dc0b1-c264-4834-b749-73b3757b543a', '1755db32-c5f9-4297-83bb-f23dbade51ee', '2016-04-08', 1036, 13),
('ab0f2971-8a30-41d0-8f41-0a643b572218', '5767e2c5-e5d1-4961-9b42-69fc9d3ec4d3', '1755db32-c5f9-4297-83bb-f23dbade51ee', '2017-11-26', 252, 4),
('ab7f0abc-e799-403a-a517-e60316cc6bd5', '10d8e885-d9c5-4c9d-aa22-6b30727d970f', '1755db32-c5f9-4297-83bb-f23dbade51ee', '2019-06-27', 682, 8),
('abc55781-15e5-4c21-8ef7-9b84984f5424', '4f152e7a-1285-45db-a753-0fbdf60c0f09', '1755db32-c5f9-4297-83bb-f23dbade51ee', '2017-11-15', 241, 1),
('abec0999-de42-4375-a2c9-d30821111e7b', 'fd0112ec-a41e-47c5-83d6-c863d52a66b2', '1755db32-c5f9-4297-83bb-f23dbade51ee', '2017-05-30', 391, 10),
('abeca63f-bec5-4afe-a03d-85d622aea989', '95d30308-3584-4e01-a3e2-f53e6f902be7', '42d3f05e-9625-4d4f-994c-860b0233b464', '2017-09-23', 2053, 4),
('ac189a76-a16f-410f-8e97-3cd634cbd9cb', '28d3077c-9713-44bd-b2db-f72d26fa86fd', '42d3f05e-9625-4d4f-994c-860b0233b464', '2018-05-23', 313, 7),
('ac95d9a5-8242-498a-b584-489926d9db93', 'fb1dc0b1-c264-4834-b749-73b3757b543a', '1755db32-c5f9-4297-83bb-f23dbade51ee', '2018-06-23', 629, 38),
('acdab134-66be-4932-be5e-167cf7048a6a', 'f775a676-9718-4be0-b366-848d5599188a', '1755db32-c5f9-4297-83bb-f23dbade51ee', '2019-07-23', 685, 3),
('ad336b42-5fcf-4df5-a8fe-9229c4671a0d', '6be8e5c3-b70c-424c-8960-2e030af722f0', '1755db32-c5f9-4297-83bb-f23dbade51ee', '2018-12-31', 1592, 0),
('ad66a792-a055-4752-a05d-2c3c280cbb86', 'fec47f25-9c7c-4038-ab1b-58a5d7a2397f', '1755db32-c5f9-4297-83bb-f23dbade51ee', '2017-07-10', 184, 1),
('ad6d6c3f-e8de-43ce-9e6a-302c4b0c4f2a', '617b897f-5bd7-491c-b70a-181e7124041e', '1755db32-c5f9-4297-83bb-f23dbade51ee', '2017-10-04', 520, 0),
('ad7e4627-bbb5-4218-82d2-42e694b1f82e', 'b3e034b5-e502-415b-ba02-56119b1c2aa9', '1755db32-c5f9-4297-83bb-f23dbade51ee', '2019-09-20', 217, 6),
('ad7e6669-ad76-44e7-b629-18054619c9b2', 'a47fec31-0b0d-4772-9590-298ffaffee33', '42d3f05e-9625-4d4f-994c-860b0233b464', '2018-12-04', 300, 13),
('adf2020f-9f09-4476-b21b-9fafa9ad9343', '976a38c8-8847-4d69-b50f-31cac1368c33', '1755db32-c5f9-4297-83bb-f23dbade51ee', '2016-03-11', 419, 4),
('ae64896e-69ea-4814-94c8-99838b8892cc', 'ff7dc571-8e0d-4168-a738-440859677598', '1755db32-c5f9-4297-83bb-f23dbade51ee', '2018-07-24', 516, 20),
('ae739225-b992-4c87-8adb-2a246fd1617c', '9a5d72c4-265a-4c84-bcf2-9846178daa1f', '1755db32-c5f9-4297-83bb-f23dbade51ee', '2017-06-24', 684, 4),
('aeb3e874-079b-4418-bbba-6fa03e6c1be1', '98944b97-5576-47d8-b579-a07694782ae5', '1755db32-c5f9-4297-83bb-f23dbade51ee', '2018-03-26', 201, 2),
('aeb86845-276e-4334-9b08-9d24b07f1991', '847d64db-bdc6-4834-b524-7a12782f25a6', '1755db32-c5f9-4297-83bb-f23dbade51ee', '2017-01-27', 262, 2),
('aee6d637-0cb6-471d-99b3-7b40d8c347c1', '20cbcf02-9ca1-49e4-a84b-3cfe50ae0e1d', '1755db32-c5f9-4297-83bb-f23dbade51ee', '2017-01-03', 301, 5),
('aeefe883-1508-4ec5-881d-53e4c526b132', '3a1364f5-da18-4583-92ba-a45e1bc548a2', '1755db32-c5f9-4297-83bb-f23dbade51ee', '2019-09-08', 454, 25),
('af03a461-4d6e-44d3-91fe-ca2b1d6dc2db', '5e90ccf5-e0f0-43de-acfb-ece9ace1a1f4', '1755db32-c5f9-4297-83bb-f23dbade51ee', '2017-04-11', 432, 3),
('af3ac595-6de2-49b1-9f2c-8fad57388196', '353ad7b0-4529-42be-850c-ee3ea0544c16', '1755db32-c5f9-4297-83bb-f23dbade51ee', '2017-11-13', 443, 4),
('af86051d-0ab8-4bac-8ddc-c140ad2d9ebb', '95d30308-3584-4e01-a3e2-f53e6f902be7', '1755db32-c5f9-4297-83bb-f23dbade51ee', '2019-03-20', 452, 11),
('afa4419c-d91c-442c-b271-a3c07c2deba8', '2ae101bd-17ef-4e7f-8a55-aafb313ab966', '1755db32-c5f9-4297-83bb-f23dbade51ee', '2016-10-25', 333, 1),
('afa9d68a-490e-4e08-8367-dc1c7964f653', '847d64db-bdc6-4834-b524-7a12782f25a6', '42d3f05e-9625-4d4f-994c-860b0233b464', '2017-05-22', 424, 3),
('afbb5820-0001-469f-844f-05467a3f46b4', '61d94b34-264a-4971-a179-9d0004c2dd37', '1755db32-c5f9-4297-83bb-f23dbade51ee', '2019-09-14', 75, 2),
('afd9cb09-d6b7-438f-9ae7-d1876506a4c4', 'd19f75ab-4b3c-475f-a265-26fa58d7de3f', '1755db32-c5f9-4297-83bb-f23dbade51ee', '2017-05-18', 200, 4),
('b00a91f5-f85b-428d-8cb8-a998b9648a60', 'fb1dc0b1-c264-4834-b749-73b3757b543a', '1755db32-c5f9-4297-83bb-f23dbade51ee', '2018-12-04', 1044, 44),
('b0367ab8-cd93-48e0-b4ea-6acab02203a2', 'e885c7ef-12d9-4142-9cef-7a79fcdd9dc3', '1755db32-c5f9-4297-83bb-f23dbade51ee', '2018-02-05', 683, 0),
('b04e750e-c050-4065-9e71-2451d37a7430', 'fb1dc0b1-c264-4834-b749-73b3757b543a', '1755db32-c5f9-4297-83bb-f23dbade51ee', '2016-12-16', 559, 20),
('b0d06e52-bfeb-4211-865f-a9cbc5177abb', '9a5d72c4-265a-4c84-bcf2-9846178daa1f', '1755db32-c5f9-4297-83bb-f23dbade51ee', '2016-05-09', 524, 0),
('b0e867bd-e457-41e5-b1fd-d294667f5c45', 'e9cb2528-824d-442c-9752-f2677cd21a6b', '42d3f05e-9625-4d4f-994c-860b0233b464', '2017-11-18', 301, 2),
('b0fdc423-d173-4b92-87c7-43fce34114ff', '3998b404-4b67-4729-8eaa-048e67687c34', '1755db32-c5f9-4297-83bb-f23dbade51ee', '2017-07-25', 308, 11),
('b1886465-c632-48b8-86aa-0754bb001eb1', 'cc6f9cb3-86c6-4c9b-9042-9f4d348b09be', '1755db32-c5f9-4297-83bb-f23dbade51ee', '2018-05-18', 63, 1),
('b22c4706-17d2-4606-96c5-a78f9dd282ec', '8788d95f-cacb-43d4-a03c-d12244a28091', '1755db32-c5f9-4297-83bb-f23dbade51ee', '2015-05-07', 370, 1),
('b23778ca-a231-4677-87bb-c4ec6784b3f2', '95d30308-3584-4e01-a3e2-f53e6f902be7', '1755db32-c5f9-4297-83bb-f23dbade51ee', '2016-12-11', 1191, 0),
('b23b733d-3f24-4b5f-aaf0-624d4ad19d11', '65d9649a-8e6d-4189-8c75-95e2cb6efc6e', '1755db32-c5f9-4297-83bb-f23dbade51ee', '2017-12-07', 300, 1),
('b2736eaf-f44d-4120-b947-b99fbd1f1a4c', '3f808819-4e72-4295-bdef-32ba43ae358d', '1755db32-c5f9-4297-83bb-f23dbade51ee', '2016-03-10', 358, 4),
('b284ec01-ebae-4119-ae49-3a2dd4555f09', 'c679be26-0eb8-47dd-a152-7d8942fbcb0f', '1755db32-c5f9-4297-83bb-f23dbade51ee', '2016-04-11', 1017, 0),
('b2bc1b95-d708-4c36-a467-cacbfa6b7863', 'fb1dc0b1-c264-4834-b749-73b3757b543a', '1755db32-c5f9-4297-83bb-f23dbade51ee', '2015-01-12', 762, 4),
('b2bfa22c-d5c4-4a8c-aa60-802e0aa6c2f4', '5767e2c5-e5d1-4961-9b42-69fc9d3ec4d3', '1755db32-c5f9-4297-83bb-f23dbade51ee', '2018-03-08', 330, 5),
('b314f3de-94a1-4336-9f82-1c9241a8a9a9', '98944b97-5576-47d8-b579-a07694782ae5', '1755db32-c5f9-4297-83bb-f23dbade51ee', '2019-07-22', 612, 7),
('b399e206-d4e0-4608-a196-08479ca4aeae', '711cee40-f409-4553-a77b-2ce1655ea8f1', '1755db32-c5f9-4297-83bb-f23dbade51ee', '2017-11-01', 320, 1),
('b3acc6b1-d8e5-4a7f-acd4-c5e4653a5496', 'a70c452f-d890-438e-a9be-fb6d990457f8', '1755db32-c5f9-4297-83bb-f23dbade51ee', '2019-07-01', 312, 6),
('b3fea446-e305-4b76-a470-28d8b91de10d', '7005d9a7-f88f-43be-85f0-a54c5d07d0d3', '1755db32-c5f9-4297-83bb-f23dbade51ee', '2019-05-26', 85, 6),
('b418dc61-ba12-49c3-b5b4-78de796bfde9', 'fd0112ec-a41e-47c5-83d6-c863d52a66b2', '1755db32-c5f9-4297-83bb-f23dbade51ee', '2016-01-08', 108, 4),
('b4437bd8-19a0-4704-83cb-f437d0bc00f1', 'd19f75ab-4b3c-475f-a265-26fa58d7de3f', 'c1519b89-73ad-444e-93c6-2cba8eb9f124', '2017-05-18', 1590, 5),
('b4c1be72-3e32-45ec-a92b-c22ccceb2268', '46698802-daa4-45f8-8884-61ccd1e7e46b', '42d3f05e-9625-4d4f-994c-860b0233b464', '2018-10-03', 752, 5),
('b4d74910-35df-4b57-bc00-5e6f88d3bb0c', '20cbcf02-9ca1-49e4-a84b-3cfe50ae0e1d', '1755db32-c5f9-4297-83bb-f23dbade51ee', '2017-07-18', 499, 8),
('b4e28baa-09ee-4eba-9267-8189e91f612e', '353ad7b0-4529-42be-850c-ee3ea0544c16', '1755db32-c5f9-4297-83bb-f23dbade51ee', '2016-07-18', 132, 2),
('b4ed9431-f76a-4ac6-8d59-78a501b9aecb', '8714d419-fad6-4fb2-b7d7-091bb95972fe', '1755db32-c5f9-4297-83bb-f23dbade51ee', '2018-01-08', 504, 0),
('b53268ab-fa42-4260-84ca-6ff14d2163e3', '4f2d86df-acd0-4226-a03d-6b5ab5fd0f5c', '42d3f05e-9625-4d4f-994c-860b0233b464', '2019-06-17', 512, 7),
('b5462d27-9f65-487f-b602-eb9f23631548', 'b826f736-d0c1-48d4-9831-c672020abe61', 'c1519b89-73ad-444e-93c6-2cba8eb9f124', '2019-05-24', 120, 4),
('b5467746-3d09-450b-99c3-df9b718248d1', '98944b97-5576-47d8-b579-a07694782ae5', '1755db32-c5f9-4297-83bb-f23dbade51ee', '2019-02-06', 300, 6),
('b54b4eab-1c97-4c4a-ad06-aa4718ebf7b5', '0f1ac18d-a323-40df-9963-7667bdfa3bad', '1755db32-c5f9-4297-83bb-f23dbade51ee', '2015-09-25', 717, 0),
('b5518cf0-9faa-45de-a974-f7d22f6a1311', '941e220f-7b2b-4d5c-93e9-9d372cbac85f', '1755db32-c5f9-4297-83bb-f23dbade51ee', '2017-09-25', 195, 1),
('b5efbaf9-3723-48c5-9f60-e09c567c3742', 'e0eb6cf0-2b3f-444d-a1c0-0d1d686df250', '1755db32-c5f9-4297-83bb-f23dbade51ee', '2019-09-04', 500, 24),
('b605e92f-f213-4578-8ed4-3d0afdde2655', '7c887837-4de3-4aa0-b277-d319b42fa306', '1755db32-c5f9-4297-83bb-f23dbade51ee', '2018-10-18', 657, 4),
('b64589a6-3a41-4403-975f-47bf57cad384', '2f67ec33-ccde-445a-89a2-0444a855316b', '1755db32-c5f9-4297-83bb-f23dbade51ee', '2015-07-04', 153, 1),
('b6748b86-e7bc-4bd8-8678-2a80773049eb', '353ad7b0-4529-42be-850c-ee3ea0544c16', '1755db32-c5f9-4297-83bb-f23dbade51ee', '2019-06-11', 302, 9),
('b6893f07-b71a-4a90-8710-0102601f6a36', '9af12b78-45b3-495f-a24c-2ecf485442e9', '1755db32-c5f9-4297-83bb-f23dbade51ee', '2019-03-11', 514, 5),
('b6bfe4f3-21b7-4c0c-bc65-24f045975e59', '9209a147-9e57-40e5-a018-512326b7929e', '1755db32-c5f9-4297-83bb-f23dbade51ee', '2018-09-03', 212, 3),
('b6d29765-3e08-4aae-8e6c-c4fe487da113', '5e647f63-ddc1-4c50-9469-3168d5d19eaa', '1755db32-c5f9-4297-83bb-f23dbade51ee', '2019-07-06', 267, 4),
('b6fc42de-109d-4d6c-b91f-96d495b50ae6', 'bde703ca-8d4b-4582-b2fd-9cd2c32b7915', '42d3f05e-9625-4d4f-994c-860b0233b464', '2019-05-10', 569, 7),
('b71513f4-7ec9-47e0-ab51-5967fd27f0e7', '9a5d72c4-265a-4c84-bcf2-9846178daa1f', '1755db32-c5f9-4297-83bb-f23dbade51ee', '2019-05-16', 140, 8),
('b7ad9053-403d-4b16-b0de-0aaae0aaaa9b', '3d8200b8-daf7-4ab2-900d-6c6186fe4731', '1755db32-c5f9-4297-83bb-f23dbade51ee', '2019-04-07', 1160, 0),
('b7ffecc9-80e9-432a-8566-5b47d90ccdb3', '7c97d8cc-cfcb-43fe-9d85-3b65753037c3', '42d3f05e-9625-4d4f-994c-860b0233b464', '2019-09-21', 892, 6),
('b8052c87-7cec-409a-963d-a11fc2093361', '7fc93642-083c-4dc6-b233-fe4a7df4c6b8', '1755db32-c5f9-4297-83bb-f23dbade51ee', '2016-04-25', 498, 0),
('b806412a-3214-4dc2-a56a-7ce2c2d3ff94', 'fd0112ec-a41e-47c5-83d6-c863d52a66b2', '1755db32-c5f9-4297-83bb-f23dbade51ee', '2015-11-06', 391, 3),
('b82be6c2-ba58-44b9-8c0f-dc3fc83a4f80', 'fb1dc0b1-c264-4834-b749-73b3757b543a', '1755db32-c5f9-4297-83bb-f23dbade51ee', '2019-07-15', 600, 40),
('b8623574-55df-47a0-ae88-f9eb107576b9', '31e8e18b-450f-4657-99c9-96a60ec60241', '42d3f05e-9625-4d4f-994c-860b0233b464', '2017-09-11', 2205, 0),
('b87973de-7ecd-4f32-9f61-cf3f504794ad', '6be8e5c3-b70c-424c-8960-2e030af722f0', '42d3f05e-9625-4d4f-994c-860b0233b464', '2019-07-13', 567, 4),
('b8959215-ede4-463e-9131-d5626f17c0e8', '2778d4a5-3e52-4aeb-8590-e488a5b3603e', '42d3f05e-9625-4d4f-994c-860b0233b464', '2017-06-26', 645, 4),
('b8d6d843-cdee-4615-90f5-e84ad55dd90e', '166acebd-712e-4c80-95e4-42ef4253de4d', '1755db32-c5f9-4297-83bb-f23dbade51ee', '2015-02-06', 336, 0),
('b8fad9ba-ae51-4c11-881e-a6444ce78acd', 'ff7dc571-8e0d-4168-a738-440859677598', '1755db32-c5f9-4297-83bb-f23dbade51ee', '2018-05-07', 515, 19),
('b93b1a49-7692-4178-ac55-7e7651ad93a6', 'c4a702a0-fe9f-4b9d-9368-8c16b85358d4', '1755db32-c5f9-4297-83bb-f23dbade51ee', '2016-06-06', 1124, 1),
('b9639579-0339-4ae9-966c-454e3a7289ca', 'a7f82870-b88c-4118-b52b-2fdde8ac4916', '42d3f05e-9625-4d4f-994c-860b0233b464', '2018-07-03', 503, 3),
('b9d1287d-e9b6-41d3-8def-d46c3c8fb3b4', '62b656a7-8f07-4cdd-a69f-baf1b3762d59', '1755db32-c5f9-4297-83bb-f23dbade51ee', '2015-02-05', 629, 0),
('b9d96432-9534-499f-8a18-024c88f7ccc6', '95d30308-3584-4e01-a3e2-f53e6f902be7', '1755db32-c5f9-4297-83bb-f23dbade51ee', '2018-07-24', 200, 9),
('ba27b672-0656-4136-8582-e5b902b9e754', 'eed10dd2-3b07-4b48-8c9b-75bd052a94e7', '1755db32-c5f9-4297-83bb-f23dbade51ee', '2018-05-16', 120, 1),
('ba6996b0-8b1c-480f-ab9e-9d51a7e1739f', 'fd0112ec-a41e-47c5-83d6-c863d52a66b2', '1755db32-c5f9-4297-83bb-f23dbade51ee', '2019-01-07', 217, 26),
('ba9d0c05-5670-49b5-82d0-bc2d44f6b716', 'fd0112ec-a41e-47c5-83d6-c863d52a66b2', '1755db32-c5f9-4297-83bb-f23dbade51ee', '2019-08-27', 372, 27),
('bab0419e-f65e-42ea-8cef-bfd48e4e57f4', 'f8cb1f36-fb4d-498a-98c9-cb67f85e55d5', '1755db32-c5f9-4297-83bb-f23dbade51ee', '2018-06-30', 439, 11),
('bace23d0-279d-470a-9ab5-0762bf917143', '5e90ccf5-e0f0-43de-acfb-ece9ace1a1f4', '42d3f05e-9625-4d4f-994c-860b0233b464', '2017-06-06', 585, 5),
('baf64625-1936-456c-9177-4c252cb73bb6', '2f67ec33-ccde-445a-89a2-0444a855316b', '1755db32-c5f9-4297-83bb-f23dbade51ee', '2016-06-07', 160, 2),
('bb9363c9-2294-46cc-b3d0-1a55ebfeb167', '6900dd28-c114-4be8-ba7f-ed10a1214bde', '1755db32-c5f9-4297-83bb-f23dbade51ee', '2016-07-01', 1394, 0),
('bbf12f79-dbab-4048-810e-a400f14492ae', 'fb1dc0b1-c264-4834-b749-73b3757b543a', '1755db32-c5f9-4297-83bb-f23dbade51ee', '2017-05-17', 1032, 25),
('bbfc684f-0efe-4b80-adc8-e3f32c604c87', 'fb1dc0b1-c264-4834-b749-73b3757b543a', '1755db32-c5f9-4297-83bb-f23dbade51ee', '2014-05-14', 838, 0),
('bc18f261-c56e-4230-98d2-c0daebe62e0a', '20cbcf02-9ca1-49e4-a84b-3cfe50ae0e1d', '1755db32-c5f9-4297-83bb-f23dbade51ee', '2018-01-26', 318, 12),
('bc307f4e-ea02-4ba8-998f-b66e16ab9351', '0cb3295b-de58-4247-8f78-3ec4996d0e53', '42d3f05e-9625-4d4f-994c-860b0233b464', '2019-09-11', 430, 9),
('bc3f65d1-7399-4d81-bc1c-15a6849cf42f', 'a47fec31-0b0d-4772-9590-298ffaffee33', '1755db32-c5f9-4297-83bb-f23dbade51ee', '2018-04-19', 379, 1),
('bc592d52-fc6b-483b-95a9-8c63cc8ddabf', '7c97d8cc-cfcb-43fe-9d85-3b65753037c3', '42d3f05e-9625-4d4f-994c-860b0233b464', '2019-02-18', 762, 4),
('bc7bfd1e-3324-4549-917a-26a095a20aae', '08d5f28a-4aae-4ea5-8b9c-e70dbc99414e', '42d3f05e-9625-4d4f-994c-860b0233b464', '2018-02-09', 759, 4),
('bc94ef1f-4826-4356-a726-bd663c6fd299', 'fd0112ec-a41e-47c5-83d6-c863d52a66b2', '1755db32-c5f9-4297-83bb-f23dbade51ee', '2018-07-16', 570, 21),
('bc98c05e-6b9f-485b-97c9-273893511522', 'acaef8f6-948c-4be6-a9ab-4e459c29f504', '1755db32-c5f9-4297-83bb-f23dbade51ee', '2019-03-13', 402, 2),
('bc9ddbe5-0f4a-4def-9d64-407e21eae4b7', '8ba90b31-97c2-4f3e-a1e3-02183e7fa83b', '42d3f05e-9625-4d4f-994c-860b0233b464', '2018-09-19', 3575, 1),
('bdadcc62-45ef-42eb-87b7-60dab0159d24', '2778d4a5-3e52-4aeb-8590-e488a5b3603e', '42d3f05e-9625-4d4f-994c-860b0233b464', '2019-06-17', 427, 12),
('bdbb09f0-ac58-4933-bb7c-0e3498c71e4f', '094565ce-33ac-4c05-b03e-a1d7969f67f4', '1755db32-c5f9-4297-83bb-f23dbade51ee', '2017-04-14', 246, 1),
('bdc25d0e-31f3-4939-b40a-50f1604036f3', 'ff7dc571-8e0d-4168-a738-440859677598', '1755db32-c5f9-4297-83bb-f23dbade51ee', '2018-01-01', 320, 15),
('be4f37e0-2c75-4469-a5de-47205a4cf7db', 'fb1dc0b1-c264-4834-b749-73b3757b543a', '1755db32-c5f9-4297-83bb-f23dbade51ee', '2018-09-30', 1580, 42),
('bea7d123-be38-4ec1-9a88-a8c45a62a105', 'fd0112ec-a41e-47c5-83d6-c863d52a66b2', '1755db32-c5f9-4297-83bb-f23dbade51ee', '2019-03-21', 536, 26),
('beae7450-a0e7-4bd6-a645-ee266d8abbb4', 'a70c452f-d890-438e-a9be-fb6d990457f8', '1755db32-c5f9-4297-83bb-f23dbade51ee', '2018-10-22', 343, 4),
('becebe23-41a4-4ad0-ae89-30ab82b0c4a8', '7ed6dd06-abd4-4b7d-b101-6de9b7ef1282', '1755db32-c5f9-4297-83bb-f23dbade51ee', '2018-04-21', 521, 2),
('bf0c2b87-6896-49d6-8d30-725e964ad2f1', '62b656a7-8f07-4cdd-a69f-baf1b3762d59', '1755db32-c5f9-4297-83bb-f23dbade51ee', '2019-06-25', 319, 6),
('bf15da0b-e4f7-4c92-8a7f-5b179c1d47a7', '7c44b365-7f00-4618-bbb4-04ee46f4c431', '1755db32-c5f9-4297-83bb-f23dbade51ee', '2019-09-27', 138, 4),
('bf4b24fd-fd48-4660-9686-dea5297fb2e6', 'e1958186-7058-4eb5-bcd8-e6002e5ee2cf', '1755db32-c5f9-4297-83bb-f23dbade51ee', '2017-02-09', 519, 0),
('bf4bbb2b-2b20-4499-8ea5-2abe621ab50b', '99679ff0-49a2-43c1-b4ca-7f1ba4b1b923', '1755db32-c5f9-4297-83bb-f23dbade51ee', '2015-01-01', 612, 3),
('bf56e18d-657b-4a85-bad7-0e0cb4461242', '0d1164c8-86cb-4fac-b8c7-924e5a1fb768', '1755db32-c5f9-4297-83bb-f23dbade51ee', '2018-01-09', 634, 16),
('bfbcb5e7-d438-4ac3-8db5-0deb0b4e5b4c', 'e0eb6cf0-2b3f-444d-a1c0-0d1d686df250', '1755db32-c5f9-4297-83bb-f23dbade51ee', '2019-07-20', 89, 20),
('c0689dee-97b7-45fa-9a1e-c3c6aecb71fb', '67d00ce2-0cf7-40be-bcb5-c8ffdbe8492e', '1755db32-c5f9-4297-83bb-f23dbade51ee', '2018-10-16', 897, 9),
('c088338b-5f11-43bc-9d71-6fff1ca8974d', 'b4ea967f-90ee-457b-8ce0-984c84f92587', '42d3f05e-9625-4d4f-994c-860b0233b464', '2019-08-31', 370, 6),
('c10cac98-63fd-47a3-b162-865292cde1a8', 'd4948451-9034-46be-92a3-386b7b8c4859', '1755db32-c5f9-4297-83bb-f23dbade51ee', '2018-09-29', 317, 1),
('c123037c-9e1a-4d89-9666-9770392ddfb1', '94a376af-7587-449f-8707-e2cbd88ebd6b', '1755db32-c5f9-4297-83bb-f23dbade51ee', '2018-04-15', 630, 6),
('c16370f3-16d5-414b-8964-1a3c1940d6d7', 'd182ad79-9def-46b2-8b6a-73ff57c93ea5', '1755db32-c5f9-4297-83bb-f23dbade51ee', '2014-10-08', 434, 1),
('c18612ac-08ae-4dec-8c3d-c2aa2b01b9f7', 'd4e675e8-6a12-4617-8be8-33e489832288', '42d3f05e-9625-4d4f-994c-860b0233b464', '2019-03-15', 366, 6),
('c190ad53-bf79-478f-b208-7193220d9eed', '94a376af-7587-449f-8707-e2cbd88ebd6b', '1755db32-c5f9-4297-83bb-f23dbade51ee', '2017-06-16', 586, 3),
('c1bbe0c4-8326-402c-abf0-d7a871c129f9', '3f808819-4e72-4295-bdef-32ba43ae358d', '1755db32-c5f9-4297-83bb-f23dbade51ee', '2019-03-27', 460, 16),
('c1c332e5-5505-4a00-a985-84a213a2b639', '7c887837-4de3-4aa0-b277-d319b42fa306', '1755db32-c5f9-4297-83bb-f23dbade51ee', '2019-02-20', 90, 5),
('c1c8e4f9-3c44-4db0-9f69-1c24f4baa002', '08d5f28a-4aae-4ea5-8b9c-e70dbc99414e', '42d3f05e-9625-4d4f-994c-860b0233b464', '2017-07-17', 217, 1),
('c1cf85d7-6397-4132-9e91-d2b96bcdc74b', '7005d9a7-f88f-43be-85f0-a54c5d07d0d3', '1755db32-c5f9-4297-83bb-f23dbade51ee', '2018-06-12', 200, 1),
('c1f062d8-ebdf-49d6-9c88-438ea92be6b9', 'f0c78b74-13d9-4b15-b383-82b63e192237', '1755db32-c5f9-4297-83bb-f23dbade51ee', '2016-12-08', 162, 5),
('c214d33d-a9b3-49d8-b177-32bcb07571f7', 'de63fa06-7b25-439e-98b2-0b936a516e6d', '1755db32-c5f9-4297-83bb-f23dbade51ee', '2017-12-04', 306, 2),
('c22656ee-ede2-445e-a7ad-152ea4c3ecac', '44d52ed0-5873-4c12-9b20-ab492be71bc3', '42d3f05e-9625-4d4f-994c-860b0233b464', '2018-07-23', 783, 3),
('c27d772c-4de6-4569-ba9a-8cdbd3aa8129', '47a478f9-1a62-4715-bdb7-c3df5f35cabe', '42d3f05e-9625-4d4f-994c-860b0233b464', '2018-04-17', 2500, 0),
('c2c0075a-413b-4045-9d8a-1fe3b9d119d1', '2b8a5f6e-1d2d-42cc-9824-354c535eca09', '1755db32-c5f9-4297-83bb-f23dbade51ee', '2019-04-23', 169, 3),
('c331a679-07f2-462f-a2a5-10db5b2bcf1f', 'e58c50b1-dc2a-4c9f-b22c-04e0cb5492cc', '42d3f05e-9625-4d4f-994c-860b0233b464', '2019-09-15', 3502, 0),
('c3481916-cc1a-421c-b48e-b884d52eff20', '5e647f63-ddc1-4c50-9469-3168d5d19eaa', '1755db32-c5f9-4297-83bb-f23dbade51ee', '2019-09-04', 400, 5),
('c3560d6d-e916-48cd-9191-60da533e6180', 'b3e034b5-e502-415b-ba02-56119b1c2aa9', '1755db32-c5f9-4297-83bb-f23dbade51ee', '2019-07-08', 349, 5),
('c3749146-e6ed-4d9c-9ed2-d169352884ea', '218f4274-14b9-4594-b834-c19326e37a25', '1755db32-c5f9-4297-83bb-f23dbade51ee', '2017-09-21', 518, 3),
('c37f2b80-4f7c-415c-867e-bcc7619e6ba7', 'dcb5b689-28ba-410f-a0fc-a7517d1f8100', '1755db32-c5f9-4297-83bb-f23dbade51ee', '2016-03-16', 682, 0),
('c3ab8829-64b7-4ba6-b5f6-ea4876c09bf2', '3f808819-4e72-4295-bdef-32ba43ae358d', '1755db32-c5f9-4297-83bb-f23dbade51ee', '2015-08-26', 910, 0),
('c3d2aa05-787c-4306-9040-75bc9611fddc', '62b656a7-8f07-4cdd-a69f-baf1b3762d59', '1755db32-c5f9-4297-83bb-f23dbade51ee', '2016-06-19', 599, 1),
('c44987ec-0aa5-49af-acf4-314faec2a4c7', '08d5f28a-4aae-4ea5-8b9c-e70dbc99414e', 'c1519b89-73ad-444e-93c6-2cba8eb9f124', '2018-10-25', 102, 9),
('c4815933-a7cd-48f2-9b3e-7268022859fe', 'fb1dc0b1-c264-4834-b749-73b3757b543a', '1755db32-c5f9-4297-83bb-f23dbade51ee', '2014-11-27', 1348, 1),
('c4885bea-d59f-4267-a288-716dfa838c1b', '2778d4a5-3e52-4aeb-8590-e488a5b3603e', '42d3f05e-9625-4d4f-994c-860b0233b464', '2019-09-14', 450, 13),
('c511ee72-2895-49e7-a65a-ea09edd30d3a', 'ff7dc571-8e0d-4168-a738-440859677598', '1755db32-c5f9-4297-83bb-f23dbade51ee', '2018-04-03', 481, 18),
('c580bb5b-3338-4900-8cc1-d0ff6183006c', 'fd0112ec-a41e-47c5-83d6-c863d52a66b2', '1755db32-c5f9-4297-83bb-f23dbade51ee', '2018-07-23', 156, 22),
('c5c4c91c-0c58-48c0-b231-e4eb22622ccb', '0d1164c8-86cb-4fac-b8c7-924e5a1fb768', '1755db32-c5f9-4297-83bb-f23dbade51ee', '2018-04-17', 99, 19),
('c5f33afe-1b45-46c8-9c5c-ee709a64628d', 'f6fdbba1-7e4e-429f-9701-81991fc728d3', '1755db32-c5f9-4297-83bb-f23dbade51ee', '2018-07-18', 627, 3),
('c631f4cc-95d3-4955-bd0f-dee7aa83e498', '9f92eba8-f934-4fc9-ac1a-f5870e001f99', '1755db32-c5f9-4297-83bb-f23dbade51ee', '2016-06-12', 1149, 0),
('c660cdc0-c0f1-46e0-8aa8-7de90cfa93b3', '20cbcf02-9ca1-49e4-a84b-3cfe50ae0e1d', '1755db32-c5f9-4297-83bb-f23dbade51ee', '2017-05-19', 644, 7),
('c695868d-6206-478a-8e99-d48a3102a54a', '99679ff0-49a2-43c1-b4ca-7f1ba4b1b923', '1755db32-c5f9-4297-83bb-f23dbade51ee', '2019-09-04', 1110, 20),
('c6db62dc-fc49-4aff-94c5-19537dc43eb4', 'a233d294-2bb8-4b55-8d19-014fe7bd7b35', '1755db32-c5f9-4297-83bb-f23dbade51ee', '2018-09-06', 624, 0),
('c7afcab2-bab1-458d-b5ba-90434c15c631', '1ea5000d-6a63-4cb9-b20d-da1d051aa0dc', '1755db32-c5f9-4297-83bb-f23dbade51ee', '2017-04-04', 380, 1),
('c7bb2fc5-ea3f-4304-b72b-36ff91f06fb4', '08d5f28a-4aae-4ea5-8b9c-e70dbc99414e', '1755db32-c5f9-4297-83bb-f23dbade51ee', '2017-02-01', 501, 0),
('c817c510-7329-421d-809c-37a585b8589d', '09f62d80-d97d-44f9-bd71-46245e371c82', '42d3f05e-9625-4d4f-994c-860b0233b464', '2019-07-13', 227, 7),
('c8209ef4-87c5-4cfe-b381-90d8224832a7', '2d2fb5dd-20d2-4bf2-8c41-888dbff3f8bd', 'c1519b89-73ad-444e-93c6-2cba8eb9f124', '2019-01-14', 1863, 9),
('c963748f-3de2-43a4-a10c-7f6e85c57e57', '5767e2c5-e5d1-4961-9b42-69fc9d3ec4d3', '42d3f05e-9625-4d4f-994c-860b0233b464', '2018-01-25', 280, 6),
('c992f7ae-ffa7-4fb6-b696-16cab8163733', '7005d9a7-f88f-43be-85f0-a54c5d07d0d3', '1755db32-c5f9-4297-83bb-f23dbade51ee', '2019-02-05', 195, 3),
('c9c4adee-98b5-4731-b338-0b794345a79c', 'f0c78b74-13d9-4b15-b383-82b63e192237', '1755db32-c5f9-4297-83bb-f23dbade51ee', '2018-04-11', 45, 10),
('c9fda4f5-d6e9-4a95-b639-cf2c16d45a8b', 'd182ad79-9def-46b2-8b6a-73ff57c93ea5', '42d3f05e-9625-4d4f-994c-860b0233b464', '2019-01-10', 886, 14),
('ca126ffd-dcf1-4d26-a3d5-333212654b40', '85fe12ae-06a4-4e63-a3f0-f3f373886aa1', '1755db32-c5f9-4297-83bb-f23dbade51ee', '2019-09-12', 584, 2),
('ca4daeff-0150-4d02-99ef-96729f486504', '99679ff0-49a2-43c1-b4ca-7f1ba4b1b923', '1755db32-c5f9-4297-83bb-f23dbade51ee', '2018-05-30', 996, 14),
('ca9724d8-783b-43da-b768-72a7b4e1542a', '85fe12ae-06a4-4e63-a3f0-f3f373886aa1', '42d3f05e-9625-4d4f-994c-860b0233b464', '2019-07-06', 4379, 1),
('cac23bce-e067-4301-a866-4645e85ac431', '0cb3295b-de58-4247-8f78-3ec4996d0e53', '1755db32-c5f9-4297-83bb-f23dbade51ee', '2017-11-30', 337, 8),
('cad9dd43-e2a7-4567-8963-dc971fe5eced', '0cb3295b-de58-4247-8f78-3ec4996d0e53', '1755db32-c5f9-4297-83bb-f23dbade51ee', '2015-11-23', 314, 3),
('cae86abf-89bd-4221-a069-3e8db351eca0', '8788d95f-cacb-43d4-a03c-d12244a28091', '1755db32-c5f9-4297-83bb-f23dbade51ee', '2015-09-22', 542, 2),
('cb0b4f0b-8a0d-4f40-81f4-45a28d389e23', '53674b99-bd2f-4729-91a7-079c664070e5', '42d3f05e-9625-4d4f-994c-860b0233b464', '2018-11-07', 734, 5),
('cb1ee4b0-9507-40d5-950f-3e4fcb80fa3f', '5e647f63-ddc1-4c50-9469-3168d5d19eaa', '1755db32-c5f9-4297-83bb-f23dbade51ee', '2019-01-16', 970, 0),
('cb331df1-f920-4c13-88c8-38c69c963142', '2d2fb5dd-20d2-4bf2-8c41-888dbff3f8bd', 'c1519b89-73ad-444e-93c6-2cba8eb9f124', '2019-07-04', 38, 15),
('cb3dec43-2c5b-4d2d-88e8-6d78f9c5bb56', 'd19f75ab-4b3c-475f-a265-26fa58d7de3f', '42d3f05e-9625-4d4f-994c-860b0233b464', '2017-11-23', 240, 6),
('cb8134a3-5129-4551-81fe-06817cfeffeb', '8b631c3a-d29c-4847-a6c1-7bf75eda3951', '42d3f05e-9625-4d4f-994c-860b0233b464', '2019-05-29', 1750, 6),
('cbb36d74-8a8e-48b5-b78a-c97aec23ba0a', '617b897f-5bd7-491c-b70a-181e7124041e', '1755db32-c5f9-4297-83bb-f23dbade51ee', '2019-01-02', 80, 2),
('cbe4bbcd-2532-45d0-83e6-1eeb7014deee', 'e0eb6cf0-2b3f-444d-a1c0-0d1d686df250', '1755db32-c5f9-4297-83bb-f23dbade51ee', '2019-05-15', 1086, 20),
('cbf1663f-c99b-41a3-847e-3b6e208c4109', 'ff7dc571-8e0d-4168-a738-440859677598', '1755db32-c5f9-4297-83bb-f23dbade51ee', '2019-02-23', 739, 24),
('cc7339b9-c325-4ec4-8360-eb6699dcf338', '77db6d09-9a83-4732-a45b-6f1020e6fea4', '1755db32-c5f9-4297-83bb-f23dbade51ee', '2018-06-20', 581, 0),
('cc831b47-3e0f-4d47-8635-ed0b36518ba1', 'd4e675e8-6a12-4617-8be8-33e489832288', '1755db32-c5f9-4297-83bb-f23dbade51ee', '2019-06-21', 210, 7),
('ccbfb140-4c46-4b46-9282-6908bb826fda', '8725b48c-a5ac-44b4-aab3-debc3afd8686', '1755db32-c5f9-4297-83bb-f23dbade51ee', '2018-07-06', 363, 3),
('ccc124e9-ac48-48c2-b48d-3f304cf5c215', '28d3077c-9713-44bd-b2db-f72d26fa86fd', '42d3f05e-9625-4d4f-994c-860b0233b464', '2018-08-23', 228, 9),
('ccfafd70-91a9-4695-bbfa-f3f68763e6b4', '3a1364f5-da18-4583-92ba-a45e1bc548a2', 'c1519b89-73ad-444e-93c6-2cba8eb9f124', '2017-05-17', 1582, 7),
('cd105036-b680-4e10-8532-73882d83460e', 'c70a9f12-f227-472a-ab0f-051642d749b6', '1755db32-c5f9-4297-83bb-f23dbade51ee', '2017-06-13', 1224, 0),
('cd13c26e-bc8d-4267-b916-def216c546cf', '4d3fa202-8e58-4557-8a8c-dbbbf675f737', '1755db32-c5f9-4297-83bb-f23dbade51ee', '2018-05-29', 829, 0),
('cd7f97aa-7a33-4ba9-b192-0e9951ae8014', '3a1364f5-da18-4583-92ba-a45e1bc548a2', '1755db32-c5f9-4297-83bb-f23dbade51ee', '2017-04-19', 132, 6),
('ce1733ba-fc73-4e4c-a23c-1d6a926af096', '20cbcf02-9ca1-49e4-a84b-3cfe50ae0e1d', '1755db32-c5f9-4297-83bb-f23dbade51ee', '2018-12-10', 415, 21),
('ce69f8fe-94a4-43e5-8828-e30a424ba53a', '28d3077c-9713-44bd-b2db-f72d26fa86fd', '42d3f05e-9625-4d4f-994c-860b0233b464', '2018-02-01', 540, 6),
('cf2e9a24-5441-45a9-90f6-ae2e6bfc5c51', 'fb1dc0b1-c264-4834-b749-73b3757b543a', '1755db32-c5f9-4297-83bb-f23dbade51ee', '2016-11-21', 2049, 19),
('cf6c7682-b55c-46d5-9470-75b5c03aa558', '0d1164c8-86cb-4fac-b8c7-924e5a1fb768', '1755db32-c5f9-4297-83bb-f23dbade51ee', '2016-09-15', 387, 5),
('cfca40fe-385a-4db5-ba7f-24eebc17ef78', '949e3d47-86e2-4dbc-b6a5-40c08176fd2a', '1755db32-c5f9-4297-83bb-f23dbade51ee', '2019-09-20', 720, 1),
('cfeaa4fd-b380-4588-ac9c-33b70f54603b', '65d9649a-8e6d-4189-8c75-95e2cb6efc6e', '1755db32-c5f9-4297-83bb-f23dbade51ee', '2018-04-20', 1842, 2),
('d05180da-ba84-4c3c-9ac8-80216c6a7e59', 'cfbbca05-90f6-42fc-a336-6cc8bff53fab', '1755db32-c5f9-4297-83bb-f23dbade51ee', '2016-12-08', 150, 1),
('d08ae2cd-55ca-479e-8363-4aa2a6a678f5', 'd45be056-b962-4328-900a-6fcfd5b3f0fd', '1755db32-c5f9-4297-83bb-f23dbade51ee', '2015-06-12', 353, 1),
('d0bb400f-a1ec-4095-bb56-d6152aecc247', 'ada52aeb-b321-4883-a35d-128cd1f47243', '1755db32-c5f9-4297-83bb-f23dbade51ee', '2018-12-04', 1406, 0),
('d0bf38c1-7041-4ea9-b1fb-02a58bd22251', 'd45be056-b962-4328-900a-6fcfd5b3f0fd', '1755db32-c5f9-4297-83bb-f23dbade51ee', '2015-03-05', 791, 0),
('d0d5950b-2178-4824-9ee3-96753e4a7e2f', 'b3e034b5-e502-415b-ba02-56119b1c2aa9', '1755db32-c5f9-4297-83bb-f23dbade51ee', '2018-10-22', 216, 2),
('d1021192-9619-469b-920a-7c3cbcbfb06f', 'b4ea967f-90ee-457b-8ce0-984c84f92587', '1755db32-c5f9-4297-83bb-f23dbade51ee', '2019-01-09', 841, 4),
('d124c115-8da5-4e7d-a591-c912b0614b37', 'cbddf7a6-850d-4040-93dd-9a96b92dc4ff', '1755db32-c5f9-4297-83bb-f23dbade51ee', '2018-09-01', 241, 2),
('d12d4893-55f2-4409-b38b-acf601ce2461', 'a47fec31-0b0d-4772-9590-298ffaffee33', '42d3f05e-9625-4d4f-994c-860b0233b464', '2018-07-13', 327, 6),
('d1424e6e-3ef5-487e-a1a5-27880643ce10', 'eed10dd2-3b07-4b48-8c9b-75bd052a94e7', '1755db32-c5f9-4297-83bb-f23dbade51ee', '2018-02-21', 700, 0),
('d18ac461-c0d8-47ba-a27b-6832553a7110', '330bf4a1-13e7-48c2-a9cf-1b7fa160eb7f', '1755db32-c5f9-4297-83bb-f23dbade51ee', '2019-07-17', 172, 9),
('d18b1896-9187-4347-9fd5-e3d34f0aa884', '94ec3fb0-915b-4ea6-bf74-eb45ac8158f6', '1755db32-c5f9-4297-83bb-f23dbade51ee', '2019-08-31', 1316, 1),
('d1f815d0-1282-4d10-b949-4989dbe2c8c9', '09f62d80-d97d-44f9-bd71-46245e371c82', '42d3f05e-9625-4d4f-994c-860b0233b464', '2017-03-18', 2962, 0),
('d2220dd5-fdd4-42c5-ac86-c43332988a4f', '7c44b365-7f00-4618-bbb4-04ee46f4c431', '1755db32-c5f9-4297-83bb-f23dbade51ee', '2019-07-09', 395, 3),
('d2388c28-630c-429a-bc78-d2cfc6d2063f', '9af12b78-45b3-495f-a24c-2ecf485442e9', '1755db32-c5f9-4297-83bb-f23dbade51ee', '2017-05-19', 382, 2),
('d2f0cdf4-cfc3-497c-b2a6-9c5bd3a9ae66', '44d52ed0-5873-4c12-9b20-ab492be71bc3', '42d3f05e-9625-4d4f-994c-860b0233b464', '2018-02-19', 502, 1),
('d3070889-d18d-411b-bc5b-c41da4b69689', '9a5d72c4-265a-4c84-bcf2-9846178daa1f', '1755db32-c5f9-4297-83bb-f23dbade51ee', '2017-02-01', 129, 3),
('d435d3a9-e739-4dac-80d8-e258a89b9207', '89d5ef0a-4037-4b9a-8504-78dad44366ce', '42d3f05e-9625-4d4f-994c-860b0233b464', '2018-01-04', 306, 7);
INSERT INTO `cms_gindre_commande` (`id`, `shop_id`, `product_type_id`, `date_commande`, `amount`, `number`) VALUES
('d52fad2f-6313-41f8-91ca-9ed4412bd995', 'e885c7ef-12d9-4142-9cef-7a79fcdd9dc3', '1755db32-c5f9-4297-83bb-f23dbade51ee', '2018-10-05', 52, 4),
('d552b5ba-360d-4457-b169-6e888a99b9d4', 'f0a2f746-471a-4939-b7ef-18db8f5ad2a4', '1755db32-c5f9-4297-83bb-f23dbade51ee', '2018-05-09', 618, 2),
('d58d7707-3ad9-4cc3-9e8f-e1e2b6016d61', '4f152e7a-1285-45db-a753-0fbdf60c0f09', '1755db32-c5f9-4297-83bb-f23dbade51ee', '2019-06-06', 362, 5),
('d59e6973-02c8-4d26-8a87-e42aff7d9f53', 'e0eb6cf0-2b3f-444d-a1c0-0d1d686df250', '1755db32-c5f9-4297-83bb-f23dbade51ee', '2016-05-06', 1191, 6),
('d5c8b8e1-8f97-4e7c-b384-cbbca13acba7', '8ba90b31-97c2-4f3e-a1e3-02183e7fa83b', '42d3f05e-9625-4d4f-994c-860b0233b464', '2019-09-28', 1034, 6),
('d622c554-2e95-45a0-95c8-31c6b88d258a', '1035392f-6a21-461c-b073-38509318da77', '1755db32-c5f9-4297-83bb-f23dbade51ee', '2019-02-14', 304, 13),
('d6ad5535-f46e-4eb5-b81e-47f8bbdb7d9c', '3f808819-4e72-4295-bdef-32ba43ae358d', '1755db32-c5f9-4297-83bb-f23dbade51ee', '2015-12-08', 208, 2),
('d6e16d46-24fb-439b-8b67-4f7882a19ff4', '976a38c8-8847-4d69-b50f-31cac1368c33', '1755db32-c5f9-4297-83bb-f23dbade51ee', '2016-01-12', 511, 3),
('d70346c9-6ca9-43b9-b823-5dd218b7883c', '04655c1b-536d-493f-a463-9f7998369294', '42d3f05e-9625-4d4f-994c-860b0233b464', '2019-09-12', 618, 5),
('d76440a0-1fa8-4f8a-89aa-7bc6fa6ee96a', 'f8cb1f36-fb4d-498a-98c9-cb67f85e55d5', '1755db32-c5f9-4297-83bb-f23dbade51ee', '2018-10-26', 810, 12),
('d7ee2f1c-4272-41ee-8d2d-c0ae13786e01', '976a38c8-8847-4d69-b50f-31cac1368c33', '1755db32-c5f9-4297-83bb-f23dbade51ee', '2016-12-16', 352, 9),
('d83baf27-c282-46d8-8909-ce0368cf9642', '8b631c3a-d29c-4847-a6c1-7bf75eda3951', '1755db32-c5f9-4297-83bb-f23dbade51ee', '2018-11-27', 375, 5),
('d84b19aa-e11e-4fde-a0b8-926b97aab3ef', 'fb1dc0b1-c264-4834-b749-73b3757b543a', '1755db32-c5f9-4297-83bb-f23dbade51ee', '2017-03-22', 870, 23),
('d857a362-cbab-4c9c-8eb2-17a2cadc0881', '3f808819-4e72-4295-bdef-32ba43ae358d', '1755db32-c5f9-4297-83bb-f23dbade51ee', '2017-10-14', 2574, 10),
('d8805b2b-1f8f-42f9-be71-c13c09795860', '9a5d72c4-265a-4c84-bcf2-9846178daa1f', '1755db32-c5f9-4297-83bb-f23dbade51ee', '2018-04-27', 100, 6),
('d8ea88d2-8305-4340-ac67-3b3891c61a86', 'fb1dc0b1-c264-4834-b749-73b3757b543a', '42d3f05e-9625-4d4f-994c-860b0233b464', '2019-02-26', 1120, 34),
('d9427289-2139-4e7d-9267-f5dc801ed35f', 'bb3c4465-3e4b-4149-8340-698926f89ec0', '42d3f05e-9625-4d4f-994c-860b0233b464', '2018-02-01', 658, 2),
('d95c6af0-ff3a-451a-af0f-a7d0811abc5f', 'ff7dc571-8e0d-4168-a738-440859677598', '1755db32-c5f9-4297-83bb-f23dbade51ee', '2018-11-05', 610, 21),
('d972a2c6-956b-4937-b523-23ff32275fb6', 'fb1dc0b1-c264-4834-b749-73b3757b543a', '1755db32-c5f9-4297-83bb-f23dbade51ee', '2016-05-11', 801, 14),
('da06f4e9-01d9-49bd-9d1c-2bad624ac994', 'eed10dd2-3b07-4b48-8c9b-75bd052a94e7', '1755db32-c5f9-4297-83bb-f23dbade51ee', '2019-03-13', 113, 3),
('da0790bb-be28-4d3f-9cd2-89958de5cd11', '976a38c8-8847-4d69-b50f-31cac1368c33', '1755db32-c5f9-4297-83bb-f23dbade51ee', '2015-01-01', 500, 0),
('da08e58d-0d09-4e3e-a088-d1308096e7f7', '9b85b2c8-35f6-42a9-b4bf-e47519548a01', '1755db32-c5f9-4297-83bb-f23dbade51ee', '2017-05-03', 501, 0),
('da3b0675-324d-4761-8f7b-8443a8cdb59f', 'a47fec31-0b0d-4772-9590-298ffaffee33', '42d3f05e-9625-4d4f-994c-860b0233b464', '2019-09-26', 333, 28),
('da5e5f67-c00a-4e2a-a104-6d4beb465410', '4d3fa202-8e58-4557-8a8c-dbbbf675f737', '1755db32-c5f9-4297-83bb-f23dbade51ee', '2019-04-25', 183, 5),
('dae0a8c4-e25b-405c-ad15-c6f436e4e15b', '617b897f-5bd7-491c-b70a-181e7124041e', '1755db32-c5f9-4297-83bb-f23dbade51ee', '2018-05-02', 160, 1),
('dae67163-4ef5-4f6a-949e-94b1d79a040c', '984d12e8-7582-438e-81c0-86f968c89a85', '42d3f05e-9625-4d4f-994c-860b0233b464', '2019-05-22', 1359, 5),
('db2f6945-0c8f-427d-b22c-f4d303be8ad6', 'b230df78-e1a0-4a58-b3fa-e0ae169a245f', '1755db32-c5f9-4297-83bb-f23dbade51ee', '2016-11-08', 132, 3),
('dbeaaf15-2d8b-4ae6-94a7-d616be8597f7', '094565ce-33ac-4c05-b03e-a1d7969f67f4', '1755db32-c5f9-4297-83bb-f23dbade51ee', '2017-02-01', 524, 0),
('dc42b209-94e3-4224-a737-e806860a07fe', '8e01fdd2-9925-4500-a89d-43da6a345275', '1755db32-c5f9-4297-83bb-f23dbade51ee', '2018-11-02', 103, 1),
('dc9d90d0-7553-4449-8dfd-9d0db787d86a', 'e0eb6cf0-2b3f-444d-a1c0-0d1d686df250', '1755db32-c5f9-4297-83bb-f23dbade51ee', '2018-09-18', 591, 17),
('dca7a799-98db-4373-b292-32ca428be88b', 'bde703ca-8d4b-4582-b2fd-9cd2c32b7915', '42d3f05e-9625-4d4f-994c-860b0233b464', '2018-11-29', 322, 4),
('dcb901f2-5c9c-46dc-9b9f-cb0e705644de', '46698802-daa4-45f8-8884-61ccd1e7e46b', '42d3f05e-9625-4d4f-994c-860b0233b464', '2019-01-18', 1208, 7),
('dcdb96f2-00a0-4b50-95a0-821b25274d15', '9209a147-9e57-40e5-a018-512326b7929e', '1755db32-c5f9-4297-83bb-f23dbade51ee', '2018-01-30', 347, 1),
('dce6dd0e-4038-48ab-af39-6ff435cad66b', 'eba8debb-f918-463d-82ff-a81cdd52b6bc', '42d3f05e-9625-4d4f-994c-860b0233b464', '2018-06-07', 603, 1),
('dd2965be-e8f9-4bc6-9566-22f62d2db4b1', '20cbcf02-9ca1-49e4-a84b-3cfe50ae0e1d', '1755db32-c5f9-4297-83bb-f23dbade51ee', '2016-09-10', 351, 3),
('dda2b98e-8c1c-4a12-be09-b3358d1e5413', '8e01fdd2-9925-4500-a89d-43da6a345275', 'c1519b89-73ad-444e-93c6-2cba8eb9f124', '2018-11-08', 2835, 0),
('de2b90cd-e2b3-4ef7-8e80-057e36a205be', 'fb1dc0b1-c264-4834-b749-73b3757b543a', '1755db32-c5f9-4297-83bb-f23dbade51ee', '2018-06-15', 303, 38),
('de497072-de40-412e-83d9-6d03c0d8aa39', '218f4274-14b9-4594-b834-c19326e37a25', '1755db32-c5f9-4297-83bb-f23dbade51ee', '2016-10-01', 702, 0),
('de773754-17ba-49aa-ac8a-a066ebc768a0', '1035392f-6a21-461c-b073-38509318da77', '42d3f05e-9625-4d4f-994c-860b0233b464', '2019-01-27', 803, 11),
('de8d18a2-ae56-4d79-af13-44a6f5bf5a72', '1026e741-e806-4a01-9c16-e1ce39b67751', '42d3f05e-9625-4d4f-994c-860b0233b464', '2019-09-02', 332, 2),
('de951df0-aae3-4745-8fe9-8ea2e0fefb6b', '3f808819-4e72-4295-bdef-32ba43ae358d', '1755db32-c5f9-4297-83bb-f23dbade51ee', '2019-01-03', 1078, 15),
('dece1977-921c-4ef5-b981-ac31745371d9', '7c44b365-7f00-4618-bbb4-04ee46f4c431', '1755db32-c5f9-4297-83bb-f23dbade51ee', '2018-11-13', 40, 2),
('ded77b1b-a41e-4d3b-b903-ae07f85378dd', '67d00ce2-0cf7-40be-bcb5-c8ffdbe8492e', '1755db32-c5f9-4297-83bb-f23dbade51ee', '2019-07-22', 718, 13),
('df1b96a2-91f5-490b-9377-cb53e7d9b553', 'fb1dc0b1-c264-4834-b749-73b3757b543a', '1755db32-c5f9-4297-83bb-f23dbade51ee', '2017-02-20', 1110, 22),
('df3243b6-c0eb-43ef-914a-2c0e51b57e9f', '976a38c8-8847-4d69-b50f-31cac1368c33', '1755db32-c5f9-4297-83bb-f23dbade51ee', '2015-09-28', 410, 1),
('df74008d-6689-4376-b8b6-875631c4fe97', '4f2d86df-acd0-4226-a03d-6b5ab5fd0f5c', '42d3f05e-9625-4d4f-994c-860b0233b464', '2017-11-03', 598, 2),
('df98eabf-8add-4d4e-91d5-81812730c3c4', '7c97d8cc-cfcb-43fe-9d85-3b65753037c3', '42d3f05e-9625-4d4f-994c-860b0233b464', '2017-11-08', 2431, 0),
('df9a3851-72e4-4780-bc75-e1eb5b057297', 'a47fec31-0b0d-4772-9590-298ffaffee33', '42d3f05e-9625-4d4f-994c-860b0233b464', '2019-01-05', 1100, 15),
('dfcdc1db-5ef6-4abb-bc4f-50ae68ad6273', 'c4a702a0-fe9f-4b9d-9368-8c16b85358d4', '42d3f05e-9625-4d4f-994c-860b0233b464', '2019-04-11', 391, 9),
('dfddb11c-a0ed-402e-a1a2-58f7521746b8', '67d00ce2-0cf7-40be-bcb5-c8ffdbe8492e', '1755db32-c5f9-4297-83bb-f23dbade51ee', '2017-10-24', 1061, 4),
('e00882af-ba78-4e09-83bd-bac778bb4987', 'cfbbca05-90f6-42fc-a336-6cc8bff53fab', '1755db32-c5f9-4297-83bb-f23dbade51ee', '2018-05-31', 428, 6),
('e0666cbb-e52d-4462-9df5-68b16bdc1bc4', '95d30308-3584-4e01-a3e2-f53e6f902be7', '1755db32-c5f9-4297-83bb-f23dbade51ee', '2017-12-06', 175, 5),
('e08e1b2d-0ceb-4c91-944a-9f6ff5f39d00', '0f1ac18d-a323-40df-9963-7667bdfa3bad', '1755db32-c5f9-4297-83bb-f23dbade51ee', '2015-11-18', 114, 1),
('e08ff34d-2a12-4e7d-b597-7432ca32a461', '67d00ce2-0cf7-40be-bcb5-c8ffdbe8492e', '1755db32-c5f9-4297-83bb-f23dbade51ee', '2019-09-09', 691, 14),
('e0b8071a-9680-4085-bda7-59937b2f1377', 'dff3df6b-d2ed-4131-a3a8-1a26e013b355', '1755db32-c5f9-4297-83bb-f23dbade51ee', '2018-09-14', 165, 1),
('e0d3f7d3-1844-43c4-8a6e-b6b1c1f8c6c0', '2778d4a5-3e52-4aeb-8590-e488a5b3603e', '1755db32-c5f9-4297-83bb-f23dbade51ee', '2018-09-20', 120, 9),
('e0dd20f3-62b2-4fdd-81da-5b0be4b21914', '8788d95f-cacb-43d4-a03c-d12244a28091', '1755db32-c5f9-4297-83bb-f23dbade51ee', '2017-05-17', 366, 6),
('e1449194-8fb1-4a81-9f97-b21c455884e8', 'fb1dc0b1-c264-4834-b749-73b3757b543a', '1755db32-c5f9-4297-83bb-f23dbade51ee', '2014-07-24', 773, 2),
('e1825841-539b-41f2-a006-9929d5775fae', 'f0c78b74-13d9-4b15-b383-82b63e192237', '1755db32-c5f9-4297-83bb-f23dbade51ee', '2019-01-17', 352, 12),
('e188c81b-40d3-4992-bc3a-49dea5c2bb68', 'f6fdbba1-7e4e-429f-9701-81991fc728d3', '1755db32-c5f9-4297-83bb-f23dbade51ee', '2017-12-18', 331, 2),
('e1ac59ca-666d-4330-b272-6e4760d405d4', '20cbcf02-9ca1-49e4-a84b-3cfe50ae0e1d', '1755db32-c5f9-4297-83bb-f23dbade51ee', '2018-03-31', 859, 14),
('e1be36d9-67fd-46c0-9a00-f5c403b943f7', 'e0eb6cf0-2b3f-444d-a1c0-0d1d686df250', '1755db32-c5f9-4297-83bb-f23dbade51ee', '2017-09-11', 60, 12),
('e1ce5963-a741-4b9b-8bf2-7f3a85fde76e', 'c4a702a0-fe9f-4b9d-9368-8c16b85358d4', '42d3f05e-9625-4d4f-994c-860b0233b464', '2019-07-19', 795, 10),
('e1e6f4cb-9a01-41f4-84fd-c8a4d70c2d79', '99679ff0-49a2-43c1-b4ca-7f1ba4b1b923', '1755db32-c5f9-4297-83bb-f23dbade51ee', '2019-02-01', 1087, 18),
('e1fe86fb-6d2e-4a72-b8b8-82aa46a4bf0f', '7005d9a7-f88f-43be-85f0-a54c5d07d0d3', '1755db32-c5f9-4297-83bb-f23dbade51ee', '2018-09-18', 132, 2),
('e20c2c9d-2284-47ac-b42b-93ef4cb0ea16', '7005d9a7-f88f-43be-85f0-a54c5d07d0d3', '1755db32-c5f9-4297-83bb-f23dbade51ee', '2019-03-07', 470, 4),
('e257ea6b-6604-4e95-a182-9686110b353b', '2778d4a5-3e52-4aeb-8590-e488a5b3603e', '1755db32-c5f9-4297-83bb-f23dbade51ee', '2015-09-30', 326, 1),
('e2c73fb8-2f58-4e80-90dd-2a333d50972f', '353ad7b0-4529-42be-850c-ee3ea0544c16', '1755db32-c5f9-4297-83bb-f23dbade51ee', '2019-01-28', 92, 7),
('e3151307-f7b1-4ded-91b3-76b15339b504', '218f4274-14b9-4594-b834-c19326e37a25', '1755db32-c5f9-4297-83bb-f23dbade51ee', '2017-03-03', 560, 2),
('e38822e8-e366-4969-bfff-878ffeb985fb', 'cb9ef960-0410-4748-91bf-34b5d49eb453', '1755db32-c5f9-4297-83bb-f23dbade51ee', '2015-08-05', 171, 2),
('e4653280-80b1-49ea-9d9d-be1aa850dc26', '330bf4a1-13e7-48c2-a9cf-1b7fa160eb7f', '1755db32-c5f9-4297-83bb-f23dbade51ee', '2019-07-11', 310, 8),
('e4731106-dca6-4535-83ce-85d85c43835e', '79ecf165-d18a-47c3-bce6-f0adde06d53d', '1755db32-c5f9-4297-83bb-f23dbade51ee', '2016-11-29', 368, 1),
('e48c3704-1ae1-4c62-8fa2-d6aa355ad41e', 'f8cb1f36-fb4d-498a-98c9-cb67f85e55d5', '1755db32-c5f9-4297-83bb-f23dbade51ee', '2016-11-23', 533, 6),
('e49330fb-b377-4f67-9e7c-e3a3e95449d4', '7c97d8cc-cfcb-43fe-9d85-3b65753037c3', '42d3f05e-9625-4d4f-994c-860b0233b464', '2018-05-14', 799, 1),
('e4c11b9b-6bb1-4d2a-ac5f-e8ab3fb921d8', 'a47fec31-0b0d-4772-9590-298ffaffee33', '42d3f05e-9625-4d4f-994c-860b0233b464', '2018-11-15', 522, 12),
('e4c6e89d-412f-42de-93ac-fb095d17d294', 'ff7dc571-8e0d-4168-a738-440859677598', '1755db32-c5f9-4297-83bb-f23dbade51ee', '2017-02-13', 680, 7),
('e5145615-aa79-4629-91cf-473b25031385', 'fd0112ec-a41e-47c5-83d6-c863d52a66b2', '1755db32-c5f9-4297-83bb-f23dbade51ee', '2017-10-20', 150, 15),
('e5432e26-c522-4029-8875-18b0eefb41e1', 'f1f519d3-1d71-4a84-ac79-86cbdaa34bed', '1755db32-c5f9-4297-83bb-f23dbade51ee', '2019-09-04', 132, 3),
('e55008b2-ba13-4460-829d-642d985e1d7a', '89d15773-e72c-4f35-b688-697b49e77841', '1755db32-c5f9-4297-83bb-f23dbade51ee', '2019-01-16', 1171, 0),
('e594f1f9-2869-4677-87f4-abed58b52782', '43dea3b8-d8a2-48fd-a760-6627e36641c1', '42d3f05e-9625-4d4f-994c-860b0233b464', '2017-06-24', 767, 2),
('e5b514c6-ce51-4fd4-aa7d-0aabdb2c62aa', 'aad715e6-324f-4e63-a0d5-8e7447c7a7c6', '1755db32-c5f9-4297-83bb-f23dbade51ee', '2015-06-06', 536, 0),
('e6bb5c52-3a3c-4d12-b23e-993f9a7e2366', '2b76b144-e408-4faf-b82a-60f57a2fb76c', '1755db32-c5f9-4297-83bb-f23dbade51ee', '2019-07-03', 464, 7),
('e6c9ca86-b8a8-494f-87ec-4e696c6e5560', 'c4a702a0-fe9f-4b9d-9368-8c16b85358d4', '42d3f05e-9625-4d4f-994c-860b0233b464', '2018-01-18', 744, 6),
('e72f96d4-213d-4b9b-9453-a222b247f1c0', 'a7f82870-b88c-4118-b52b-2fdde8ac4916', '42d3f05e-9625-4d4f-994c-860b0233b464', '2018-07-11', 300, 4),
('e77b787d-ed83-4984-95a4-53ba11da2670', '3998b404-4b67-4729-8eaa-048e67687c34', '1755db32-c5f9-4297-83bb-f23dbade51ee', '2017-04-11', 488, 10),
('e78fcd34-61d7-45aa-9391-4cfc00f79bf6', '3a1364f5-da18-4583-92ba-a45e1bc548a2', '42d3f05e-9625-4d4f-994c-860b0233b464', '2018-08-29', 76, 18),
('e794bcb0-657e-4fda-8028-fb3893827acf', 'e9cb2528-824d-442c-9752-f2677cd21a6b', '1755db32-c5f9-4297-83bb-f23dbade51ee', '2018-01-12', 367, 3),
('e79c18bf-3376-4857-8570-e3f50ac71257', '4d3fa202-8e58-4557-8a8c-dbbbf675f737', '1755db32-c5f9-4297-83bb-f23dbade51ee', '2018-11-30', 99, 3),
('e7bde80f-fba7-4173-84b2-fd4eed920302', '3524204e-0bab-41fc-a7b5-f2334886af20', '1755db32-c5f9-4297-83bb-f23dbade51ee', '2018-11-09', 515, 0),
('e7ca6d62-d59d-466d-af44-3c7505ea4468', '46698802-daa4-45f8-8884-61ccd1e7e46b', '42d3f05e-9625-4d4f-994c-860b0233b464', '2018-09-03', 360, 2),
('e7d54dc0-1015-49df-96d1-351a80c1d436', '617b897f-5bd7-491c-b70a-181e7124041e', '1755db32-c5f9-4297-83bb-f23dbade51ee', '2019-03-26', 86, 3),
('e8519f6d-b85b-40d5-ba5f-fe5fd4a9b3e9', '04655c1b-536d-493f-a463-9f7998369294', '42d3f05e-9625-4d4f-994c-860b0233b464', '2017-09-14', 2645, 0),
('e86bfe26-9ecb-4def-8594-1015384b01c2', 'aad715e6-324f-4e63-a0d5-8e7447c7a7c6', '1755db32-c5f9-4297-83bb-f23dbade51ee', '2015-10-15', 518, 1),
('e8719e24-cb53-4326-be28-4c93b7d937eb', 'fb1dc0b1-c264-4834-b749-73b3757b543a', '1755db32-c5f9-4297-83bb-f23dbade51ee', '2017-07-24', 956, 27),
('e89d43da-eb62-4447-8ffd-fc8f6e7c9c72', '0cb3295b-de58-4247-8f78-3ec4996d0e53', '1755db32-c5f9-4297-83bb-f23dbade51ee', '2015-05-04', 662, 0),
('e8d2f58f-7992-40f0-b597-420a23e982b2', 'cc6f9cb3-86c6-4c9b-9042-9f4d348b09be', '42d3f05e-9625-4d4f-994c-860b0233b464', '2019-03-12', 123, 3),
('e92bc366-1495-4053-9b79-83ff6f02b1d8', '2ae101bd-17ef-4e7f-8a55-aafb313ab966', '1755db32-c5f9-4297-83bb-f23dbade51ee', '2017-04-25', 138, 2),
('e9512f17-0030-4a4d-acf0-bb85102df4ec', '7990fc46-6374-4c8b-86ba-e355832f1cbd', '1755db32-c5f9-4297-83bb-f23dbade51ee', '2019-01-23', 162, 2),
('e9b29279-a582-4ab9-b44c-c5ac50ee5b1d', '976a38c8-8847-4d69-b50f-31cac1368c33', '42d3f05e-9625-4d4f-994c-860b0233b464', '2017-08-26', 733, 16),
('e9b3ac76-cc87-4fdc-b43c-2a73d04cf038', '4d3fa202-8e58-4557-8a8c-dbbbf675f737', '42d3f05e-9625-4d4f-994c-860b0233b464', '2019-09-08', 642, 6),
('e9c02523-6ba5-4590-9649-323dc6df13dd', 'c3c897d1-e0bc-4baf-8c98-e1c794db8106', '1755db32-c5f9-4297-83bb-f23dbade51ee', '2019-09-12', 420, 2),
('ea3ea0f2-c239-403d-bed0-67d5fb7a2149', 'b3e034b5-e502-415b-ba02-56119b1c2aa9', '1755db32-c5f9-4297-83bb-f23dbade51ee', '2019-05-22', 539, 4),
('ea6843e1-d1eb-4697-be9a-e3b52f4da421', '976a38c8-8847-4d69-b50f-31cac1368c33', '1755db32-c5f9-4297-83bb-f23dbade51ee', '2017-04-14', 321, 12),
('eabdbcf5-357c-42ed-9aec-70a9dfd77e27', '3f808819-4e72-4295-bdef-32ba43ae358d', '1755db32-c5f9-4297-83bb-f23dbade51ee', '2016-11-22', 857, 7),
('eafb17c9-78e4-49b5-adfd-c4acd308a0cd', '89d5ef0a-4037-4b9a-8504-78dad44366ce', '1755db32-c5f9-4297-83bb-f23dbade51ee', '2019-03-09', 437, 12),
('eb023806-05d5-44dc-b375-46e40f273828', '7c97d8cc-cfcb-43fe-9d85-3b65753037c3', '42d3f05e-9625-4d4f-994c-860b0233b464', '2018-10-03', 1704, 2),
('eb0a968c-7adf-4824-b614-569ad352a17a', 'e0eb6cf0-2b3f-444d-a1c0-0d1d686df250', '1755db32-c5f9-4297-83bb-f23dbade51ee', '2014-10-08', 795, 0),
('eb2ad843-5f6c-462f-9e53-64fd995a42fa', '7990fc46-6374-4c8b-86ba-e355832f1cbd', '1755db32-c5f9-4297-83bb-f23dbade51ee', '2018-09-17', 545, 0),
('ebbebab5-32db-4549-8098-ce1c2b1a8698', '7ed6dd06-abd4-4b7d-b101-6de9b7ef1282', '1755db32-c5f9-4297-83bb-f23dbade51ee', '2018-07-17', 525, 3),
('ec47b08b-71b8-4fe6-af12-1ee0288193cd', '1035392f-6a21-461c-b073-38509318da77', '42d3f05e-9625-4d4f-994c-860b0233b464', '2018-05-18', 235, 6),
('ec50d121-9006-4c4b-9581-029a54b8bfeb', 'cb9ef960-0410-4748-91bf-34b5d49eb453', '1755db32-c5f9-4297-83bb-f23dbade51ee', '2017-12-15', 553, 7),
('ec906d73-835f-44f5-8414-0180f6a38f8c', '9af12b78-45b3-495f-a24c-2ecf485442e9', '1755db32-c5f9-4297-83bb-f23dbade51ee', '2016-03-18', 587, 0),
('ece6f66c-2d83-4609-92a0-da3fc191689f', '94a376af-7587-449f-8707-e2cbd88ebd6b', '1755db32-c5f9-4297-83bb-f23dbade51ee', '2016-01-07', 857, 0),
('ed41dbb4-4349-48ab-903e-335293da9563', '99679ff0-49a2-43c1-b4ca-7f1ba4b1b923', '1755db32-c5f9-4297-83bb-f23dbade51ee', '2017-10-27', 600, 10),
('ed7c366e-c05b-434c-b1b5-ed56975fdbf1', '5e90ccf5-e0f0-43de-acfb-ece9ace1a1f4', '42d3f05e-9625-4d4f-994c-860b0233b464', '2018-01-04', 487, 8),
('ee1b97d8-d7f0-497d-bc28-ff183cbdc3e3', 'f8cb1f36-fb4d-498a-98c9-cb67f85e55d5', '1755db32-c5f9-4297-83bb-f23dbade51ee', '2017-10-13', 790, 9),
('ee322a4b-d773-4113-9db1-113f521e4b62', '7ed6dd06-abd4-4b7d-b101-6de9b7ef1282', '1755db32-c5f9-4297-83bb-f23dbade51ee', '2019-07-17', 765, 10),
('ee43a451-e678-43ef-97ba-34f625219e03', 'a47fec31-0b0d-4772-9590-298ffaffee33', '42d3f05e-9625-4d4f-994c-860b0233b464', '2019-01-30', 433, 17),
('ee568fec-6692-40fd-8061-586bbe2a610d', '847d64db-bdc6-4834-b524-7a12782f25a6', '1755db32-c5f9-4297-83bb-f23dbade51ee', '2017-12-14', 99, 1),
('ee645f47-35ca-4651-af91-79e1970cc500', '353ad7b0-4529-42be-850c-ee3ea0544c16', '1755db32-c5f9-4297-83bb-f23dbade51ee', '2019-07-09', 304, 16),
('eee468c6-515f-4f97-85bc-03f3239e05b2', '95d30308-3584-4e01-a3e2-f53e6f902be7', '1755db32-c5f9-4297-83bb-f23dbade51ee', '2018-09-25', 719, 8),
('eef5bf77-b05e-45b1-9fb4-133c4fa39ed3', '20cbcf02-9ca1-49e4-a84b-3cfe50ae0e1d', '1755db32-c5f9-4297-83bb-f23dbade51ee', '2018-09-13', 132, 19),
('ef0b05c4-1c0e-464d-8602-bdadcd98672a', 'f0a2f746-471a-4939-b7ef-18db8f5ad2a4', '1755db32-c5f9-4297-83bb-f23dbade51ee', '2017-10-12', 651, 1),
('ef295f49-453e-4d0c-964c-b87ff220bf07', '4f2d86df-acd0-4226-a03d-6b5ab5fd0f5c', '42d3f05e-9625-4d4f-994c-860b0233b464', '2018-10-05', 710, 6),
('ef31376d-c51c-4569-9248-b692121bd9bc', 'a70c452f-d890-438e-a9be-fb6d990457f8', '1755db32-c5f9-4297-83bb-f23dbade51ee', '2019-09-16', 447, 7),
('ef78f7b0-8111-43f0-b766-c3f16e5a383a', '0cb3295b-de58-4247-8f78-3ec4996d0e53', '1755db32-c5f9-4297-83bb-f23dbade51ee', '2016-11-30', 636, 7),
('efccefff-2a68-4277-b56d-5e287187633e', '4f2d86df-acd0-4226-a03d-6b5ab5fd0f5c', '42d3f05e-9625-4d4f-994c-860b0233b464', '2018-07-10', 359, 5),
('f00308e6-f835-4e84-a645-53158ba69df6', '20cbcf02-9ca1-49e4-a84b-3cfe50ae0e1d', '1755db32-c5f9-4297-83bb-f23dbade51ee', '2019-01-30', 474, 22),
('f0746b32-5a4f-4e2b-9ac1-bc70a7b370ec', 'd182ad79-9def-46b2-8b6a-73ff57c93ea5', '42d3f05e-9625-4d4f-994c-860b0233b464', '2019-03-09', 214, 15),
('f0c1f521-ace4-4708-9657-83416f613eb1', 'b2ac1d0d-7ec7-4536-a98c-aa0c08f632b1', '1755db32-c5f9-4297-83bb-f23dbade51ee', '2019-01-27', 656, 1),
('f0c8a1a8-f9c8-413d-a2b8-720d1c838fd7', '3998b404-4b67-4729-8eaa-048e67687c34', '1755db32-c5f9-4297-83bb-f23dbade51ee', '2016-09-14', 894, 8),
('f0e1af38-ef3f-49c3-bf34-bffacdfab350', '7c887837-4de3-4aa0-b277-d319b42fa306', '1755db32-c5f9-4297-83bb-f23dbade51ee', '2017-11-02', 363, 1),
('f0f3edca-ecf0-4e0e-9c08-1ae1b34d36b9', 'bbfffef9-982b-4c5d-b72c-cfad21e78a6a', '1755db32-c5f9-4297-83bb-f23dbade51ee', '2019-07-10', 1666, 3),
('f1092e02-6b05-4312-b86c-108c1ece0e02', 'fb1dc0b1-c264-4834-b749-73b3757b543a', '1755db32-c5f9-4297-83bb-f23dbade51ee', '2017-04-21', 705, 24),
('f10ae277-474e-472b-b478-d10140e3d4cd', 'f8cb1f36-fb4d-498a-98c9-cb67f85e55d5', '1755db32-c5f9-4297-83bb-f23dbade51ee', '2017-04-12', 318, 7),
('f23d5c3e-1e19-4f20-bd2b-3c2e5f785e2f', 'b826f736-d0c1-48d4-9831-c672020abe61', '42d3f05e-9625-4d4f-994c-860b0233b464', '2019-07-11', 363, 7),
('f27237c6-cec7-4f35-add6-3212b5ce7853', 'fb1dc0b1-c264-4834-b749-73b3757b543a', '1755db32-c5f9-4297-83bb-f23dbade51ee', '2017-09-09', 957, 18),
('f2750b20-71b8-40dd-967f-d0abb63d8c1c', '8788d95f-cacb-43d4-a03c-d12244a28091', '1755db32-c5f9-4297-83bb-f23dbade51ee', '2014-11-13', 1720, 0),
('f27b9aa7-0d0b-470e-89a6-3be606800606', '50c54231-42ac-4203-a489-1fc888e1fdcf', '1755db32-c5f9-4297-83bb-f23dbade51ee', '2018-04-14', 814, 0),
('f2f0cd1c-b0fb-4bd9-800d-d490f38eaea9', '9209a147-9e57-40e5-a018-512326b7929e', '1755db32-c5f9-4297-83bb-f23dbade51ee', '2019-01-10', 246, 5),
('f2fe6065-b72e-445b-aa19-8d2ed54a347e', 'ada52aeb-b321-4883-a35d-128cd1f47243', '1755db32-c5f9-4297-83bb-f23dbade51ee', '2019-03-20', 223, 2),
('f3508918-3333-4cc4-a4f2-5de38f397fee', '20cbcf02-9ca1-49e4-a84b-3cfe50ae0e1d', '1755db32-c5f9-4297-83bb-f23dbade51ee', '2017-10-13', 369, 10),
('f3536970-3700-4326-9121-d4cc410faa39', '6900dd28-c114-4be8-ba7f-ed10a1214bde', '1755db32-c5f9-4297-83bb-f23dbade51ee', '2016-07-20', 555, 1),
('f353c1fc-967a-4b34-999a-606e5d71acc0', 'fe0ff5ab-8a0f-4474-98e8-ad448dc35fe6', '1755db32-c5f9-4297-83bb-f23dbade51ee', '2017-11-02', 646, 2),
('f3d2f40c-27a6-44d7-8afa-0398f064d11b', '0d1164c8-86cb-4fac-b8c7-924e5a1fb768', '1755db32-c5f9-4297-83bb-f23dbade51ee', '2017-04-11', 230, 11),
('f42a5c2f-5e0f-4f48-ab8d-58231e49b58d', 'cb9ef960-0410-4748-91bf-34b5d49eb453', '1755db32-c5f9-4297-83bb-f23dbade51ee', '2015-12-08', 744, 3),
('f49201d7-eca2-4abb-b9c5-7db4ac873c84', 'd182ad79-9def-46b2-8b6a-73ff57c93ea5', '1755db32-c5f9-4297-83bb-f23dbade51ee', '2015-02-08', 260, 2),
('f4cdc456-480d-4f1d-a654-6f75f649bedf', '10d8e885-d9c5-4c9d-aa22-6b30727d970f', '1755db32-c5f9-4297-83bb-f23dbade51ee', '2018-04-20', 672, 6),
('f571a83d-3d0a-4585-ab29-dc3dc51f8e15', '5d77b84f-b325-43c6-abe1-cd1008a89dca', '42d3f05e-9625-4d4f-994c-860b0233b464', '2018-07-24', 519, 1),
('f5d8e589-aac6-44fa-aff4-659759e4fe21', 'c3c897d1-e0bc-4baf-8c98-e1c794db8106', '1755db32-c5f9-4297-83bb-f23dbade51ee', '2019-04-07', 1071, 0),
('f6c49671-435d-45b8-86fa-09961deb9dae', '3a1364f5-da18-4583-92ba-a45e1bc548a2', '1755db32-c5f9-4297-83bb-f23dbade51ee', '2019-07-03', 528, 24),
('f711f0ee-dfd5-4086-a637-e5a674b5c1c9', '9a5d72c4-265a-4c84-bcf2-9846178daa1f', '1755db32-c5f9-4297-83bb-f23dbade51ee', '2016-07-01', 324, 1),
('f73ac941-d93a-47fa-92dd-116e93071610', '8b1674a5-4529-41a0-8007-94384694220e', '1755db32-c5f9-4297-83bb-f23dbade51ee', '2018-06-16', 160, 4),
('f752d153-bd5a-490e-8640-328f182d830e', '527dd917-b7f3-4546-bd26-68cd37af9dc1', '1755db32-c5f9-4297-83bb-f23dbade51ee', '2019-03-19', 200, 2),
('f7671881-01b3-4b3e-9cdb-cfc158a875a6', 'fd0112ec-a41e-47c5-83d6-c863d52a66b2', '1755db32-c5f9-4297-83bb-f23dbade51ee', '2016-03-19', 435, 5),
('f7a91932-3393-4fa3-8099-b53954192e1a', 'd4e675e8-6a12-4617-8be8-33e489832288', '42d3f05e-9625-4d4f-994c-860b0233b464', '2019-01-17', 656, 4),
('f7deeca3-a267-427f-b273-85157d3e399b', '6be8e5c3-b70c-424c-8960-2e030af722f0', '42d3f05e-9625-4d4f-994c-860b0233b464', '2019-04-03', 301, 2),
('f7ea9027-8ef3-4a91-aba2-2949c5f9886c', '330bf4a1-13e7-48c2-a9cf-1b7fa160eb7f', '1755db32-c5f9-4297-83bb-f23dbade51ee', '2017-07-21', 147, 5),
('f800def9-94f6-4a59-97d9-a23888d0662c', 'f0c78b74-13d9-4b15-b383-82b63e192237', '1755db32-c5f9-4297-83bb-f23dbade51ee', '2016-10-26', 114, 4),
('f80a9e60-89e6-4191-a113-7bc2850fe288', 'e0eb6cf0-2b3f-444d-a1c0-0d1d686df250', '1755db32-c5f9-4297-83bb-f23dbade51ee', '2016-06-21', 608, 7),
('f80fea83-b363-4b26-816f-2baacbc7e3f7', 'd182ad79-9def-46b2-8b6a-73ff57c93ea5', '42d3f05e-9625-4d4f-994c-860b0233b464', '2018-07-17', 112, 13),
('f81eeef3-a367-47f3-9f21-438ffecafa83', '984d12e8-7582-438e-81c0-86f968c89a85', '42d3f05e-9625-4d4f-994c-860b0233b464', '2018-10-15', 381, 4),
('f873a7d1-d95c-4263-bcc6-dcb36a2fde68', 'fd0112ec-a41e-47c5-83d6-c863d52a66b2', '1755db32-c5f9-4297-83bb-f23dbade51ee', '2016-10-24', 314, 8),
('f895ce80-9d53-42a4-bdda-54da4b533b73', '1ea5000d-6a63-4cb9-b20d-da1d051aa0dc', '1755db32-c5f9-4297-83bb-f23dbade51ee', '2017-12-08', 1369, 0),
('f8ab6746-4608-4f6d-af64-f36548b094d5', '9af12b78-45b3-495f-a24c-2ecf485442e9', '1755db32-c5f9-4297-83bb-f23dbade51ee', '2017-11-24', 383, 3),
('f8c9a9c6-4d9a-4f20-bb37-a79712698507', 'bde703ca-8d4b-4582-b2fd-9cd2c32b7915', '42d3f05e-9625-4d4f-994c-860b0233b464', '2019-07-01', 503, 8),
('f9279ac2-5709-4df0-a585-0bec61aa61a2', '53674b99-bd2f-4729-91a7-079c664070e5', '1755db32-c5f9-4297-83bb-f23dbade51ee', '2018-03-01', 160, 2),
('f9576d03-49be-46e0-8aa2-2e3baece34cc', 'fe0ff5ab-8a0f-4474-98e8-ad448dc35fe6', '1755db32-c5f9-4297-83bb-f23dbade51ee', '2019-09-16', 648, 11),
('f95f19fd-49c8-45c8-b740-5e4c7c924a4b', '6be8e5c3-b70c-424c-8960-2e030af722f0', '1755db32-c5f9-4297-83bb-f23dbade51ee', '2019-10-04', 648, 6),
('fa0ea8da-2dc5-4da9-93ac-f93e0125add4', '30b365a3-ea18-4b03-bed3-68e9c7540418', '1755db32-c5f9-4297-83bb-f23dbade51ee', '2016-12-12', 316, 3),
('fa107614-9cba-4119-82bd-822ed45b8f9e', 'd182ad79-9def-46b2-8b6a-73ff57c93ea5', '1755db32-c5f9-4297-83bb-f23dbade51ee', '2017-06-27', 175, 8),
('fa2fcde0-12ea-42f4-846e-3b15943343d9', '13f8a733-eba2-44ed-81f5-6589edbda03f', '1755db32-c5f9-4297-83bb-f23dbade51ee', '2019-07-03', 134, 2),
('fa42f2be-470e-4f14-8239-61501044bb93', '79ecf165-d18a-47c3-bce6-f0adde06d53d', '1755db32-c5f9-4297-83bb-f23dbade51ee', '2018-01-29', 143, 3),
('fa96e297-d226-41e8-8582-d81d49223552', '2b8a5f6e-1d2d-42cc-9824-354c535eca09', '42d3f05e-9625-4d4f-994c-860b0233b464', '2019-09-14', 698, 4),
('fa9f1e7c-2c42-49e3-9079-5588e8134f73', '89d5ef0a-4037-4b9a-8504-78dad44366ce', '1755db32-c5f9-4297-83bb-f23dbade51ee', '2017-10-30', 304, 5),
('faabe0ab-ca74-40ef-8540-7c76c6311b34', '2d2fb5dd-20d2-4bf2-8c41-888dbff3f8bd', '1755db32-c5f9-4297-83bb-f23dbade51ee', '2019-09-15', 53, 16),
('fab71f80-aebb-45ea-a54b-0105ad1fe85d', 'cb9ef960-0410-4748-91bf-34b5d49eb453', '1755db32-c5f9-4297-83bb-f23dbade51ee', '2015-01-28', 502, 0),
('fac39f2e-83c1-40d4-8d4f-5715c3fcbba5', 'e9cb2528-824d-442c-9752-f2677cd21a6b', '42d3f05e-9625-4d4f-994c-860b0233b464', '2017-07-28', 1034, 0),
('faef8354-c9c9-4b62-b638-f14a70f12e60', 'fb1dc0b1-c264-4834-b749-73b3757b543a', '1755db32-c5f9-4297-83bb-f23dbade51ee', '2015-06-04', 701, 6),
('fb10abad-26a1-40c4-889a-4d04a1dbc1b4', '847d64db-bdc6-4834-b524-7a12782f25a6', '1755db32-c5f9-4297-83bb-f23dbade51ee', '2018-11-06', 306, 5),
('fb30dbc2-29c8-4f2a-b77d-d6be100b7034', '79ecf165-d18a-47c3-bce6-f0adde06d53d', '1755db32-c5f9-4297-83bb-f23dbade51ee', '2016-05-02', 553, 0),
('fb67296c-603e-4511-9f10-529774c02d31', '20cbcf02-9ca1-49e4-a84b-3cfe50ae0e1d', '1755db32-c5f9-4297-83bb-f23dbade51ee', '2019-04-06', 888, 24),
('fc611136-70b4-466d-a1e6-a4b908401e62', 'cc6f9cb3-86c6-4c9b-9042-9f4d348b09be', '1755db32-c5f9-4297-83bb-f23dbade51ee', '2018-04-09', 614, 0),
('fc80af0f-6206-4999-ab5e-6e0fcb7f9601', '98944b97-5576-47d8-b579-a07694782ae5', '1755db32-c5f9-4297-83bb-f23dbade51ee', '2018-12-12', 120, 5),
('fcbb5d76-e198-4e30-8d46-4ba5dcaf9f54', '0f1ac18d-a323-40df-9963-7667bdfa3bad', '1755db32-c5f9-4297-83bb-f23dbade51ee', '2016-01-29', 163, 2),
('fd00e3a4-2596-40da-a3c5-92a02ac7bb1f', 'de63fa06-7b25-439e-98b2-0b936a516e6d', '1755db32-c5f9-4297-83bb-f23dbade51ee', '2016-11-15', 268, 1),
('fd02c160-9337-4725-843d-338f9137e1da', '47a478f9-1a62-4715-bdb7-c3df5f35cabe', '1755db32-c5f9-4297-83bb-f23dbade51ee', '2018-12-13', 108, 4),
('fd17180c-3d76-4be6-91c6-0ded2a169ecc', '10d8e885-d9c5-4c9d-aa22-6b30727d970f', '1755db32-c5f9-4297-83bb-f23dbade51ee', '2018-04-24', 106, 7),
('fd1b5cb8-ac5c-4b2a-b24f-b50e870f0dc4', 'fe0ff5ab-8a0f-4474-98e8-ad448dc35fe6', '1755db32-c5f9-4297-83bb-f23dbade51ee', '2017-11-02', 368, 2),
('fd781329-73c6-44ee-a752-03a8ef137e0f', 'ff7dc571-8e0d-4168-a738-440859677598', '1755db32-c5f9-4297-83bb-f23dbade51ee', '2017-03-31', 867, 8),
('fd7deca5-d380-4e61-8310-35a2f8e26673', 'f8cb1f36-fb4d-498a-98c9-cb67f85e55d5', '1755db32-c5f9-4297-83bb-f23dbade51ee', '2017-05-19', 497, 8),
('fd869448-fcbe-40d2-9502-079dbdad0d72', '85fe12ae-06a4-4e63-a3f0-f3f373886aa1', '42d3f05e-9625-4d4f-994c-860b0233b464', '2019-08-20', 1554, 4),
('fd8aea84-9008-4d08-a32e-d03874936029', '976a38c8-8847-4d69-b50f-31cac1368c33', '1755db32-c5f9-4297-83bb-f23dbade51ee', '2017-07-26', 298, 15),
('fdf1e59c-8ec8-4bc3-b262-da92876c069a', 'fd0112ec-a41e-47c5-83d6-c863d52a66b2', '1755db32-c5f9-4297-83bb-f23dbade51ee', '2018-04-18', 229, 18),
('fe0dc693-8527-43f0-b013-d976e9096ca0', '89d5ef0a-4037-4b9a-8504-78dad44366ce', '1755db32-c5f9-4297-83bb-f23dbade51ee', '2017-09-18', 161, 4),
('fe612ab2-947a-4a31-9754-0a277f1d967b', 'cbddf7a6-850d-4040-93dd-9a96b92dc4ff', 'c1519b89-73ad-444e-93c6-2cba8eb9f124', '2018-09-01', 297, 3),
('fe61baf2-9e41-4376-982d-ea4235a262b4', 'e0eb6cf0-2b3f-444d-a1c0-0d1d686df250', '1755db32-c5f9-4297-83bb-f23dbade51ee', '2018-10-15', 92, 18),
('feba5ca2-623b-4a33-91d9-38c4d3292eb5', '6be8e5c3-b70c-424c-8960-2e030af722f0', '42d3f05e-9625-4d4f-994c-860b0233b464', '2019-07-25', 100, 5),
('fee127d2-4ff7-46d5-9e63-3d26ee1712ee', '04655c1b-536d-493f-a463-9f7998369294', '42d3f05e-9625-4d4f-994c-860b0233b464', '2019-03-07', 502, 3),
('ff18170b-0dde-4ae8-b147-6d0a34c252db', '28d3077c-9713-44bd-b2db-f72d26fa86fd', '1755db32-c5f9-4297-83bb-f23dbade51ee', '2016-09-22', 358, 1),
('ff3a90dd-8b4d-4231-be90-17c95f4c91c2', 'e0eb6cf0-2b3f-444d-a1c0-0d1d686df250', '1755db32-c5f9-4297-83bb-f23dbade51ee', '2017-07-19', 920, 11),
('ff69b0c3-6702-4ed3-a6cf-c06c6beb30e4', 'eba8debb-f918-463d-82ff-a81cdd52b6bc', '42d3f05e-9625-4d4f-994c-860b0233b464', '2018-04-23', 2214, 0),
('ff7add66-5518-4da0-b5fa-0040ecb46567', '094565ce-33ac-4c05-b03e-a1d7969f67f4', '1755db32-c5f9-4297-83bb-f23dbade51ee', '2017-07-11', 410, 2),
('ff88fd3b-6ea0-428d-a7e1-0e9f57884bf6', '99679ff0-49a2-43c1-b4ca-7f1ba4b1b923', '1755db32-c5f9-4297-83bb-f23dbade51ee', '2019-05-22', 1424, 19),
('ffc6bdac-5612-444d-b643-af3d6a193bd0', '8b631c3a-d29c-4847-a6c1-7bf75eda3951', '42d3f05e-9625-4d4f-994c-860b0233b464', '2019-09-06', 635, 9),
('ffd7bebb-eb04-4893-a7cc-11e403098c4d', '3736296b-00b2-401c-a689-3e499bdfb762', '1755db32-c5f9-4297-83bb-f23dbade51ee', '2019-03-21', 835, 1);

-- --------------------------------------------------------

--
-- Structure de la table `cms_gindre_contact`
--

CREATE TABLE `cms_gindre_contact` (
  `id` char(36) COLLATE utf8mb4_unicode_ci NOT NULL COMMENT '(DC2Type:uuid)',
  `name` varchar(255) COLLATE utf8mb4_unicode_ci NOT NULL,
  `last_name` varchar(255) COLLATE utf8mb4_unicode_ci NOT NULL,
  `phone_one` int(10) UNSIGNED ZEROFILL DEFAULT NULL,
  `phone_mobile` int(10) UNSIGNED ZEROFILL DEFAULT NULL,
  `email` varchar(255) COLLATE utf8mb4_unicode_ci DEFAULT NULL,
  `main` tinyint(1) DEFAULT NULL,
  `role_id` char(36) COLLATE utf8mb4_unicode_ci DEFAULT NULL COMMENT '(DC2Type:uuid)',
  `slug` varchar(255) COLLATE utf8mb4_unicode_ci NOT NULL,
  `shop_id` char(36) COLLATE utf8mb4_unicode_ci DEFAULT NULL COMMENT '(DC2Type:uuid)'
) ENGINE=InnoDB DEFAULT CHARSET=utf8mb4 COLLATE=utf8mb4_unicode_ci;

--
-- Contenu de la table `cms_gindre_contact`
--

INSERT INTO `cms_gindre_contact` (`id`, `name`, `last_name`, `phone_one`, `phone_mobile`, `email`, `main`, `role_id`, `slug`, `shop_id`) VALUES
('015cfb99-9fbe-4081-baca-dc9322c7b162', 'Coudart', 'Lesly', 0558824232, 0682324955, 'leslycoudart@gmail.com', 1, '546d7470-ff50-4745-ae4d-cff7a5280413', 'coudart-lesly', '46698802-daa4-45f8-8884-61ccd1e7e46b'),
('01ad6731-1c15-4885-91fe-f25f62987dd8', 'Gindre', 'isabelle', 0684457767, 0684457767, 'isa_gindre@orange.fr', 1, '546d7470-ff50-4745-ae4d-cff7a5280413', 'gindre-isabelle', '3851a137-ef88-462a-b7c3-a5a73f505671'),
('04ce5147-164b-4ec4-8260-3cd2e7ead116', 'Chevalier', 'Laurent', 0549527774, 0549527774, 'info@relaxeo-spa.fr', 1, '546d7470-ff50-4745-ae4d-cff7a5280413', 'chevalier-laurent', 'fb1dc0b1-c264-4834-b749-73b3757b543a'),
('061022fb-b989-4d57-9dd9-777390c4617f', 'Debeau --Turlat', 'Marie Aude', 0981277498, 0676962760, 'madt16.40@gmail.com', 1, '546d7470-ff50-4745-ae4d-cff7a5280413', 'debeau-turlat-marie-aude', '38dc64f9-eb51-4a67-b058-213cd2869334'),
('09413fe2-3bf9-4dae-847d-34ed6856f6b9', 'Robert', 'Elodie', 0240452571, 0612123916, 'beaute.bien-etre@laposte.net', 1, '546d7470-ff50-4745-ae4d-cff7a5280413', 'robert-elodie', '5e647f63-ddc1-4c50-9469-3168d5d19eaa'),
('096185fd-43fc-44c8-857a-0fdc15219043', 'Benzaïd', 'Coralie', 0624674503, 0624674503, 'kacosarnam@gmail.com', 1, '546d7470-ff50-4745-ae4d-cff7a5280413', 'benzaid-coralie', 'bb3c4465-3e4b-4149-8340-698926f89ec0'),
('0a233c6a-b690-424b-8efe-17e97a3d92c4', 'Brousseau', 'Stéphany', 0563025820, 0661632985, 'chic-charme82@orange.fr', 1, '546d7470-ff50-4745-ae4d-cff7a5280413', 'brousseau-stephany', 'a7f82870-b88c-4118-b52b-2fdde8ac4916'),
('0b0608bc-5867-464a-b40f-4c4da71e9f47', 'Torralba', 'Coralie', 0559390794, 0559390794, 'coralie.torralba@orange.fr', 1, '546d7470-ff50-4745-ae4d-cff7a5280413', 'torralba-coralie', 'f0c78b74-13d9-4b15-b383-82b63e192237'),
('0b599c04-b0b1-4792-b433-0bf9fe0279da', 'Chapus', 'Estelle', 0662778614, 0662778614, 'chapusestelle@gmail.com', 1, '546d7470-ff50-4745-ae4d-cff7a5280413', 'chapus-estelle', 'e58c50b1-dc2a-4c9f-b22c-04e0cb5492cc'),
('0be7c24b-f5e9-4878-afb7-b9f1b0e02820', 'Joulie', 'Corine', 0565465489, 0680925602, 'beautecorine@gmail.com', 1, '546d7470-ff50-4745-ae4d-cff7a5280413', 'joulie-corine', '2f67ec33-ccde-445a-89a2-0444a855316b'),
('0f95067c-a763-42bd-a77c-9437e1290046', 'Arrigoni', 'xxx', 0549671831, 0549671831, 'spa-nuage-poudre@orange.fr', 1, '546d7470-ff50-4745-ae4d-cff7a5280413', 'arrigoni-xxx', '6308948d-6f68-4566-be84-2988ed8da95d'),
('0fd410e8-5bb1-4c84-82b2-3001766b6874', 'Deconink', 'Eloïse', 0633371538, 0633371538, 'deconinck.eloise@gmail.com', 1, '546d7470-ff50-4745-ae4d-cff7a5280413', 'deconink-eloise', 'd07986e4-9428-4879-b56c-33a91fe3cd92'),
('1172d3b7-3ad0-46f0-8a4f-26114563319b', 'Jabouille', 'Manon', 0516703877, 0658213134, 'jabouille.manon@laposte.net', 1, '546d7470-ff50-4745-ae4d-cff7a5280413', 'jabouille-manon', 'fec47f25-9c7c-4038-ab1b-58a5d7a2397f'),
('12f50f14-6dc7-4abf-b2bf-894307819b8b', 'Beauvais', 'Maeva', NULL, 0642230926, 'maevabeauvais@yahoo.fr', 1, '546d7470-ff50-4745-ae4d-cff7a5280413', 'beauvais-maeva', '43dea3b8-d8a2-48fd-a760-6627e36641c1'),
('137d78f1-acfb-49e3-905f-d2e9630e79b1', 'Dammekens', 'Rachel', 0784217657, 0784217657, 'rachel.dammekens@orange.fr', 1, '546d7470-ff50-4745-ae4d-cff7a5280413', 'dammekens-rachel', 'e885c7ef-12d9-4142-9cef-7a79fcdd9dc3'),
('168444b6-3705-47ce-ac41-532d04a9b7b0', 'Charpotier', 'Corinne', 0563436370, 0677305853, 'lessensduspa@gmail.com', 1, '546d7470-ff50-4745-ae4d-cff7a5280413', 'charpotier-corinne', '9940daed-9b10-4a9d-a61f-f127f9bc4a98'),
('1a8429b1-0552-4367-9e0e-37f6d36f9532', 'Gillet', 'Chrystelle', 0951468805, 0660955628, 'gilletchrystelle1@gmail.com', 1, '546d7470-ff50-4745-ae4d-cff7a5280413', 'gillet-chrystelle', '9c4097aa-7877-4098-ae1e-f7175beaca5b'),
('1d87e7c7-cf03-4b27-9fe2-7510a46000c7', 'Ceaux', 'Magali', 0670776655, 0670776655, 'magali_ceaux@yahoo.fr', 1, '546d7470-ff50-4745-ae4d-cff7a5280413', 'ceaux-magali', 'c84a07bb-184c-4655-9c74-9691edd28fa6'),
('1e09d4d1-1b13-4191-9a81-68ef92177f9a', 'Ruhlmann', 'Lucie', 0559274779, 0777289117, 'lucie.ruhlmann@yahoo.fr', 1, '546d7470-ff50-4745-ae4d-cff7a5280413', 'ruhlmann-lucie', '330bf4a1-13e7-48c2-a9cf-1b7fa160eb7f'),
('1e60ee8c-c994-49be-b2d1-1bdb831dd006', 'Timon', 'Nathalie', 0652673142, 0652673142, 'hygiefitetsante@gmail.com', 1, '546d7470-ff50-4745-ae4d-cff7a5280413', 'timon-nathalie', 'dff3df6b-d2ed-4131-a3a8-1a26e013b355'),
('20c8c05b-67d6-4e01-a92d-34127eed54a2', 'Mr et Mme BENOT', 'Eric et Catherine', 0298590383, 0660036690, 'contact@feelingbeaute.fr', 1, '546d7470-ff50-4745-ae4d-cff7a5280413', 'mr-et-mme-benot-eric-et-catherine', '94ec3fb0-915b-4ea6-bf74-eb45ac8158f6'),
('2123125f-bc47-43b3-840c-f441bc44d86c', 'Gatignol', 'Alice', 0587014681, 0623074413, 'beautesublimee@gmail.com', 1, '546d7470-ff50-4745-ae4d-cff7a5280413', 'gatignol-alice', '09f62d80-d97d-44f9-bd71-46245e371c82'),
('219acaac-62d7-4031-809b-dfa7de9df4c5', 'Boureau', 'Stéphanie', 0241882206, 0680590244, 'boureaustephanie49@gmail.com', 1, '546d7470-ff50-4745-ae4d-cff7a5280413', 'boureau-stephanie', 'd5ffe00f-0225-494e-92ea-fb3bf4179c61'),
('23783e8f-e9a3-4f4f-a71e-db27dd912f45', 'Rebeyrat', 'Marina', 0602089451, 0602089451, 'marina.rebeyrat@gmail.com', 1, '546d7470-ff50-4745-ae4d-cff7a5280413', 'rebeyrat-marina', 'ab90297d-c6f6-43aa-88f0-081f3e44770b'),
('23a3e019-307c-4f3f-bd34-cfda88d3b752', 'Quadjovie', 'martine', 0563596900, 0613568853, 'akoua@wanadoo.fr', 1, '546d7470-ff50-4745-ae4d-cff7a5280413', 'quadjovie-martine', '2778d4a5-3e52-4aeb-8590-e488a5b3603e'),
('23fabf11-974d-40e5-9a3e-f06cb0740306', 'De San Felix', 'Amélie', 0679010215, 0679010215, 'a.desanfelix@laposte.net', 1, '546d7470-ff50-4745-ae4d-cff7a5280413', 'de-san-felix-amelie', '7e1c74bf-b070-442d-8ea8-f95f61d3bfcc'),
('242df0c6-ef8b-4ba6-83e4-8cde0787db29', 'Mallevaey', 'Virginie', 0562972586, 0643765033, 'mallevaey.virginie@orange.fr', 1, '546d7470-ff50-4745-ae4d-cff7a5280413', 'mallevaey-virginie', '04655c1b-536d-493f-a463-9f7998369294'),
('25f4f440-8bf5-4275-845d-aff46f6493b4', 'Richet', 'Cathy', 0559690535, 0625464042, 'institutessentiel64300@sfr.fr', 1, '546d7470-ff50-4745-ae4d-cff7a5280413', 'richet-cathy', '2ae101bd-17ef-4e7f-8a55-aafb313ab966'),
('2601a903-39c4-4188-9d92-c3983388ac2b', 'Thiel', 'Stécy', 0562361551, 0681291289, 'stecythiel65@gmail.com', 1, '546d7470-ff50-4745-ae4d-cff7a5280413', 'thiel-stecy', '9a5d72c4-265a-4c84-bcf2-9846178daa1f'),
('262061c1-c7c2-42ef-9a38-f2614507f0c9', 'PINAUD', 'LAURIE', NULL, 0606060606, 'laurie.pinaud@live.fr', 1, '546d7470-ff50-4745-ae4d-cff7a5280413', 'pinaud-laurie', '78e57b59-b9d9-4dfe-aa41-69f6683ab52d'),
('28a61a63-8bec-423f-9d4a-3b70ea025374', 'Cochennec', 'Stéphanie', 0297529179, 0632118938, 'stephaniecochennec@hotmail.fr', 1, '546d7470-ff50-4745-ae4d-cff7a5280413', 'cochennec-stephanie', '13f8a733-eba2-44ed-81f5-6589edbda03f'),
('28f49bb2-e3d1-46ec-bbff-25da038e312a', 'Frappier', 'Angélique', 0251243657, 0673295433, 'delicedessens@ymail.com', 1, '546d7470-ff50-4745-ae4d-cff7a5280413', 'frappier-angelique', 'bde703ca-8d4b-4582-b2fd-9cd2c32b7915'),
('29c54850-fdbe-40d5-a82a-b5d4172cf845', 'Blaise', 'Tiphaine', 0517351142, 0610494439, 'tiphaine.blais86@gmail.com', 1, '546d7470-ff50-4745-ae4d-cff7a5280413', 'blaise-tiphaine', '47a478f9-1a62-4715-bdb7-c3df5f35cabe'),
('2ac81a57-6d39-4fad-b698-68a7f670101a', 'Bonnefond', 'Sarah', 0518181818, 0618181818, 'sarah.bonnefond@orange.fr', 1, '546d7470-ff50-4745-ae4d-cff7a5280413', 'bonnefond-sarah', '84ac9a5b-eba2-42a8-8097-cbb363cce5e3'),
('2d37a12b-3848-4569-b766-b6893e9dacc6', 'Fureix', 'Céline', 0556405000, 0661862903, 'espacebeautecapucine@hotmail.fr', 1, '546d7470-ff50-4745-ae4d-cff7a5280413', 'fureix-celine', 'cc6f9cb3-86c6-4c9b-9042-9f4d348b09be'),
('2e0f19fb-3998-4913-b53f-2caf4f5f2620', 'Fert', 'Patricia', 0559134370, 0611603228, 'onlyzen@outlook.fr', 1, '546d7470-ff50-4745-ae4d-cff7a5280413', 'fert-patricia', 'f775a676-9718-4be0-b366-848d5599188a'),
('32a9c76b-2d14-45cd-a1f6-6972b0c4dc5f', 'Besiat', 'Sandrine', 0659155446, 0659155446, 'sandrine.besiat@orange.fr', 1, '546d7470-ff50-4745-ae4d-cff7a5280413', 'besiat-sandrine', 'e050a1a4-9720-4cb0-8191-efcfde2255dd'),
('34813cd9-f008-41c9-80fc-f34ae0d5b01b', 'De La Garanderie', 'Xavier', 0642310634, 0683972469, 'xavier.estheticien@free.fr', 1, '546d7470-ff50-4745-ae4d-cff7a5280413', 'de-la-garanderie-xavier', '89d5ef0a-4037-4b9a-8504-78dad44366ce'),
('34ec714c-3227-49b0-945b-9e7904e7d953', 'Tinault', 'Charline', 0223512963, 0223512963, 'contact@thalispa.com', 1, '34833532-b8bc-400b-8f2d-14aaee366ce9', 'tinault-charline', 'ada52aeb-b321-4883-a35d-128cd1f47243'),
('353c9fbb-251a-44a0-917d-0acc6fa7e831', 'Ramplou', 'Valérie', 0565784825, 0687394763, 'valerie.ramplou@orange.fr', 1, '546d7470-ff50-4745-ae4d-cff7a5280413', 'ramplou-valerie', '0f1ac18d-a323-40df-9963-7667bdfa3bad'),
('35973161-c4c1-472b-b1e8-5cd68c02a733', 'Raphaneau', 'Laurence', 0562405263, 0611274899, 'laurence.raphaneau@sfr.fr', 1, '546d7470-ff50-4745-ae4d-cff7a5280413', 'raphaneau-laurence', '166acebd-712e-4c80-95e4-42ef4253de4d'),
('377e23c8-87ed-47d5-b12b-e3c7b60f9fc5', 'Poiraud', 'Angélique', 0251627231, 0686148494, 'letempsdunedouceheure@gmail.com', 1, '546d7470-ff50-4745-ae4d-cff7a5280413', 'poiraud-angelique', 'c4a702a0-fe9f-4b9d-9368-8c16b85358d4'),
('37ef5b1b-7544-450e-938d-3cb1b536a0c6', 'Myriam', 'Myriam', 0556031608, 0556031608, 'untempspoursoi33950@gmail.com', 1, '546d7470-ff50-4745-ae4d-cff7a5280413', 'myriam-myriam', '04df622c-9e72-4b4a-9c92-4f800c18864f'),
('37f7bb55-9a95-4543-93d2-e18b81b05546', 'Maire', 'Pauline', 0562926433, 0687624015, 'paulinemaire@aol.fr', 1, '546d7470-ff50-4745-ae4d-cff7a5280413', 'maire-pauline', '31e49c81-1b6d-47bb-a608-0a7f6360c740'),
('39ec5b7b-e142-49cf-a84e-d3efcc35b9d6', 'Thibaud', 'Chloé', 0251914330, 0619212784, 'thibaudchloe4@gmail.com', 1, '546d7470-ff50-4745-ae4d-cff7a5280413', 'thibaud-chloe', '89d15773-e72c-4f35-b688-697b49e77841'),
('3bd41a07-4ad3-4b99-b686-e795879624b3', 'Lamothe Joubert', 'Marlène', 0559661212, 0611294474, 'marlene.ibm@orange.fr', 1, '546d7470-ff50-4745-ae4d-cff7a5280413', 'lamothe-joubert-marlene', '1d8df040-cd84-468e-bac5-beb17947350f'),
('3c081994-c9ad-4d1a-87ca-d89c7dd8919d', 'Hugand', 'Stéphanie', 0556617297, 0611715640, 'hugand.steph@gmail.com', 1, '546d7470-ff50-4745-ae4d-cff7a5280413', 'hugand-stephanie', 'cdf350e5-041f-441b-abfb-568af4a5c566'),
('3c931b62-851a-49e2-a8ae-79898c30bddc', 'Souaille', 'Marie', 0567110369, 0627492002, 'marie.souaille3127@icloud.com', 1, '546d7470-ff50-4745-ae4d-cff7a5280413', 'souaille-marie', '3a1364f5-da18-4583-92ba-a45e1bc548a2'),
('3ca0d002-f6d1-4419-87b7-fcfbabc6c727', 'benayad', 'Julie', 0251131439, 0638935257, 'absolubeaute.institut44@gmail.com', 1, '546d7470-ff50-4745-ae4d-cff7a5280413', 'benayad-julie', '3736296b-00b2-401c-a689-3e499bdfb762'),
('3dc89ef3-e68a-453b-bb0a-760efa463e3c', 'Bertocchi', 'Florence', 0562680039, 0562680039, 'fbertocchi@gers.fr', 1, '34833532-b8bc-400b-8f2d-14aaee366ce9', 'bertocchi-florence', '62b656a7-8f07-4cdd-a69f-baf1b3762d59'),
('3e9f7ca7-e1c7-470f-965b-b530e03c1ac6', 'Peutet', 'Séverine', 0565435368, 0676883989, 'peutet@orange.fr', 1, '546d7470-ff50-4745-ae4d-cff7a5280413', 'peutet-severine', 'ff50df77-97c1-4b25-9f1e-4439e92660b9'),
('40201f7d-a908-4cb7-a24b-49141003168e', 'Khalkhal', 'xxxxx', 0633984915, 0633984915, 'cotezen31140@gmail.com', 1, '546d7470-ff50-4745-ae4d-cff7a5280413', 'khalkhal-xxxxx', '58c5df59-bfb2-4a66-a434-1f8b77442a2a'),
('42bf56be-4976-4cfd-ad53-b8247e73450b', 'Alloiteau', 'Nathalie', 0297460401, 0688145379, 'touslesoleil@orange.fr', 1, '546d7470-ff50-4745-ae4d-cff7a5280413', 'alloiteau-nathalie', '4f152e7a-1285-45db-a753-0fbdf60c0f09'),
('42f5dd41-5060-4176-b8a5-97ea1010a81c', 'Truilhé', 'Elodie', 0660602785, 0660602785, 'elodie-t@hotmail.fr', 1, '546d7470-ff50-4745-ae4d-cff7a5280413', 'truilhe-elodie', '85fe12ae-06a4-4e63-a3f0-f3f373886aa1'),
('43ed2cf6-be3e-4722-9fc8-2d020c78464e', 'Le Cam', 'Gaëlle', 0672495690, 0672495690, 'lesprit-zen@orange.fr', 1, '546d7470-ff50-4745-ae4d-cff7a5280413', 'le-cam-gaelle', '4e9eb965-50d8-497a-82c2-48a726bf5fda'),
('44749d16-5773-4519-857f-b39148c0dd9c', 'Mercier', 'Carine', 0545374187, 0661529610, 'carinemercier@orange.fr', 1, '546d7470-ff50-4745-ae4d-cff7a5280413', 'mercier-carine', 'dcb5b689-28ba-410f-a0fc-a7517d1f8100'),
('4525f0e4-4346-480c-94b0-9f2447b4a158', 'Lestrade', 'Elodie', NULL, 0674061014, 'beautenaturel65@gmail.com', 1, '546d7470-ff50-4745-ae4d-cff7a5280413', 'lestrade-elodie', 'd182ad79-9def-46b2-8b6a-73ff57c93ea5'),
('455ff2d6-3c24-4618-98f8-f039c2c74070', 'Capdevielle', 'Elodie', 0559331403, 0682309177, 'elodie.capdevielle64@gmail.com', 1, '546d7470-ff50-4745-ae4d-cff7a5280413', 'capdevielle-elodie', '6a143d87-e6a7-4d4f-b235-742e078af846'),
('45ecc503-10aa-4663-815b-922a1a78acc3', 'Gantier', 'Muriel', NULL, 0786971648, 'monmomentamoi@orange.fr', 1, '546d7470-ff50-4745-ae4d-cff7a5280413', 'gantier-muriel', '579b56b3-3f5c-4fbe-ab60-9ec245592313'),
('48616262-e649-4b4c-ac34-1cb87be194db', 'Vilette', 'Cyrielle', 0228162126, 0662226142, 'cyrielle.vilette@orange.fr', 1, '34833532-b8bc-400b-8f2d-14aaee366ce9', 'vilette-cyrielle', '1035392f-6a21-461c-b073-38509318da77'),
('48b2e85a-0d84-4c48-88fc-7995d72877cf', 'Osario', 'Maria', 0663260596, 0663260596, 'mosorio@sfr.fr', 1, '546d7470-ff50-4745-ae4d-cff7a5280413', 'osario-maria', '8af84640-d076-4816-be00-ff723e4e3724'),
('48b5cf52-200a-4655-af36-808b5cbffa68', 'Fraicher', 'Christelle', 0494409802, 0618096163, 'lejardindessens@wanadoo.fr', 1, '546d7470-ff50-4745-ae4d-cff7a5280413', 'fraicher-christelle', '20cbcf02-9ca1-49e4-a84b-3cfe50ae0e1d'),
('4a0f7006-bf18-4c7b-a306-65f7f4f65d25', 'Valentin', 'Laura', NULL, 0665617935, 'laura.valentine@hotmail.fr', 1, '546d7470-ff50-4745-ae4d-cff7a5280413', 'valentin-laura', '31e8e18b-450f-4657-99c9-96a60ec60241'),
('4adee182-3818-4bf6-84bd-b94e18d01460', 'Million', 'Géraldine', 0611112881, 0611112881, 'cocktailbeaute31@gmail.com', 1, '546d7470-ff50-4745-ae4d-cff7a5280413', 'million-geraldine', 'acaef8f6-948c-4be6-a9ab-4e459c29f504'),
('4b0b3f70-f981-4b89-9794-ba2f508a6f17', 'Claret', 'Norellie', 0534520738, 0620599009, 'jino31@hotmail.fr', 1, '546d7470-ff50-4745-ae4d-cff7a5280413', 'claret-norellie', 'b2ac1d0d-7ec7-4536-a98c-aa0c08f632b1'),
('4b199e64-5b93-4e62-8774-b760a4df2658', 'Daubisse', 'Tiffany', 0616028636, 0616028636, 'tiffany.daubisse@gmail.com', 1, '546d7470-ff50-4745-ae4d-cff7a5280413', 'daubisse-tiffany', '8e01fdd2-9925-4500-a89d-43da6a345275'),
('4c9b20bd-cd1d-483c-9139-584a4e988dfc', 'Faugeron', 'Christine', NULL, 0684488741, 'coralyse24@yahoo.com', 1, '546d7470-ff50-4745-ae4d-cff7a5280413', 'faugeron-christine', '08d5f28a-4aae-4ea5-8b9c-e70dbc99414e'),
('4e08b53f-00b1-4a77-8297-ce41971ec3a7', 'Parouteau', 'Harmonie', 0678577981, 0678577981, 'bellaesthetique19@gmail.com', 1, '546d7470-ff50-4745-ae4d-cff7a5280413', 'parouteau-harmonie', '44d52ed0-5873-4c12-9b20-ab492be71bc3'),
('4e98668a-ce5c-47af-8d76-468e0152cb92', 'Halle', 'Mathilde', 0229630307, 0648139001, 'intemporel.spa@gmail.com', 1, '34833532-b8bc-400b-8f2d-14aaee366ce9', 'halle-mathilde', '95d30308-3584-4e01-a3e2-f53e6f902be7'),
('4ecee434-8d51-4723-9aa0-5b86e92f810c', 'Picot', 'Adeline', NULL, 0637885591, 'adeline-picot@orange.fr', 1, '546d7470-ff50-4745-ae4d-cff7a5280413', 'picot-adeline', '7c44b365-7f00-4618-bbb4-04ee46f4c431'),
('4ee42ec3-dc80-4b71-a5e4-06b52bb11f9f', 'Lucas', 'Héloïse', 0673491571, 0673491571, 'contact.lamagiedessens@gmail.com', 1, '546d7470-ff50-4745-ae4d-cff7a5280413', 'lucas-heloise', '760b1a8e-9953-49b4-ab4e-bfb16a516d59'),
('535cb69a-71f3-4b5c-9b84-dcc2070fe84f', 'Pouil', 'Joëlle', 0561212795, 0603653716, 'joellepouil@gmail.com', 1, '546d7470-ff50-4745-ae4d-cff7a5280413', 'pouil-joelle', '30b365a3-ea18-4b03-bed3-68e9c7540418'),
('5523592c-11ed-4c78-82b9-d67a580efa4c', 'emy', 'emy', 0561663712, 0561663712, 'emy.esthetique@gmail.com', 1, '546d7470-ff50-4745-ae4d-cff7a5280413', 'emy-emy', 'c9687191-35ab-4324-9578-308819281d16'),
('5602b443-49c2-4b86-8e5a-1c93ac479f0e', 'Coutand', 'Nathalie', 0251318535, 0620535281, 'cote.naturel@orange.fr', 1, '546d7470-ff50-4745-ae4d-cff7a5280413', 'coutand-nathalie', '9b85b2c8-35f6-42a9-b4bf-e47519548a01'),
('56d59851-b90b-42f2-9985-794800c5cf48', 'Guillevic', 'Solen', 0297637010, 0297637010, 'ileetelle@orange.fr', 1, '546d7470-ff50-4745-ae4d-cff7a5280413', 'guillevic-solen', 'ecbd0d3a-e611-47c9-8c79-acfcc1164ff7'),
('57890f84-5dac-418e-9f12-9abc0591b790', 'Fauvet', 'Marie', 0251338010, 0661874665, 'amitan94@hotmail.fr', 1, '546d7470-ff50-4745-ae4d-cff7a5280413', 'fauvet-marie', '617b897f-5bd7-491c-b70a-181e7124041e'),
('58d9e927-a046-40e6-9f2b-80486b79fc21', 'Morère', 'Maryline', 0561662002, 0687326397, 'maryline.morere@orange.fr', 1, '546d7470-ff50-4745-ae4d-cff7a5280413', 'morere-maryline', 'da241488-1c90-49fa-8c02-f433edfded64'),
('58e218fe-ef08-420f-aed0-e1e4222415da', 'Sola - Eboto', 'Corine', 0553748527, 0679038362, 'eboto.thierry@orange.fr', 1, '546d7470-ff50-4745-ae4d-cff7a5280413', 'sola-eboto-corine', 'fd0112ec-a41e-47c5-83d6-c863d52a66b2'),
('5aaf7648-670d-4fee-943c-980854e2fbe9', 'Martin', 'Christophe', 0557153898, 0611468909, 'spa.diliana@gmail.com', 1, '546d7470-ff50-4745-ae4d-cff7a5280413', 'martin-christophe', '847d64db-bdc6-4834-b524-7a12782f25a6'),
('5bb5e4e3-4608-4f58-ab9e-95a866581e3d', 'Ronseaux', 'Nathalie', 0556056750, 0625491267, 'institutdebeautesublime@orange.fr', 1, '546d7470-ff50-4745-ae4d-cff7a5280413', 'ronseaux-nathalie', '65d9649a-8e6d-4189-8c75-95e2cb6efc6e'),
('5cf0c052-3f64-4c0c-86f6-da8c2b612032', 'Lagarde', 'Marion', 0553713619, 0636513614, 'm.lagarde@hotmail.fr', 1, '546d7470-ff50-4745-ae4d-cff7a5280413', 'lagarde-marion', '98944b97-5576-47d8-b579-a07694782ae5'),
('5ee81a84-69b4-4220-959d-94adfcb55212', 'Fauré', 'Pascale', 0561873565, 0695804243, 'institutnoela@orange.fr', 1, '546d7470-ff50-4745-ae4d-cff7a5280413', 'faure-pascale', 'd45be056-b962-4328-900a-6fcfd5b3f0fd'),
('60798e92-e95b-406a-a3c4-45d2c3f43672', 'frederick', 'Frederick', 0652207988, 0652207988, 'frederick@lovelie-institute.net', 1, '546d7470-ff50-4745-ae4d-cff7a5280413', 'frederick-frederick', '17684489-d661-4dc2-9c7c-72bf2556226c'),
('6289d49a-1a89-48b9-b06e-9a4287fb7273', 'Cadec', 'Pauline', 0298975336, 0663283777, 'pauline.goanvec@gmail.com', 1, '546d7470-ff50-4745-ae4d-cff7a5280413', 'cadec-pauline', '94a376af-7587-449f-8707-e2cbd88ebd6b'),
('6528a143-bd1c-4e06-bb8c-de1bf83bbafe', 'Le Cren Plantié', 'Elodie', NULL, 0610161240, 'elodieplantie@gmail.com', 1, '546d7470-ff50-4745-ae4d-cff7a5280413', 'le-cren-plantie-elodie', 'eed10dd2-3b07-4b48-8c9b-75bd052a94e7'),
('654e771c-cb53-4b08-bfa1-743516f12044', 'Bonnet', 'Katy', NULL, 0673394621, 'roxy66@orange.fr', 1, '546d7470-ff50-4745-ae4d-cff7a5280413', 'bonnet-katy', 'bb1821e5-d430-4e24-83a8-41257b3cac47'),
('65ba35b1-f92e-4d1a-b086-841f0f441b59', 'Deputier', 'Sochetta', 0251178858, 0681095133, 'apsara-beaute@orange.fr', 1, '546d7470-ff50-4745-ae4d-cff7a5280413', 'deputier-sochetta', '79ecf165-d18a-47c3-bce6-f0adde06d53d'),
('66955d58-b2fc-4380-bba6-dc9cb107e6bd', 'Gambin', 'Manon', 0631084649, 0631084649, 'devoscilsavosongles@gmail.com', 1, '546d7470-ff50-4745-ae4d-cff7a5280413', 'gambin-manon', '102a5eba-a502-4780-a82a-06f0caa11bda'),
('678fdcb8-a173-465a-9f7a-7ca234ab8e62', 'Labregère', 'Isabelle', 0555311960, 0660181450, 'i.labregere@orange.fr', 1, '546d7470-ff50-4745-ae4d-cff7a5280413', 'labregere-isabelle', '7c97d8cc-cfcb-43fe-9d85-3b65753037c3'),
('69294a30-cc48-4c3c-b7f5-749b6b5656f6', 'Brégu', 'Charlène', NULL, 0785540490, 'institut-perledesoie@orange.fr', 1, '546d7470-ff50-4745-ae4d-cff7a5280413', 'bregu-charlene', '9f92eba8-f934-4fc9-ac1a-f5870e001f99'),
('6a4e40bd-aca6-419b-8418-ca2fe218c4ca', 'Bonzom', 'marie', 0561670374, 0610513999, 'mariecoiffure09@gmail.com', 1, '546d7470-ff50-4745-ae4d-cff7a5280413', 'bonzom-marie', 'e9908ae1-76a8-43e7-aaae-d456b4864e41'),
('6a9c566b-8890-4591-85aa-69f6b7600200', 'Le Sayec', 'Karen', 0297111261, 0297111261, 'essentielbeaute56@orange.fr', 1, '546d7470-ff50-4745-ae4d-cff7a5280413', 'le-sayec-karen', '972aedfb-6005-4db3-a56d-34c97f9b2e4e'),
('6e711c5c-9809-440c-9e4e-216346020004', 'Taveau', 'Angélique', 0241731432, 0664731885, 'angelique.taveau@gmail.com', 1, '546d7470-ff50-4745-ae4d-cff7a5280413', 'taveau-angelique', 'ed2dd713-373c-441c-a75a-ae81ff608e46'),
('6fe9d596-fb4e-4b5c-8487-7e76acd36179', 'Da Silva', 'Muriel', 0648032453, 0648032453, 'lecrindessens@orange.fr', 1, '546d7470-ff50-4745-ae4d-cff7a5280413', 'da-silva-muriel', 'a90396b1-6b1c-4f53-b0c1-19660f5f575c'),
('72a3ccbb-fb7a-4762-88e0-7390469013d1', 'Pauline', 'Pauline', 0297521415, 0297521415, 'spa@hotel-celtique.com', 1, '34833532-b8bc-400b-8f2d-14aaee366ce9', 'pauline-pauline', 'ff7dc571-8e0d-4168-a738-440859677598'),
('72c36c9c-f6a0-49f1-aa15-df38ea710d80', 'Lassalle', 'Natacha', 0556094196, 0685532526, 'lassallenatacha@hotmail.fr', 1, '546d7470-ff50-4745-ae4d-cff7a5280413', 'lassalle-natacha', '10d8e885-d9c5-4c9d-aa22-6b30727d970f'),
('76d7ddd8-68ab-4060-be3b-9005c90bd8f8', 'Benchetrit', 'Valérie', 0559929138, 0650050433, 'benchetrit.daniel@wanadoo.fr', 1, '546d7470-ff50-4745-ae4d-cff7a5280413', 'benchetrit-valerie', '7ac61b25-484f-4998-81bd-ca28cc078ef5'),
('784c9a84-1946-4fa5-834f-f31b4eeef733', 'Damade', 'Pauline', 0981084954, 0621927347, 'pauline.damade@live.fr', 1, '546d7470-ff50-4745-ae4d-cff7a5280413', 'damade-pauline', '2b76b144-e408-4faf-b82a-60f57a2fb76c'),
('7b093edf-cc60-4eb5-82cf-84b3209e7741', 'Baillon', 'Corinne', 0581391552, 0637586057, 'corinne.baillon12@gmail.com', 1, '546d7470-ff50-4745-ae4d-cff7a5280413', 'baillon-corinne', 'c679be26-0eb8-47dd-a152-7d8942fbcb0f'),
('7b953e48-eafd-4b4a-ade0-ed1edab30d9c', 'Lemaître', 'Nadia', 0561600344, 0675803006, 'nadia.lelotusbleu@hotmail.fr', 1, '546d7470-ff50-4745-ae4d-cff7a5280413', 'lemaitre-nadia', '5e90ccf5-e0f0-43de-acfb-ece9ace1a1f4'),
('7cd82b5e-ce3c-47da-a7a4-c879c438a56b', 'Seroux', 'Marion', 0952436141, 0624563017, 'contact@leboudoirdelabeaute.com', 1, '546d7470-ff50-4745-ae4d-cff7a5280413', 'seroux-marion', 'b230df78-e1a0-4a58-b3fa-e0ae169a245f'),
('7ce18627-dcda-47be-ad1d-bf49f38e9611', 'Vives', 'Marie', 0768328145, 0768328145, 'manawa_massage@outlook.fr', 1, '546d7470-ff50-4745-ae4d-cff7a5280413', 'vives-marie', 'a80a75b2-9895-4e19-a618-4de6b97cd63d'),
('7cfe51be-f1b1-4795-ad43-0bd5c50e5179', 'Beaudoin', 'Brigitte', 0558477025, 0761883553, 'relaisdelaposte@coussau.com', 1, '34833532-b8bc-400b-8f2d-14aaee366ce9', 'beaudoin-brigitte', '527dd917-b7f3-4546-bd26-68cd37af9dc1'),
('7d67103f-d887-44c5-aea1-28fc300330e4', 'Jacquet', 'Patricia', 0240204879, 0601792869, 'commejemimagine@gmail.com', 1, '546d7470-ff50-4745-ae4d-cff7a5280413', 'jacquet-patricia', '31579a06-b736-43cc-a70c-574cde5523cb'),
('7e3b59b2-38cb-4ac3-9b22-3a79e3e466ee', 'Navarre', 'Aurélie', 0546871841, 0678726704, 'estelia.institut@gmail.com', 1, '546d7470-ff50-4745-ae4d-cff7a5280413', 'navarre-aurelie', 'fe0ff5ab-8a0f-4474-98e8-ad448dc35fe6'),
('7f82dc63-5ca3-4ef6-b38c-9c68f692aafd', 'Gonzalez', 'Mathilde', 0667097377, 0667097377, 'contact@letempsdunsoin.fr', 1, '34833532-b8bc-400b-8f2d-14aaee366ce9', 'gonzalez-mathilde', '851faba6-4ca0-4769-8934-3bad9cf49c3e'),
('82294fd5-b575-4136-ad20-c3693f867ab1', 'Soulier', 'Christy', 0000000006, 0000000006, 'laville.christy@gmail.com', 1, '546d7470-ff50-4745-ae4d-cff7a5280413', 'soulier-christy', '3ac108a5-f0e7-4759-ad06-d9624747d9e8'),
('824acb2b-ed34-4555-9639-a56b15882fad', 'Chuberre', 'Angéline', 0299224731, 0625447992, 'contact@onae.fr', 1, '546d7470-ff50-4745-ae4d-cff7a5280413', 'chuberre-angeline', 'e1958186-7058-4eb5-bcd8-e6002e5ee2cf'),
('82a6dae3-188b-45f8-824f-e12c9a87a659', 'X', 'Y', 0516220661, 0516220661, 'espritdorfee@sfr.fr', 1, '546d7470-ff50-4745-ae4d-cff7a5280413', 'x-y', '1b021c7c-c720-4a75-8c43-7e7b65d1eaa5'),
('82f70b21-2cc4-4898-af5e-855764c3f4fc', 'Escandel', 'Magali', 0565631627, 0565631627, 'magapresta@gmail.com', 1, '546d7470-ff50-4745-ae4d-cff7a5280413', 'escandel-magali', '076347ae-f99b-488b-b4fa-390486249844'),
('83f7b6a5-b454-4aa3-b288-a22b62a4dec5', 'Vivier', 'Candice', 0299623328, 0695854671, 'candicevivier@gmail.com', 1, '546d7470-ff50-4745-ae4d-cff7a5280413', 'vivier-candice', 'a8b7707d-c5e9-4f24-ab12-9e0d10ad1b3d'),
('8408b5e2-7fef-4e71-a0a9-13cc716f01c4', 'Rambaud', 'Patricia', 0546041707, 0664758143, 'argane.beaute@gmail.com', 1, '546d7470-ff50-4745-ae4d-cff7a5280413', 'rambaud-patricia', '2d2fb5dd-20d2-4bf2-8c41-888dbff3f8bd'),
('862b6343-fad8-4c19-b5d6-ee57e3546d66', 'Guyot', 'Céline', 0299827400, 0662827400, 'contact@malouiniere.com', 1, '546d7470-ff50-4745-ae4d-cff7a5280413', 'guyot-celine', '21706d11-6a5a-41c3-a196-04a1df0ab5ee'),
('86328bf2-345b-401e-8720-6a9534369a35', 'Bec', 'Céline', 0565741606, 0675684649, 'ch.bec@wanadoo.fr', 1, '546d7470-ff50-4745-ae4d-cff7a5280413', 'bec-celine', '8788d95f-cacb-43d4-a03c-d12244a28091'),
('895ddd84-2736-46dc-bdac-aa8673933ad3', 'Pisan', 'Jelka et Pascal', 0562377538, 0610143712, 'kine-lounge@orange.fr', 1, '546d7470-ff50-4745-ae4d-cff7a5280413', 'pisan-jelka-et-pascal', 'cb9ef960-0410-4748-91bf-34b5d49eb453'),
('8ab9e7ef-b705-49ee-b03d-f3b449bcda16', 'Videau', 'Cyril', NULL, 0689201214, 'cyrilesthetique@live.fr', 1, '546d7470-ff50-4745-ae4d-cff7a5280413', 'videau-cyril', 'e8d2575a-00d1-4012-adb8-7c815a8e675d'),
('8db8bb1e-6d34-4611-ae2f-6eba037963e5', 'Caudal', 'Karen', 0297613359, 0663093075, 'perle-de-bien-etre@orange.fr', 1, '546d7470-ff50-4745-ae4d-cff7a5280413', 'caudal-karen', 'f1f519d3-1d71-4a84-ac79-86cbdaa34bed'),
('8dbbe6f8-14a5-4ccc-9773-c763f6051414', 'Mertz', 'Charlyne', 0556593860, 0631797017, 'institut.apparence@aol.com', 1, '546d7470-ff50-4745-ae4d-cff7a5280413', 'mertz-charlyne', 'bbfffef9-982b-4c5d-b72c-cfad21e78a6a'),
('940bb586-5d01-479c-9df2-fac873893597', 'Chinnarro', 'Amandine', 0556593132, 0687862612, 'amandinechinarroesthetique@orange.fr', 1, '546d7470-ff50-4745-ae4d-cff7a5280413', 'chinnarro-amandine', 'b3574f98-e453-485b-95a2-82cab9b4b172'),
('9472e68b-d1b1-46b9-a0b0-174e6fc05290', 'Marigo', 'Evelyne', 0562015090, 0651774632, 'accueil@salinea-spa.com', 1, '546d7470-ff50-4745-ae4d-cff7a5280413', 'marigo-evelyne', 'f8cb1f36-fb4d-498a-98c9-cb67f85e55d5'),
('9510a088-d62a-421e-9c4a-eee6c93155d4', 'L\'hermet', 'Pauline', 0685244797, 0685244797, 'institut.douc.heure@outlook.com', 1, '546d7470-ff50-4745-ae4d-cff7a5280413', 'l-hermet-pauline', '7005d9a7-f88f-43be-85f0-a54c5d07d0d3'),
('957c0295-e876-4474-bbb5-f9cdc808278a', 'Roques', 'Elodie', 0553014548, 0674540752, 'elodieroques@outlook.fr', 1, '546d7470-ff50-4745-ae4d-cff7a5280413', 'roques-elodie', '218f4274-14b9-4594-b834-c19326e37a25'),
('979d420a-9f52-400f-abbf-fbf5b72c8b1b', 'Nollet', 'Krystel', 0556600601, 0650774988, 'krystel.nollet@gmail.com', 1, '546d7470-ff50-4745-ae4d-cff7a5280413', 'nollet-krystel', '7fc93642-083c-4dc6-b233-fe4a7df4c6b8'),
('97aa9066-dd72-466d-8460-08b5c53976df', 'Gambin', 'Fanny', 0651693261, 0651693261, '1001astucesdefillespro@gmail.com', 1, '546d7470-ff50-4745-ae4d-cff7a5280413', 'gambin-fanny', 'd655632b-9ec1-40ff-8eb2-2e374d0dcc69'),
('97c9de95-01bc-4995-bab1-d0ba3a609fc7', 'Faure', 'Sandrine', 0561484053, 0677516800, 'zen-et-belle@orange.fr', 1, '546d7470-ff50-4745-ae4d-cff7a5280413', 'faure-sandrine', 'f0a2f746-471a-4939-b7ef-18db8f5ad2a4'),
('9872c182-67c8-4695-9faa-ace3050dcdcf', 'Carrère', 'Ashika', 0581754448, 0627627419, 'contact@pink-baroque.com', 1, '546d7470-ff50-4745-ae4d-cff7a5280413', 'carrere-ashika', '50c54231-42ac-4203-a489-1fc888e1fdcf'),
('9a186948-8b9c-467e-97d6-e7af7a9e4793', 'Silvestrin', 'Cindy', NULL, 0670817578, 'scindy09@hotmail.fr', 1, '546d7470-ff50-4745-ae4d-cff7a5280413', 'silvestrin-cindy', '5767e2c5-e5d1-4961-9b42-69fc9d3ec4d3'),
('9a40e764-a50f-4327-a205-80c06777877e', 'Martin', 'Coralie', 0251375939, 0614883340, 'contact@tendancespa-larochesuryon.fr', 1, '546d7470-ff50-4745-ae4d-cff7a5280413', 'martin-coralie', '175af4e1-11e3-4857-9f4f-fe17444fb973'),
('9aa34e6d-632f-4005-82d3-65bfead16a87', 'Clabault', 'Emilie', 0634136184, 0634136184, 'emilieclabault85@gmail.com', 1, '546d7470-ff50-4745-ae4d-cff7a5280413', 'clabault-emilie', '45138e27-1534-48f8-8cdb-988f711a945f'),
('9e3f30da-759c-4887-af26-0a0298aeb808', 'Gindre', 'Maxime', NULL, 0606050507, 'lekurs@gmail.com', 1, '546d7470-ff50-4745-ae4d-cff7a5280413', 'gindre-maxime', '9118c2f3-3ee4-4f3c-88a8-befa19a8cc62'),
('9fcbb1fe-5f7e-469c-b90e-8fecf0024e42', 'Laporte', 'Laetitia', 0565645082, 0612065343, 'sourcebienetre12@gmail.com', 1, '546d7470-ff50-4745-ae4d-cff7a5280413', 'laporte-laetitia', 'a47fec31-0b0d-4772-9590-298ffaffee33'),
('a02a1f1e-9e27-47ab-a583-8b6df356df3a', 'Brochard', 'Jéromine', 0545360211, 0699411638, 'jejebrochard@gmail.com', 1, '546d7470-ff50-4745-ae4d-cff7a5280413', 'brochard-jeromine', '28d3077c-9713-44bd-b2db-f72d26fa86fd'),
('a18fb3ae-8bb7-4670-bb2b-80d814a0746d', 'Join', 'Marine', 0681026333, 0664677243, 'marine.join@yahoo.com', 1, '34833532-b8bc-400b-8f2d-14aaee366ce9', 'join-marine', '8d2be2f8-81db-4b4e-8b2a-42ccbb95fa83'),
('a2953dc6-d7da-4b1a-9d5f-c92148e1c69a', 'Colombert', 'Delphy', 0256463250, 0677008881, 'delphycolombert@sfr.fr', 1, '546d7470-ff50-4745-ae4d-cff7a5280413', 'colombert-delphy', '44e6eade-db62-4955-a28a-29c1e234e257'),
('a36d98da-2c9e-4620-9d86-789457191a84', 'Bot', 'Cindy', 0981309573, 0660486604, 'acorps-bienetre@hotmail.fr', 1, '546d7470-ff50-4745-ae4d-cff7a5280413', 'bot-cindy', '0d1164c8-86cb-4fac-b8c7-924e5a1fb768'),
('a5b2a161-8c6f-47a8-a9c2-77c467d3e967', 'Guillet', 'Marina', 0546444715, 0670983428, 'larochellebikini@gmail.com', 1, '546d7470-ff50-4745-ae4d-cff7a5280413', 'guillet-marina', 'a70c452f-d890-438e-a9be-fb6d990457f8'),
('a5d9442c-15a5-4881-a936-907caf64b663', 'Roussel', 'Elise', NULL, 0616958816, 'roussel.elis@gmail.com', 1, '546d7470-ff50-4745-ae4d-cff7a5280413', 'roussel-elise', '8b631c3a-d29c-4847-a6c1-7bf75eda3951'),
('a5dc5dcb-1a22-4532-b802-f392bbc66cbe', 'Saint Martin', 'Lara', 0561088664, 0648197234, 'contact@happy-esthetic.com', 1, '34833532-b8bc-400b-8f2d-14aaee366ce9', 'saint-martin-lara', '97ac7274-2355-4e37-9f6c-80a507d875b4'),
('a80313da-06ef-485f-ad37-84c295c02d0f', 'Compiegne', 'Julie', 0565237278, 0649268549, 'julie_compiegne@orange.fr', 1, '546d7470-ff50-4745-ae4d-cff7a5280413', 'compiegne-julie', 'cfbbca05-90f6-42fc-a336-6cc8bff53fab'),
('a8861216-470f-4908-a1e2-74f055a8c2ba', 'Prioleau', 'Céline', 0615884762, 0615884762, 'prioleauceline.07@gmail.com', 1, '546d7470-ff50-4745-ae4d-cff7a5280413', 'prioleau-celine', '4d3fa202-8e58-4557-8a8c-dbbbf675f737'),
('a968b75e-5c84-47e1-a380-ef8475892e1f', 'Meunier', 'Julie', 0297702879, 0619910255, 'julie.meunier56@gmail.com', 1, '546d7470-ff50-4745-ae4d-cff7a5280413', 'meunier-julie', '941e220f-7b2b-4d5c-93e9-9d372cbac85f'),
('aaac44f6-4668-4d55-aa7c-7ec1c3d8acb6', 'Lainard', 'Annie', 0251483715, 0608778520, 'lainardannie@gmail.com', 1, '546d7470-ff50-4745-ae4d-cff7a5280413', 'lainard-annie', 'f67376d0-94da-453e-959c-7a5982313beb'),
('ab7960cc-4812-4412-8131-e72e078ec6eb', 'Boisnard', 'Eve', 0540504777, 0619142331, 'eveboisnard@icloud.com', 1, '546d7470-ff50-4745-ae4d-cff7a5280413', 'boisnard-eve', 'b826f736-d0c1-48d4-9831-c672020abe61'),
('ad5dc798-ac3f-490b-bdcf-13e2f4259f75', 'Terrier', 'Emeline', 0222127342, 0627610090, 'mline29@icloud.com', 1, '546d7470-ff50-4745-ae4d-cff7a5280413', 'terrier-emeline', 'a0b92d05-fc43-4d69-8288-ef2295f1c749'),
('addcb72d-a811-4b00-81da-8ac74386ddc9', 'Baron', 'Marie Noëlle', 0555724300, 0631470513, 'marie.baron22@gmail.com', 1, '546d7470-ff50-4745-ae4d-cff7a5280413', 'baron-marie-noelle', '353ad7b0-4529-42be-850c-ee3ea0544c16'),
('aede5131-3c86-4a2d-a8c0-70969b486831', 'Labbens', 'Laurence', 0617984601, 0617984601, 'laurencelea22@hotmail.com', 1, '546d7470-ff50-4745-ae4d-cff7a5280413', 'labbens-laurence', '77db6d09-9a83-4732-a45b-6f1020e6fea4'),
('afff5bb7-e666-43cd-8772-42a96880bb72', 'Pouplain', 'Elodie', 0251610502, 0629389165, 'acorpsdmoi@hotmail.fr', 1, '546d7470-ff50-4745-ae4d-cff7a5280413', 'pouplain-elodie', '7c887837-4de3-4aa0-b277-d319b42fa306'),
('b02beb3f-dc88-4d2b-9492-e96562ed93b8', 'Laurentin', 'Mathilde', 0251827274, 0621967926, 'martinique1990@hotmail.fr', 1, '546d7470-ff50-4745-ae4d-cff7a5280413', 'laurentin-mathilde', '4f2d86df-acd0-4226-a03d-6b5ab5fd0f5c'),
('b3c21bfb-6a33-4808-bde6-ddb3d102ddd2', 'Anton', 'Françoise', 0561076418, 0616675787, 'bodyspa-tournefeuille@orange.fr', 1, '546d7470-ff50-4745-ae4d-cff7a5280413', 'anton-francoise', '6be8e5c3-b70c-424c-8960-2e030af722f0'),
('b50f9273-20f6-40ff-a284-1cb26dc2f627', 'Rumeau', 'Charline', 0680554525, 0680554525, 'lafeepoudree@yahoo.fr', 1, '546d7470-ff50-4745-ae4d-cff7a5280413', 'rumeau-charline', '7990fc46-6374-4c8b-86ba-e355832f1cbd'),
('b558bf83-2b0a-4535-9b8b-4ee296fb50fd', 'Cabrita', 'Stéphanie', 0251473326, 0678645770, 'steph.cabrita@orange.fr', 1, '546d7470-ff50-4745-ae4d-cff7a5280413', 'cabrita-stephanie', '2b8a5f6e-1d2d-42cc-9824-354c535eca09'),
('b6fd9d72-ad15-4971-86a2-2084455d6d4a', 'Prévost', 'Anne Laure', 0626170543, 0626170543, 'un-ecrin-de-serenite@outlook.fr', 1, '546d7470-ff50-4745-ae4d-cff7a5280413', 'prevost-anne-laure', 'cbddf7a6-850d-4040-93dd-9a96b92dc4ff'),
('b7ea6061-0500-4dfd-ade2-7d514ffc0475', 'Ducros', 'Frédéric', 0562139531, 0614038318, 'fducros1@free.fr', 1, '546d7470-ff50-4745-ae4d-cff7a5280413', 'ducros-frederic', '3f808819-4e72-4295-bdef-32ba43ae358d'),
('b80b944a-d1b7-4a3a-a400-35b4b5a97320', 'Bernuchon', 'Anne Sophie', 0549041122, 0640710510, 'tarabeaute@free.fr', 1, '546d7470-ff50-4745-ae4d-cff7a5280413', 'bernuchon-anne-sophie', '3d8200b8-daf7-4ab2-900d-6c6186fe4731'),
('b9eaedc1-f9de-4eb1-855d-29eb73e53797', 'Lagasse', 'Lénaïg', 0558580055, 0664337193, 'spa@villasern.fr', 1, '546d7470-ff50-4745-ae4d-cff7a5280413', 'lagasse-lenaig', '67d00ce2-0cf7-40be-bcb5-c8ffdbe8492e'),
('bc3bf927-aed0-400d-b8ea-a163bbd4d0ff', 'Bressanges', 'Elodie', 0563665499, 0620684644, 'ozenspa82@gmail.com', 1, '546d7470-ff50-4745-ae4d-cff7a5280413', 'bressanges-elodie', 'b4ea967f-90ee-457b-8ce0-984c84f92587'),
('bca08a75-373d-4539-bfe0-d816da6653c8', 'Gravier', 'Jennifer', 0567457264, 0647547083, 'jennifer65@hotmail.fr', 1, '546d7470-ff50-4745-ae4d-cff7a5280413', 'gravier-jennifer', '8714d419-fad6-4fb2-b7d7-091bb95972fe'),
('be0a8037-cfe9-4481-83b3-a372a3c86b52', 'Susan', 'Cécile', 0553403210, 0629821805, 'espacezen47@outlook.fr', 1, '546d7470-ff50-4745-ae4d-cff7a5280413', 'susan-cecile', '571b93d6-e317-4b69-bee7-75d4061da2d3'),
('bfcb9933-bb7e-461b-9b54-b958df753b76', 'Allain', 'Véronique', 0298091417, 0669132782, 'avenesthetique@bbox.fr', 1, '546d7470-ff50-4745-ae4d-cff7a5280413', 'allain-veronique', '1ea5000d-6a63-4cb9-b20d-da1d051aa0dc'),
('c0203c0f-1da2-445c-9646-7d37c842b24f', 'KATIA', 'Katia', NULL, 0686752830, 'mylena31@outlook.fr', 0, '34833532-b8bc-400b-8f2d-14aaee366ce9', 'katia-katia', 'e0eb6cf0-2b3f-444d-a1c0-0d1d686df250'),
('c2fe43a3-f072-4909-b9d1-fc8a2d056850', 'Dierx', 'Maryline', 0612313917, 0612313917, 'dierxmaryline@live.fr', 1, '546d7470-ff50-4745-ae4d-cff7a5280413', 'dierx-maryline', 'eba8debb-f918-463d-82ff-a81cdd52b6bc'),
('ca10eae9-5905-4f8b-aeb3-c19825abc98e', 'VILLA', 'Jennifer', 0613366574, 0613366574, 'nini.cheve@gmail.com', 1, '546d7470-ff50-4745-ae4d-cff7a5280413', 'villa-jennifer', '3d126d87-cf83-49d7-9c54-8cbaea8e62b7'),
('ca595bdd-a903-4f7a-a39b-664592d18ad2', 'Guichard', 'Eva', 0648729370, 0648729370, 'evadvous@hotmail.com', 1, '546d7470-ff50-4745-ae4d-cff7a5280413', 'guichard-eva', '07a700d3-8302-408b-81fa-437b8f484156'),
('cb73bfc0-56be-4132-81e9-4dc0f22afd93', 'Morrin', 'Manon', 0561510054, 0670085952, 'parfumerie-framboise@orange.fr', 1, '546d7470-ff50-4745-ae4d-cff7a5280413', 'morrin-manon', '7ed6dd06-abd4-4b7d-b101-6de9b7ef1282'),
('ce267d22-3f28-4138-80eb-956a593ba68b', 'Valette', 'Bérangère', 0645944370, 0645944370, 'berengerevalette@gmail.com', 1, '546d7470-ff50-4745-ae4d-cff7a5280413', 'valette-berangere', '25eefef9-aa05-4f73-9c9a-331f9ac2050b'),
('ce8ff84b-5d84-410e-aa96-046ee82fa596', 'Handous Karine et Gonnet Sylvie', 'Karine et Sylvie', 0549011308, 0610815040, 'mineralspa1@gmail.com', 1, '546d7470-ff50-4745-ae4d-cff7a5280413', 'handous-karine-et-gonnet-sylvie-karine-et-sylvie', 'e6be8be1-8a4e-48c2-8741-0f4b4ec40ffb'),
('cf83d6ba-0ad8-42b4-a542-b2ab6d584d04', 'Rivière', 'Véronique', 0553359191, 0778127396, 'spa@castelpeysard.com', 1, '546d7470-ff50-4745-ae4d-cff7a5280413', 'riviere-veronique', '976a38c8-8847-4d69-b50f-31cac1368c33'),
('d01ffbe7-0a7f-4c28-8e8c-a109817d4868', 'Bruneteau', 'Louise', 0546959148, 0661265363, 'louise.bruneteau@gmail.com', 1, '546d7470-ff50-4745-ae4d-cff7a5280413', 'bruneteau-louise', 'd4948451-9034-46be-92a3-386b7b8c4859'),
('d285cc71-99ad-445e-9f7e-0014c0fb77f6', 'Rousseau', 'Sandrine', 0228101245, 0679228157, 'sandrine250687@gmail.com', 1, '546d7470-ff50-4745-ae4d-cff7a5280413', 'rousseau-sandrine', 'd4e675e8-6a12-4617-8be8-33e489832288'),
('d5f8b4b5-e163-41ed-88dd-ec6aad28d549', 'Fontayne', 'Béatrice', 0664455569, 0664455569, 'leotiange@gmail.com', 1, '546d7470-ff50-4745-ae4d-cff7a5280413', 'fontayne-beatrice', 'ba344266-da5d-4fd8-be06-b0ab7b095090'),
('d840342e-9a5a-4047-998b-8af700ff837f', 'Vial', 'Alexandra', NULL, 0679450545, 'alexandravial12@gmail.com', 1, '546d7470-ff50-4745-ae4d-cff7a5280413', 'vial-alexandra', '3524204e-0bab-41fc-a7b5-f2334886af20'),
('d892878d-631f-485c-8ab7-f43a2465c9d3', 'Leal', 'Elodie', 0557831450, 0674884779, 'aucocondelodie@orange.fr', 1, '546d7470-ff50-4745-ae4d-cff7a5280413', 'leal-elodie', '7153d5a6-a668-4257-ad55-71c97085191d'),
('d8e22a6a-0c47-487b-a74c-e17492e04d38', 'Stephan', 'Sabrina', 0298351133, 0298351133, 'contact@celtic-zen.fr', 1, '546d7470-ff50-4745-ae4d-cff7a5280413', 'stephan-sabrina', '9209a147-9e57-40e5-a018-512326b7929e'),
('da42c99f-19e8-4e8f-ad4b-8b9b152f50b0', 'y', 'Elodie', 0630924811, 0630924811, 'latelier.delodie64@gmail.com', 1, '546d7470-ff50-4745-ae4d-cff7a5280413', 'y-elodie', '422edff3-563a-4d64-99dc-1319603798b1'),
('da5a9fb7-fe2b-4000-a73f-4d164497701e', 'Sionneau', 'Amandine', 0549170804, 0679565392, 'afaucher94@hotmail.fr', 1, '546d7470-ff50-4745-ae4d-cff7a5280413', 'sionneau-amandine', '49ea54bf-8bba-4d2d-9465-e69f2f1393c3'),
('dc83f11c-7275-451c-8dd9-73328c6654a3', 'Faure', 'Gwendoline', 0629418165, 0629418165, 'beauty-gwen@hotmail.fr', 1, '546d7470-ff50-4745-ae4d-cff7a5280413', 'faure-gwendoline', '67598904-69ef-4585-ace0-87eda90d2eec'),
('dcaac6c9-4b4d-4f15-9c8b-44d380e7a518', 'Cazès', 'Natacha', 0556861219, 0648244623, 'amabel.artigues@outlook.fr', 1, '546d7470-ff50-4745-ae4d-cff7a5280413', 'cazes-natacha', 'b3e034b5-e502-415b-ba02-56119b1c2aa9'),
('dd028f47-9064-4f59-aa57-81f3730a6500', 'Souyris', 'Laure', 0565687543, 0608829903, 'institut.aunaturel@gmail.com', 1, '546d7470-ff50-4745-ae4d-cff7a5280413', 'souyris-laure', 'd19f75ab-4b3c-475f-a265-26fa58d7de3f'),
('ddcfc534-5457-4b16-9fac-c642cd71eb23', 'X', 'x', 0565357074, 0565357074, 'universbeautecahors@gmail.com', 1, '34833532-b8bc-400b-8f2d-14aaee366ce9', 'x-x', 'a5cbeb2e-4da3-4b97-98dc-b5c0748266b0'),
('dde4cade-8ee1-45ce-85d6-d11058ec350e', 'Linger', 'Stéphanie', 0298733854, 0648359607, 'steph_linger@hotmail.fr', 1, '546d7470-ff50-4745-ae4d-cff7a5280413', 'linger-stephanie', '8ba90b31-97c2-4f3e-a1e3-02183e7fa83b'),
('dfa10a2d-2789-4950-9c24-28e22c02590f', 'Bourdon', 'Charlotte', 0524362905, 0624544592, 'bourdoncharlotte@live.fr', 1, '546d7470-ff50-4745-ae4d-cff7a5280413', 'bourdon-charlotte', 'fb1e3553-bbac-4e52-bfd3-db8388f88c55'),
('e03e7dde-ad8d-46a7-8cd3-daafad627a4f', 'Garbay', 'Maeva', 0558074880, 0614743964, 'maeva.garbay@hotmail.com', 1, '546d7470-ff50-4745-ae4d-cff7a5280413', 'garbay-maeva', '984d12e8-7582-438e-81c0-86f968c89a85'),
('e0f9f8e2-8acc-4cf8-835d-b30b3c0d269f', 'Marandat', 'Sophie', 0556818021, 0556818021, 'spa.sophie.esthetique@gmail.com', 1, '546d7470-ff50-4745-ae4d-cff7a5280413', 'marandat-sophie', 'bb3cfb9b-398e-449d-80a0-f74000086709'),
('e30d0af3-74e9-465e-9b44-6ae66cd98293', 'Bourg', 'Claire', 0562491922, 0609640032, 'c.bourg@balnea.fr', 1, '546d7470-ff50-4745-ae4d-cff7a5280413', 'bourg-claire', '99679ff0-49a2-43c1-b4ca-7f1ba4b1b923'),
('e4462adc-95a5-4458-8cf5-144c47bbedca', 'Thirion', 'Laëtitia', 0000000007, 0686011761, 'l.thirion39@outlook.fr', 1, '546d7470-ff50-4745-ae4d-cff7a5280413', 'thirion-laetitia', '9b991cc6-64fd-4353-be13-eec071e047d3'),
('e65bb933-6db1-4075-b66a-b7d3314f8a09', 'Chézeaux', 'Charlyne', 0549840100, 0682507936, 'charline.chezeaux@orange.fr', 1, '546d7470-ff50-4745-ae4d-cff7a5280413', 'chezeaux-charlyne', '949e3d47-86e2-4dbc-b6a5-40c08176fd2a'),
('e8ea8773-e137-44c3-8450-853403db6208', 'Izard', 'Nadia', 0676150275, 0676150275, 'izardnadia@yahoo.fr', 1, '546d7470-ff50-4745-ae4d-cff7a5280413', 'izard-nadia', '0cb3295b-de58-4247-8f78-3ec4996d0e53'),
('e99fe2c4-54fa-43f7-9199-fdfb63738258', 'Calleau', 'Justine', NULL, 0637923298, 'justine.calleau@orange.fr', 1, '546d7470-ff50-4745-ae4d-cff7a5280413', 'calleau-justine', 'c70a9f12-f227-472a-ab0f-051642d749b6'),
('ef01a147-ff67-4bc3-b99e-2795f11c0aa4', 'Descroix', 'July', 0556598524, 0650753135, 'secretsdejuly@gmail.com', 1, '546d7470-ff50-4745-ae4d-cff7a5280413', 'descroix-july', '031a0735-705a-48c9-ad36-0a56f30a514f'),
('ef1be144-3b01-4d39-80b7-1445e7d6b7ac', 'Arques', 'Claire', 0559828331, 0612980073, 'arquesclaire@yahoo.fr', 1, '546d7470-ff50-4745-ae4d-cff7a5280413', 'arques-claire', '5c2fcde0-3533-4a23-b34e-852959edfabb'),
('f09592bd-aa18-49d6-9e55-b7784053a5ec', 'Gentreau', 'jennifer', 0615497798, 0615497798, 'jenyna.75@hotmail.fr', 1, '546d7470-ff50-4745-ae4d-cff7a5280413', 'gentreau-jennifer', '61d94b34-264a-4971-a179-9d0004c2dd37'),
('f1014e11-fe9f-4789-96a8-c1c558e3a825', 'Esteben', 'Fabienne', 0559041104, 0687897140, 'escale.beaute@live.fr', 1, '546d7470-ff50-4745-ae4d-cff7a5280413', 'esteben-fabienne', '3998b404-4b67-4729-8eaa-048e67687c34'),
('f2ef9f23-764a-4e73-a7aa-ddf633a9050b', 'Claverie', 'Marie - Line', 0555270864, 0555270864, 'claverie.marie-line@orange.fr', 1, '546d7470-ff50-4745-ae4d-cff7a5280413', 'claverie-marie-line', '1026e741-e806-4a01-9c16-e1ce39b67751'),
('f30c600d-36d4-4b13-abc4-bc3f4cd0f765', 'Bordes', 'Stéphanie', 0565116230, 0666033973, 'aromazen.figeac@gmail.com', 1, '546d7470-ff50-4745-ae4d-cff7a5280413', 'bordes-stephanie', 'de63fa06-7b25-439e-98b2-0b936a516e6d'),
('f360430d-416c-4ccf-b09f-c1a5fe21907b', 'Couderc', 'Sandrine', 0565624560, 0682035931, 'contact@lafalque.fr', 1, '546d7470-ff50-4745-ae4d-cff7a5280413', 'couderc-sandrine', 'e0eb6cf0-2b3f-444d-a1c0-0d1d686df250'),
('f4acd44c-ac8a-417a-b916-9e7721e574c7', 'Pruney', 'Céline', 0556122026, 0658104364, 'pruneyceline@gmail.com', 1, '546d7470-ff50-4745-ae4d-cff7a5280413', 'pruney-celine', 'c76f71d9-6c54-488b-9262-6f1f724f11a7'),
('f88fbca9-bfb0-4d91-82d1-77d4ffab48a9', 'Prodhomme', 'Mélanie', 0241263890, 0645972567, 'melanie.esthetique49@gmx.fr', 1, '546d7470-ff50-4745-ae4d-cff7a5280413', 'prodhomme-melanie', '49543aba-422e-411a-9e36-3f7e57661240'),
('f8edc27b-d12e-4269-8113-1113ecd7c428', 'Briot', 'Ingrid', 0556451674, 0607414752, 'ingridesthet@gmail.com', 1, '546d7470-ff50-4745-ae4d-cff7a5280413', 'briot-ingrid', '9af12b78-45b3-495f-a24c-2ecf485442e9'),
('f960ceda-e81c-4ea6-bbfa-ef83d20ef0e5', 'Dupont', 'Sandie', NULL, 0620332867, 'sandieloo@hotmail.fr', 1, '546d7470-ff50-4745-ae4d-cff7a5280413', 'dupont-sandie', '711cee40-f409-4553-a77b-2ce1655ea8f1'),
('fa32c014-c024-4aba-a975-5e176f561e59', 'X', 'Emmanuelle', 0553138023, 0677173270, 'bulle_douceur@yahoo.fr', 1, '546d7470-ff50-4745-ae4d-cff7a5280413', 'x-emmanuelle', 'a233d294-2bb8-4b55-8d19-014fe7bd7b35'),
('fa521ca9-732c-4187-8337-a469a45511db', 'Bascoulergue', 'Nadège', 0241250885, 0684087556, 'nadege_bascoulergue@msn.com', 1, '546d7470-ff50-4745-ae4d-cff7a5280413', 'bascoulergue-nadege', '094565ce-33ac-4c05-b03e-a1d7969f67f4'),
('fbea0942-4c00-4132-99b4-46618a16c442', 'Szlachter', 'Sandra', 0559512678, 0658683780, 'sandra-biarritz@olika-institut.com', 1, '546d7470-ff50-4745-ae4d-cff7a5280413', 'szlachter-sandra', 'f6fdbba1-7e4e-429f-9701-81991fc728d3'),
('fc6ca973-24d4-4abb-8a18-60a12586cbd0', 'Renaudin', 'Laure', 0558563452, 0679322394, 'renaudin.laure@yahoo.fr', 1, '546d7470-ff50-4745-ae4d-cff7a5280413', 'renaudin-laure', 'e9cb2528-824d-442c-9752-f2677cd21a6b'),
('fc7cb7a2-df01-417c-8531-e8a798bff53f', 'Delhaye', 'Véronique', 0553248155, 0553248155, 'voluptedesoi@orange.fr', 1, '546d7470-ff50-4745-ae4d-cff7a5280413', 'delhaye-veronique', 'aad715e6-324f-4e63-a0d5-8e7447c7a7c6'),
('fd1db2e2-a866-471f-af1d-f0a9fa0d9004', 'Doumenc', 'Daisy', NULL, 0783435658, 'daisy@uneminutepoursoi.com', 1, '546d7470-ff50-4745-ae4d-cff7a5280413', 'doumenc-daisy', '53674b99-bd2f-4729-91a7-079c664070e5'),
('fda18ca7-4f97-4dd7-9c4c-68e195d0874f', 'Grossi', 'Amandine', 0494438033, 0626038016, 'amandine.grossi@hotmail.fr', 1, '546d7470-ff50-4745-ae4d-cff7a5280413', 'grossi-amandine', '6900dd28-c114-4be8-ba7f-ed10a1214bde'),
('fe6b7284-2b2f-4cec-888b-28892d5df7f9', 'Fourio', 'Claire - Elodie', NULL, 0664331793, 'claireelodie.bournet@gmail.com', 1, '546d7470-ff50-4745-ae4d-cff7a5280413', 'fourio-claire-elodie', '8725b48c-a5ac-44b4-aab3-debc3afd8686');

-- --------------------------------------------------------

--
-- Structure de la table `cms_gindre_contact_type`
--

CREATE TABLE `cms_gindre_contact_type` (
  `id` char(36) COLLATE utf8mb4_unicode_ci NOT NULL COMMENT '(DC2Type:uuid)',
  `type` varchar(100) COLLATE utf8mb4_unicode_ci NOT NULL
) ENGINE=InnoDB DEFAULT CHARSET=utf8mb4 COLLATE=utf8mb4_unicode_ci;

--
-- Contenu de la table `cms_gindre_contact_type`
--

INSERT INTO `cms_gindre_contact_type` (`id`, `type`) VALUES
('1c96ab73-c18a-4db6-afe8-62bf0dcb6e3d', 'Mail'),
('26d261d1-c96d-4b3e-9b27-1b8756b73e8a', 'Téléphone');

-- --------------------------------------------------------

--
-- Structure de la table `cms_gindre_departement`
--

CREATE TABLE `cms_gindre_departement` (
  `id` int(11) NOT NULL,
  `region_id` int(11) DEFAULT NULL,
  `zip` varchar(2) COLLATE utf8mb4_unicode_ci NOT NULL,
  `departement` varchar(100) COLLATE utf8mb4_unicode_ci NOT NULL
) ENGINE=InnoDB DEFAULT CHARSET=utf8mb4 COLLATE=utf8mb4_unicode_ci;

--
-- Contenu de la table `cms_gindre_departement`
--

INSERT INTO `cms_gindre_departement` (`id`, `region_id`, `zip`, `departement`) VALUES
(1, 11, '01', 'Ain'),
(2, 11, '03', 'Allier'),
(3, 11, '07', 'Ardèche'),
(4, 11, '15', 'Cantal'),
(5, 11, '26', 'Drôme'),
(6, 11, '38', 'Isère'),
(7, 11, '42', 'Loire'),
(8, 11, '43', 'Haute-Loire'),
(9, 11, '63', 'Puy de Dôme'),
(10, 11, '69', 'Rhône'),
(11, 11, '73', 'Savoie'),
(12, 11, '74', 'Haute-Savoie'),
(13, 10, '21', 'Côte d\'Or'),
(14, 10, '25', 'Doubs'),
(15, 10, '39', 'Jura'),
(16, 10, '58', 'Nièvre'),
(17, 10, '70', 'Haute-Saône'),
(18, 10, '71', 'Saône et Loire'),
(19, 10, '89', 'Yonne'),
(20, 10, '90', 'Territoire de Belfort'),
(21, 6, '22', 'Côtes d\'Armor'),
(22, 6, '29', 'Finistère'),
(23, 6, '35', 'Ille et Vilaine'),
(24, 6, '56', 'Morbihan'),
(25, 7, '18', 'Cher'),
(26, 7, '28', 'Eure et Loir'),
(27, 7, '36', 'Indre'),
(28, 7, '37', 'Indre et Loire'),
(29, 7, '41', 'Loir et Cher'),
(30, 7, '45', 'Loiret'),
(31, 9, '2A', 'Corse du sud'),
(32, 9, '2B', 'Haute-Corse'),
(33, 4, '08', 'Ardennes'),
(34, 4, '10', 'Aube'),
(35, 4, '51', 'Marne'),
(36, 4, '52', 'Haute-Marne'),
(37, 4, '54', 'Meurthe et Moselle'),
(38, 4, '55', 'Meuse'),
(39, 4, '57', 'Moselle'),
(40, 4, '67', 'Bas-Rhin'),
(41, 4, '68', 'Haut-Rhin'),
(42, 4, '88', 'Vosges'),
(43, 1, '02', 'Aisne'),
(44, 1, '59', 'Nord'),
(45, 1, '60', 'Oise'),
(46, 1, '62', 'Pas de Calais'),
(47, 1, '80', 'Somme'),
(48, 12, '75', 'Paris'),
(49, 12, '77', 'Seine et Marne'),
(50, 12, '78', 'Yvelines'),
(51, 12, '91', 'Essonne'),
(52, 12, '92', 'Hauts de Seine'),
(53, 12, '93', 'Seine Saint-Denis'),
(54, 12, '94', 'Val de Marne'),
(55, 12, '95', 'Val d\'Oise'),
(56, 2, '14', 'Calvados'),
(57, 2, '27', 'Eure'),
(58, 2, '50', 'Manche'),
(59, 2, '61', 'Orne'),
(60, 2, '76', 'Seine Maritime'),
(61, 8, '16', 'Charente'),
(62, 8, '17', 'Charente Maritime'),
(63, 8, '19', 'Corrèze'),
(64, 8, '23', 'Creuse'),
(65, 8, '24', 'Dordogne'),
(66, 8, '33', 'Gironde'),
(67, 8, '40', 'Landes'),
(68, 8, '47', 'Lot et Garonne'),
(69, 8, '64', 'Pyrénées Atlantiques'),
(70, 8, '79', 'Deux-Sèvres'),
(71, 8, '86', 'Vienne'),
(72, 8, '87', 'Haute-Vienne'),
(73, 13, '09', 'Ariège'),
(74, 13, '11', 'Aude'),
(75, 13, '12', 'Aveyron'),
(76, 13, '30', 'Gard'),
(77, 13, '31', 'Haute-Garonne'),
(78, 13, '32', 'Gers'),
(79, 13, '34', 'Hérault'),
(80, 13, '46', 'Lot'),
(81, 13, '48', 'Lozère'),
(82, 13, '65', 'Hautes-Pyrénées'),
(83, 13, '66', 'Pyrénées Orientales'),
(84, 13, '81', 'Tarn'),
(85, 13, '82', 'Tarn et Garonne'),
(86, 5, '44', 'Loire Atlantique'),
(87, 5, '49', 'Maine et Loire'),
(88, 5, '53', 'Mayenne'),
(89, 5, '72', 'Sarthe'),
(90, 5, '85', 'Vendée'),
(91, 3, '04', 'Alpes de Haute-Provence'),
(92, 3, '05', 'Hautes-Alpes'),
(93, 3, '06', 'Alpes Maritimes'),
(94, 3, '13', 'Bouches du Rhône'),
(95, 3, '83', 'Var'),
(96, 3, '84', 'Vaucluse');

-- --------------------------------------------------------

--
-- Structure de la table `cms_gindre_message`
--

CREATE TABLE `cms_gindre_message` (
  `id` char(36) COLLATE utf8mb4_unicode_ci NOT NULL COMMENT '(DC2Type:uuid)',
  `contact_type_id` char(36) COLLATE utf8mb4_unicode_ci DEFAULT NULL COMMENT '(DC2Type:uuid)',
  `message` longtext COLLATE utf8mb4_unicode_ci NOT NULL,
  `date_contact` date NOT NULL,
  `shop_id` char(36) COLLATE utf8mb4_unicode_ci DEFAULT NULL COMMENT '(DC2Type:uuid)'
) ENGINE=InnoDB DEFAULT CHARSET=utf8mb4 COLLATE=utf8mb4_unicode_ci;

--
-- Contenu de la table `cms_gindre_message`
--

INSERT INTO `cms_gindre_message` (`id`, `contact_type_id`, `message`, `date_contact`, `shop_id`) VALUES
('02026b24-29a2-4c32-9948-3083d85aae32', '1c96ab73-c18a-4db6-afe8-62bf0dcb6e3d', '<p>&agrave; d&eacute;couvert la marque chez Xavier.</p>', '2019-01-16', '5e647f63-ddc1-4c50-9469-3168d5d19eaa'),
('020e9f4c-d629-41ed-8f2c-7f4b76faae1d', '1c96ab73-c18a-4db6-afe8-62bf0dcb6e3d', '<p>LE 10/01/2019 laiss&eacute; sms &agrave; Mathilde pour faire le point sur les stocks.....en attente de retour</p>', '2019-01-10', '95d30308-3584-4e01-a3e2-f53e6f902be7'),
('02e4424d-2dee-4206-a7c6-708c928e7c6f', '1c96ab73-c18a-4db6-afe8-62bf0dcb6e3d', '<p>Fid&egrave;le cliente depuis eptembre 2017. Enceinte accouchement pr&eacute;vu Nov 2019 d\'une petite fille.</p>\r\n<p>rentre la gamme thalgo pour r&eacute;pondre &agrave; une demande client&egrave;le plus ag&eacute;e.....excellement pour d&eacute;velopper La Vie &agrave; vend&ocirc;me !!!</p>', '2019-09-27', '1035392f-6a21-461c-b073-38509318da77'),
('053fc082-c5d0-4afa-b960-831a10b6aecf', '1c96ab73-c18a-4db6-afe8-62bf0dcb6e3d', '<p>Le 10/01/2019: tel pour pride de rdv en Mars avec nouveaut&eacute;......cliente en cabine laiss&eacute; message et en attente de r&eacute;ponse</p>', '2019-01-10', '13f8a733-eba2-44ed-81f5-6589edbda03f'),
('05ceb04d-e537-482e-8c14-73828dd49357', '1c96ab73-c18a-4db6-afe8-62bf0dcb6e3d', '<p>Institut</p>\r\n<p>Corps &amp; visage</p>\r\n<p>Arr&ecirc;t d\'activit&eacute; pr&eacute;vu courant 2019</p>', '2014-08-29', 'd19f75ab-4b3c-475f-a265-26fa58d7de3f'),
('065a612a-106d-4c03-9b9e-49b117c45988', '1c96ab73-c18a-4db6-afe8-62bf0dcb6e3d', '<p>le 06/10 contact envoy&eacute; par Pierre par sms</p>', '2019-10-06', '04df622c-9e72-4b4a-9c92-4f800c18864f'),
('091e6aea-b1b6-4b34-a571-9703608d5ff6', '1c96ab73-c18a-4db6-afe8-62bf0dcb6e3d', '<p>Institut</p>\r\n<p>Corps</p>', '2014-09-09', '0f1ac18d-a323-40df-9963-7667bdfa3bad'),
('0da909a3-8513-4650-b0c2-a96aa6560c0c', '1c96ab73-c18a-4db6-afe8-62bf0dcb6e3d', '<p>Institut + domicile</p>\r\n<p>Visage et corps</p>', '2016-01-12', '5767e2c5-e5d1-4961-9b42-69fc9d3ec4d3'),
('0ed15f9a-5628-4686-a5dd-957823d1eea8', '1c96ab73-c18a-4db6-afe8-62bf0dcb6e3d', '<p>&agrave; visiter en Mars 2019 avec nouveaut&eacute;s</p>', '2019-02-05', '7005d9a7-f88f-43be-85f0-a54c5d07d0d3'),
('123588f1-e7eb-48f1-9feb-0652c01f2a7a', '1c96ab73-c18a-4db6-afe8-62bf0dcb6e3d', '<p>Le 16/05/19 Stoppe son activit&eacute; pour l\'instant&nbsp;</p>', '2019-05-16', '8e01fdd2-9925-4500-a89d-43da6a345275'),
('12aefc97-69fc-4408-b72c-d9da43baaea1', '1c96ab73-c18a-4db6-afe8-62bf0dcb6e3d', '<p>le 04/10/2019 mail docs et tarif envoy&eacute;</p>', '2019-10-04', '3ac108a5-f0e7-4759-ad06-d9624747d9e8'),
('160fefe6-93cf-4338-a768-89aed278db9f', '1c96ab73-c18a-4db6-afe8-62bf0dcb6e3d', '<p>rdv le mardi 26 mars 2019 &agrave; 14H00</p>', '2019-02-18', '7c97d8cc-cfcb-43fe-9d85-3b65753037c3'),
('165c525b-83a9-4bdc-a439-607c6ff085db', '1c96ab73-c18a-4db6-afe8-62bf0dcb6e3d', '<p>3 intervenants</p>\r\n<p>XABI &agrave; Hissegir (corps) 0686484314</p>\r\n<p>St&eacute;phanie &agrave; L&eacute;on (corps et visage) 0677387007 stephanie.faubet@laposte.net</p>\r\n<p>Emmanuelle &agrave; Soustons (corps et visage) 0670755023 emmanuelleraj@hotmail.fr</p>', '2019-06-21', '527dd917-b7f3-4546-bd26-68cd37af9dc1'),
('1aa7a284-ba51-48f3-bd71-b00df21af0e7', '1c96ab73-c18a-4db6-afe8-62bf0dcb6e3d', '<p>le 16 avril 2019 les offerts du message pr&eacute;c&eacute;dent ont &eacute;t&eacute; not&eacute;s sur la commande du jour !!!</p>', '2019-04-16', '67d00ce2-0cf7-40be-bcb5-c8ffdbe8492e'),
('1bb0830f-b865-4365-bb0d-3f08c3763379', '1c96ab73-c18a-4db6-afe8-62bf0dcb6e3d', '<p>prochain rdv le 11 mars &agrave; 16h</p>', '2019-02-01', 'b3e034b5-e502-415b-ba02-56119b1c2aa9'),
('1cbbb8db-f9a2-412e-a014-62aeb9fcc8b8', '1c96ab73-c18a-4db6-afe8-62bf0dcb6e3d', '<p>Le 15 mai 2019 la cliente met son activit&eacute; en stand by</p>', '2019-05-16', '25eefef9-aa05-4f73-9c9a-331f9ac2050b'),
('1e0cdec4-947c-4110-9760-95919b6c4df0', '1c96ab73-c18a-4db6-afe8-62bf0dcb6e3d', '<p>le 29/01/2019 envoy&eacute; mail docs + tarif suite demande infom&eacute;diaire</p>', '2019-01-29', 'b3574f98-e453-485b-95a2-82cab9b4b172'),
('1f02b89f-930c-485a-9223-87321727d249', '1c96ab73-c18a-4db6-afe8-62bf0dcb6e3d', '<p>le 30/08/2019 envoy&eacute; mail suite demande entrante pour projet de spa en fin d\'&eacute;tude et d\'examen brevet de ma&icirc;trise</p>', '2019-08-30', 'ab90297d-c6f6-43aa-88f0-081f3e44770b'),
('2028a525-25f0-4bef-861e-b04f1e3656fe', '1c96ab73-c18a-4db6-afe8-62bf0dcb6e3d', '<p>rdv le 07/02/2019</p>', '2019-01-30', 'c84a07bb-184c-4655-9c74-9691edd28fa6'),
('209feb22-bd05-43bd-b0b2-933bfbc63d97', '1c96ab73-c18a-4db6-afe8-62bf0dcb6e3d', '<p>Top pr&eacute;sentation, jeune lannemezanaise &agrave; suivre !</p>', '2018-10-29', '1b021c7c-c720-4a75-8c43-7e7b65d1eaa5'),
('216b5884-ae3d-44dd-9cd9-53092f6cf468', '1c96ab73-c18a-4db6-afe8-62bf0dcb6e3d', '<p>Pr&eacute;sentoir cass&eacute; dans livraison</p>', '2019-05-08', '65d9649a-8e6d-4189-8c75-95e2cb6efc6e'),
('21e171e4-7377-4182-abfc-3a5e23ac14bd', '1c96ab73-c18a-4db6-afe8-62bf0dcb6e3d', '<p>le 01/04/2019 accord de d&eacute;bo pour chnager les attirance magn&eacute;tique et les contours des yeux !!!</p>', '2019-04-01', '09f62d80-d97d-44f9-bd71-46245e371c82'),
('223305d8-d49d-438a-90b3-c15f64dfe512', '1c96ab73-c18a-4db6-afe8-62bf0dcb6e3d', '<p>Arr&ecirc;t pour maladie grave !!!</p>', '2019-05-16', 'c76f71d9-6c54-488b-9262-6f1f724f11a7'),
('2233ee7f-82fb-4d94-90a5-e436dd205e84', '1c96ab73-c18a-4db6-afe8-62bf0dcb6e3d', '<p>prochain rdv le 2 juillet</p>', '2019-05-16', 'e0eb6cf0-2b3f-444d-a1c0-0d1d686df250'),
('29051b73-2739-4d9c-961d-fa05dbe8bf61', '1c96ab73-c18a-4db6-afe8-62bf0dcb6e3d', '<p>Institut</p>\r\n<p>Corps &amp; visage</p>\r\n<p>Int&eacute;gre Laure SOUYRIS courant 2019</p>', '2014-09-10', '8788d95f-cacb-43d4-a03c-d12244a28091'),
('2c1fb487-135e-4917-93a3-82ca87ecbb1b', '1c96ab73-c18a-4db6-afe8-62bf0dcb6e3d', '<p>tel cliente + mail docs envoy&eacute; le 19/07/19</p>', '2019-07-19', 'd07986e4-9428-4879-b56c-33a91fe3cd92'),
('2fb3690b-00ca-4a10-8e8b-1b498c0a7326', '1c96ab73-c18a-4db6-afe8-62bf0dcb6e3d', '<p>prochain rdv le 25 mai 2019</p>', '2019-03-18', '8ba90b31-97c2-4f3e-a1e3-02183e7fa83b'),
('31b047a4-2b8e-4dad-88f3-7e797cb7aaa5', '1c96ab73-c18a-4db6-afe8-62bf0dcb6e3d', '<p>Prochain rdv le 4 juillet &agrave; 13h30</p>', '2019-05-22', 'b3e034b5-e502-415b-ba02-56119b1c2aa9'),
('31e2515e-df65-44d9-a251-1365c0a820b6', '1c96ab73-c18a-4db6-afe8-62bf0dcb6e3d', '<p>le 11/02/19 envoy&eacute; mail docs + tel pour prise de rdv</p>', '2019-02-11', 'c3c897d1-e0bc-4baf-8c98-e1c794db8106'),
('345f22fd-84d2-4c30-a817-00275e639352', '1c96ab73-c18a-4db6-afe8-62bf0dcb6e3d', '<p>Pr&eacute;voir tourn&eacute;e en mars pour nouveaut&eacute;s</p>', '2019-01-30', 'a47fec31-0b0d-4772-9590-298ffaffee33'),
('34e40f73-7a0b-4b39-86ae-023a62b36a07', '1c96ab73-c18a-4db6-afe8-62bf0dcb6e3d', '<p>Institut</p>\r\n<p>Corps et quelques produits visage</p>\r\n<p>Int&eacute;ress&eacute;e par parfum</p>', '2016-03-15', 'dcb5b689-28ba-410f-a0fc-a7517d1f8100'),
('36440a8c-4222-4392-aab5-d7799cab00e7', '1c96ab73-c18a-4db6-afe8-62bf0dcb6e3d', '<p>01/02/2019 laiss&eacute; message pour rdv le 11 mars 16h</p>', '2019-02-01', '10d8e885-d9c5-4c9d-aa22-6b30727d970f'),
('370f68ca-89d7-4744-880e-b71cb2424fbd', '1c96ab73-c18a-4db6-afe8-62bf0dcb6e3d', '<p>le 15/0202019 la cliente est en plein travaux et au fond du trou.....elle rappelera en septembre pas avant !!!</p>', '2019-02-15', 'bbfffef9-982b-4c5d-b72c-cfad21e78a6a'),
('3793c555-ce4d-4ad6-a148-8c30b66fa472', '1c96ab73-c18a-4db6-afe8-62bf0dcb6e3d', '<p>Institut</p>\r\n<p>Corps et quelques produits visage</p>', '2014-09-12', '0cb3295b-de58-4247-8f78-3ec4996d0e53'),
('3915a8e8-c086-420f-afef-f5ffd34438c5', '1c96ab73-c18a-4db6-afe8-62bf0dcb6e3d', '<p>passera &agrave; la gamme visage en sept 2019</p>', '2019-05-02', '7990fc46-6374-4c8b-86ba-e355832f1cbd'),
('3cce8616-9ed4-4fd3-a8ec-41de27c101dc', '1c96ab73-c18a-4db6-afe8-62bf0dcb6e3d', '<p>pr&eacute;voir rdv d&eacute;but mars pour nouveaut&eacute;s</p>', '2019-01-29', 'f8cb1f36-fb4d-498a-98c9-cb67f85e55d5'),
('3ef073a4-dc2c-48dd-8d5c-689213e9837b', '1c96ab73-c18a-4db6-afe8-62bf0dcb6e3d', '<p>le 24/01/2019 envoy&eacute; mail docs + tarif + demande de rdv suite prise d\'infos sur site myspa</p>', '2019-01-24', 'a5cbeb2e-4da3-4b97-98dc-b5c0748266b0'),
('439e2c63-1ccf-4d79-ae8e-4fc4438a2737', '1c96ab73-c18a-4db6-afe8-62bf0dcb6e3d', '<p>Le 02/08/19 mail Elodie qui ne pourra pas me recevoir en septembre mais passera commande en ao&ucirc;t.&nbsp;</p>', '2019-08-02', '5e647f63-ddc1-4c50-9469-3168d5d19eaa'),
('43e3d56d-218e-4a82-a479-cefe3131355d', '1c96ab73-c18a-4db6-afe8-62bf0dcb6e3d', '<p>Le 10/01/2019 Souhaite faire formation avec son emply&eacute;e Julie d&egrave;s que possible au printemps</p>\r\n<p>Manque juste rituel Japon sur sa carte&nbsp;&nbsp;</p>', '2019-01-11', 'd182ad79-9def-46b2-8b6a-73ff57c93ea5'),
('46043dde-6a7f-4490-91c2-0f61e4715336', '1c96ab73-c18a-4db6-afe8-62bf0dcb6e3d', '<p>le 15.06.19 mail docs + tarif</p>\r\n<p>Projet de spa proche de Royans &agrave; visiter en septembre 2019</p>', '2019-06-15', '8af84640-d076-4816-be00-ff723e4e3724'),
('4875a24d-cbbc-4396-be98-b190289d403a', '1c96ab73-c18a-4db6-afe8-62bf0dcb6e3d', '<p>en formation corps le 4 juin 2019, reprendre contact pour commande nouveaut&eacute;s</p>', '2019-03-16', 'd4e675e8-6a12-4617-8be8-33e489832288'),
('4a07e122-85d7-4bb1-9e6c-27c4cde4faa9', '1c96ab73-c18a-4db6-afe8-62bf0dcb6e3d', '<p>le 24/01/2019 envoy&eacute; mail docs + tarif + demande de rdv suite prise de contact sur site Myspa</p>\r\n<p>V&eacute;rifier si c\'est pas d&eacute;j&agrave; une cliente qui a refus&eacute; sa livraison au dernier moment en d&eacute;cembre 2017</p>', '2019-01-24', '67598904-69ef-4585-ace0-87eda90d2eec'),
('4b0b5ed0-9277-45f8-8adb-c5b7470bc681', '1c96ab73-c18a-4db6-afe8-62bf0dcb6e3d', '<p>Souhaite vendre et partir dans le sud est</p>', '2018-11-09', '2d2fb5dd-20d2-4bf2-8c41-888dbff3f8bd'),
('4c7e2e94-5625-4a92-9506-2da8fce66256', '1c96ab73-c18a-4db6-afe8-62bf0dcb6e3d', '<p>le 24/08/19 mail r&eacute;ponse suite demande entrante</p>', '2019-08-25', '58c5df59-bfb2-4a66-a434-1f8b77442a2a'),
('52c40ebd-8f9d-4c54-ab38-913998e62417', '1c96ab73-c18a-4db6-afe8-62bf0dcb6e3d', '<p>Enceinte doit accoucher en d&eacute;cembre 2019. Embauche une autre collaboratrice et souhaite aller en formation corps au printemps 2020</p>', '2019-09-25', 'ed2dd713-373c-441c-a75a-ae81ff608e46'),
('5747fcb1-cb33-4b28-99b3-81f4cd9f2c1b', '1c96ab73-c18a-4db6-afe8-62bf0dcb6e3d', '<p>Instrirtut Corps et Visage</p>\r\n<p>Tr&egrave;s exigeante mais hyper pro&nbsp;</p>', '2019-01-01', '09f62d80-d97d-44f9-bd71-46245e371c82'),
('57e1b4b0-7468-434d-aeb0-52e3c89ba6ec', '1c96ab73-c18a-4db6-afe8-62bf0dcb6e3d', '<p>le 14/02/2019 mail docs + demande de rdv</p>', '2019-02-14', '571b93d6-e317-4b69-bee7-75d4061da2d3'),
('588b23e2-9ec7-4fb0-b069-118cbe297979', '1c96ab73-c18a-4db6-afe8-62bf0dcb6e3d', '<p>A visiter d&egrave;s que possible</p>\r\n<p>passage sur Salon 2017 fais demande de rdv par mail&nbsp;</p>', '2018-10-29', '4e80731f-c2e7-42a5-8c43-c2653a05aac7'),
('58f3cef2-ad33-4fe8-98c8-0f388e548ac4', '1c96ab73-c18a-4db6-afe8-62bf0dcb6e3d', '<p>Le 13 mars 2019 envisage de passer &agrave; Myspa Visage</p>', '2019-03-13', 'eed10dd2-3b07-4b48-8c9b-75bd052a94e7'),
('5b9d739c-076a-4ae2-a66b-959887c1adbb', '1c96ab73-c18a-4db6-afe8-62bf0dcb6e3d', '<p>le 11/02/19 sms pour demande de rdv</p>', '2019-02-11', 'd5ffe00f-0225-494e-92ea-fb3bf4179c61'),
('5bc98032-3bca-41fc-9542-e44cdec0cb91', '1c96ab73-c18a-4db6-afe8-62bf0dcb6e3d', '<p>Visit&eacute; le 16 mars 2016, refus&hellip;&hellip;.!!!&nbsp; &nbsp;Nouveau refus en 2017 suite demande salon !!!</p>', '2018-10-29', 'e050a1a4-9720-4cb0-8191-efcfde2255dd'),
('5e0279e2-f78c-4981-96e4-2c0ef490a1c1', '1c96ab73-c18a-4db6-afe8-62bf0dcb6e3d', '<p>le 24/01/2019 envoy&eacute; mail avec docs + tarif + demande de rdv suite prise de contact sur site myspa</p>', '2019-01-24', 'c84a07bb-184c-4655-9c74-9691edd28fa6'),
('5f540930-c6f3-45d1-878c-fe259abdc78b', '1c96ab73-c18a-4db6-afe8-62bf0dcb6e3d', '<p>Prochain rdv le 24 mai 2019 &agrave; 13h</p>', '2019-03-13', '28d3077c-9713-44bd-b2db-f72d26fa86fd'),
('65fc645c-8620-4c14-8c01-9bea1b402c03', '1c96ab73-c18a-4db6-afe8-62bf0dcb6e3d', '<p>Pr&eacute;voir prochain rdv en septembre 2019</p>', '2019-03-11', '9af12b78-45b3-495f-a24c-2ecf485442e9'),
('66d2576d-cf83-4822-bdc5-92113e140082', '1c96ab73-c18a-4db6-afe8-62bf0dcb6e3d', '<p>Le 10/01/2019 laiss&eacute; message pour prendre rdv Mars avec les nouveaut&eacute;s.&nbsp;</p>\r\n<p>Pas de commande depuis fin 2017</p>', '2019-01-10', '941e220f-7b2b-4d5c-93e9-9d372cbac85f'),
('6a17ef1b-30be-4504-922f-4dd9d643a6c9', '1c96ab73-c18a-4db6-afe8-62bf0dcb6e3d', '<p>Pr&eacute;voir un rdv avec madame Cousseau directement apr&egrave;s le 27/03/2019</p>', '2019-03-19', '527dd917-b7f3-4546-bd26-68cd37af9dc1'),
('6c608bd1-ec54-4316-a440-c9bd325972da', '1c96ab73-c18a-4db6-afe8-62bf0dcb6e3d', '<p>le 31/08/19 envoy&eacute; mail doc suite demande entrante + proposition de rdv</p>', '2019-08-31', '6a143d87-e6a7-4d4f-b235-742e078af846'),
('6d993387-8a99-4c2f-b147-fed4c08b371a', '1c96ab73-c18a-4db6-afe8-62bf0dcb6e3d', '<p>Prochain rdv le 25 Mai......int&eacute;r&ecirc;t pour les miels de massage !!!</p>', '2019-03-19', '13f8a733-eba2-44ed-81f5-6589edbda03f'),
('6e39fc1e-961d-4ae9-a32f-3e0d17575642', '1c96ab73-c18a-4db6-afe8-62bf0dcb6e3d', '<p>Cliente historique, qui nous a l&acirc;ch&eacute; apr&egrave;s avoir pris la gamme visage en 2017. Elle a essay&eacute; d\'autres marques pour le corps mais revient vers nous d&eacute;osrmais !!</p>', '2019-07-26', '44e6eade-db62-4955-a28a-29c1e234e257'),
('6e3cbfd8-db36-463f-80d0-c5c12c4dbf61', '1c96ab73-c18a-4db6-afe8-62bf0dcb6e3d', '<p>Le 20/03/2019 j\'ai relanc&eacute; pour la formation sur site comme convenu avec Alexis lors du deal EEB</p>', '2019-03-21', '95d30308-3584-4e01-a3e2-f53e6f902be7'),
('6e6bd2ee-e237-4cde-b07b-ff8ec02c4c99', '1c96ab73-c18a-4db6-afe8-62bf0dcb6e3d', '<p>le 29/01/2019 envoy&eacute; mail docs + tarif + demande de rdv suite demande infom&eacute;diaire&nbsp;</p>', '2019-01-29', '84ac9a5b-eba2-42a8-8097-cbb363cce5e3'),
('6fbdbd4b-1191-4ce1-a634-c5e6527f4845', '1c96ab73-c18a-4db6-afe8-62bf0dcb6e3d', '<p>rdv le mercredi 6 f&eacute;vrier de 9h &agrave; 10h30 pour pr&eacute;sentation gamme corps&nbsp;</p>', '2019-02-05', 'cdf350e5-041f-441b-abfb-568af4a5c566'),
('75247bb8-6b77-4955-a87d-ceb0eb2fc728', '1c96ab73-c18a-4db6-afe8-62bf0dcb6e3d', '<p>le 15 mai 2019 on &eacute;change le bar huile d&eacute;fectueux</p>', '2019-05-16', '3a1364f5-da18-4583-92ba-a45e1bc548a2'),
('75a7b111-1a83-4357-ab7d-4bd74dc2af4d', '1c96ab73-c18a-4db6-afe8-62bf0dcb6e3d', '<p>Noter en offert 1 exfo FV +1 huile Tiar&eacute; + 1 BK tiar&eacute; en offert sur prochaine commande</p>', '2019-02-02', '67d00ce2-0cf7-40be-bcb5-c8ffdbe8492e'),
('7a8340c6-fc27-4d73-a1a5-2ab45aee2018', '1c96ab73-c18a-4db6-afe8-62bf0dcb6e3d', '<p>Amie de Cyril</p>', '2019-02-15', 'cc6f9cb3-86c6-4c9b-9042-9f4d348b09be'),
('7c08c71c-f378-46bb-b023-c3632cc0f8a9', '1c96ab73-c18a-4db6-afe8-62bf0dcb6e3d', '<p>le 24/08/19 mail docs et tarif suite demande entrante</p>', '2019-08-25', '6308948d-6f68-4566-be84-2988ed8da95d'),
('7e2fdb27-1da9-4122-b31f-2a90274ccfea', '1c96ab73-c18a-4db6-afe8-62bf0dcb6e3d', '<p>Cliente qui a rachet&eacute; &agrave; sa patronne qui g&egrave;re un spa &agrave; quelques kms. je lui donne l\'exclu pour l\'instant.</p>', '2019-01-16', '89d15773-e72c-4f35-b688-697b49e77841'),
('80b25d8c-1bdf-44e9-807c-84e6e48983bd', '1c96ab73-c18a-4db6-afe8-62bf0dcb6e3d', '<p>Joli spa , Elodie dynamique, la soeur co g&eacute;rante a quitt&eacute; l\'entreprise.&nbsp;</p>\r\n<p>Le 09.01.19 Offert 1 c&eacute;leste pour &eacute;largir gamme visage&nbsp;</p>', '2019-01-09', 'b4ea967f-90ee-457b-8ce0-984c84f92587'),
('80f72a51-3576-4c4c-9b89-3d33f677d2f2', '1c96ab73-c18a-4db6-afe8-62bf0dcb6e3d', '<p>TEL&nbsp; &agrave; nouveau le 30.01.19</p>', '2019-01-30', '67598904-69ef-4585-ace0-87eda90d2eec'),
('855a9943-4b8e-4f87-a763-5b665a85ba79', '1c96ab73-c18a-4db6-afe8-62bf0dcb6e3d', '<p>le 30/07/19 j\'ai propos&eacute; un rdv pour le 7 sept mais refus de la cliente pour cong&eacute;s !!&nbsp;</p>', '2019-07-30', 'eed10dd2-3b07-4b48-8c9b-75bd052a94e7'),
('870432da-5dc7-4dd0-8757-e3e4ce65bf74', '1c96ab73-c18a-4db6-afe8-62bf0dcb6e3d', '<p>le 23/07/19 Patricia la cliente a chang&eacute; de lieu en ouvrant un joli spa institut juste &agrave; 2 rues.</p>\r\n<p>Manon pour le corp + Sophie sa fille patronne Visage + une &eacute;tudiante en alternace + Lisa qui doit partir&nbsp;</p>', '2019-07-24', 'f775a676-9718-4be0-b366-848d5599188a'),
('884baf63-b6f8-4c07-a48c-c3208ad19b79', '1c96ab73-c18a-4db6-afe8-62bf0dcb6e3d', '<p>Prochain rdv le 13 mars &agrave; 9H30</p>', '2019-02-01', '28d3077c-9713-44bd-b2db-f72d26fa86fd'),
('8e638abc-35e2-47e7-91ff-5e45296c697b', '1c96ab73-c18a-4db6-afe8-62bf0dcb6e3d', '<p>Le 22 mai 2019.....la cliente doit appeler en juin pour reassort &eacute;t&eacute;&nbsp;</p>', '2019-05-22', '13f8a733-eba2-44ed-81f5-6589edbda03f'),
('901810ef-6989-403c-85ef-cf62a24c0303', '1c96ab73-c18a-4db6-afe8-62bf0dcb6e3d', '<p>Institut</p>\r\n<p>Corps</p>', '2016-04-11', 'c679be26-0eb8-47dd-a152-7d8942fbcb0f'),
('90e526f3-bc02-4cd6-82ec-c70048810ea6', '1c96ab73-c18a-4db6-afe8-62bf0dcb6e3d', '<p>Institut</p>\r\n<p>Visage &amp; corps</p>\r\n<p>Branch&eacute;e bio et fran&ccedil;ais.</p>', '2016-01-15', '53674b99-bd2f-4729-91a7-079c664070e5'),
('93e6edfe-473d-4ab6-b70f-af348f2b9e1b', '1c96ab73-c18a-4db6-afe8-62bf0dcb6e3d', '<p>pr&eacute;vision de rdv le lundi 11 mars 16h &agrave; 17h&nbsp;</p>', '2019-02-01', 'bbfffef9-982b-4c5d-b72c-cfad21e78a6a'),
('940d57db-8237-4364-bb4b-d266947ffc86', '1c96ab73-c18a-4db6-afe8-62bf0dcb6e3d', '<p>A mis en vente......mars 2019 !!!</p>', '2019-03-17', 'a0b92d05-fc43-4d69-8288-ef2295f1c749'),
('941d0b1d-4fd1-4aab-994c-ce8a02ce37d7', '1c96ab73-c18a-4db6-afe8-62bf0dcb6e3d', '<p>trouver une date de formation au plus vite !!!</p>', '2019-04-03', '6be8e5c3-b70c-424c-8960-2e030af722f0'),
('95747412-8c3d-464a-b763-e4015e5973f8', '1c96ab73-c18a-4db6-afe8-62bf0dcb6e3d', '<p>le 04/02/2019 envoy&eacute; docs et tarif par mail + contact tel</p>', '2019-02-04', 'd5ffe00f-0225-494e-92ea-fb3bf4179c61'),
('96d1ca60-14c5-42c1-a413-6a10f5ede8b1', '1c96ab73-c18a-4db6-afe8-62bf0dcb6e3d', '<p>prochain rdv le 24Mai &agrave; 17H</p>', '2019-02-01', 'fe0ff5ab-8a0f-4474-98e8-ad448dc35fe6'),
('9724e04b-6cc5-4fb7-b4b6-d57bc2ad93ad', '1c96ab73-c18a-4db6-afe8-62bf0dcb6e3d', '<p>&nbsp;rdv le 13 mars &agrave; 14h15 pr&eacute;sentation nouveaut&eacute;s</p>', '2019-02-01', 'fec47f25-9c7c-4038-ab1b-58a5d7a2397f'),
('9a55baa6-95b3-4f8b-a1af-83c9e0e3bac0', '1c96ab73-c18a-4db6-afe8-62bf0dcb6e3d', '<p>aucune commande en 2018 ?? grossesse !!</p>', '2019-01-24', '6900dd28-c114-4be8-ba7f-ed10a1214bde'),
('9b8c6884-711c-4414-8a09-5ad8a1a2f4ff', '1c96ab73-c18a-4db6-afe8-62bf0dcb6e3d', '<p>prendra la gamme visage en juin 2019 et paiement en 4 fois.</p>', '2019-04-10', '1026e741-e806-4a01-9c16-e1ce39b67751'),
('9d03538c-39e2-447e-8cf4-622b97c1cb95', '1c96ab73-c18a-4db6-afe8-62bf0dcb6e3d', '<p>le 18/08/19 mail pour proposition de rdv d&eacute;couverte pour le 28/09/2019 en attente de confirmation</p>', '2019-08-18', 'a80a75b2-9895-4e19-a618-4de6b97cd63d'),
('9d0f32ad-a0ae-4d4c-8e94-d94ddd034e07', '1c96ab73-c18a-4db6-afe8-62bf0dcb6e3d', '<p>le 13 mars 2019 mail docs + proposition de rdv le 4 avril &agrave; 12h</p>', '2019-03-13', 'bb3cfb9b-398e-449d-80a0-f74000086709'),
('9f4761b9-0a35-40a6-bac3-7ab65b6abbb4', '1c96ab73-c18a-4db6-afe8-62bf0dcb6e3d', '<p>le 15/09/2019 envoy&eacute; mail docs + confirmation de RDV pour le dimanche 29/09/2019</p>', '2019-09-15', '8d2be2f8-81db-4b4e-8b2a-42ccbb95fa83'),
('a0bccb8f-fda7-49a6-9c84-4ce914dfcb11', '1c96ab73-c18a-4db6-afe8-62bf0dcb6e3d', '<p>sms pour visite le 07 mai 2019</p>', '2019-05-07', '2f67ec33-ccde-445a-89a2-0444a855316b'),
('a458e1ae-258a-40ec-a37b-865f7ed88784', '1c96ab73-c18a-4db6-afe8-62bf0dcb6e3d', '<p>01/02/2019 prochain rdv le mardi 12 mars &agrave; 9h</p>', '2019-02-01', 'cc6f9cb3-86c6-4c9b-9042-9f4d348b09be'),
('a6bc39a8-9499-4f09-912b-2a3bea2870a8', '1c96ab73-c18a-4db6-afe8-62bf0dcb6e3d', '<p>Institut</p>\r\n<p>Corps</p>\r\n<p>Contact de Laure SOUYRIS</p>', '2014-12-10', '2f67ec33-ccde-445a-89a2-0444a855316b'),
('a881c0fd-674f-458c-9b20-af75713d58c2', '1c96ab73-c18a-4db6-afe8-62bf0dcb6e3d', '<p>le 22/07/2019 la cliente a prit le miel de massage visage au gingembre.</p>', '2019-07-22', '98944b97-5576-47d8-b579-a07694782ae5'),
('a8f89f3f-4cbf-416f-845c-d3ff17e58b39', '1c96ab73-c18a-4db6-afe8-62bf0dcb6e3d', '<p>Institut</p>\r\n<p>Corps</p>\r\n<p>Visage pr&eacute;vu courant 2019</p>', '2019-01-01', '2d2fb5dd-20d2-4bf2-8c41-888dbff3f8bd'),
('a9a0341a-d61b-4315-830f-316605e835d9', '1c96ab73-c18a-4db6-afe8-62bf0dcb6e3d', '<p>&agrave; nouveau contacter par la cliente le 29/05/2019</p>', '2019-05-29', '4b8ac49b-c9ac-45c4-bb04-c9e3870bff7c'),
('aa34c9bb-c83b-4a40-ac9f-3b8042a0fde9', '1c96ab73-c18a-4db6-afe8-62bf0dcb6e3d', '<p>prochain rdv le 20 mars</p>', '2019-02-02', 'ada52aeb-b321-4883-a35d-128cd1f47243'),
('aa872ce4-ea9f-407d-a47c-0c13126079fe', '1c96ab73-c18a-4db6-afe8-62bf0dcb6e3d', '<p>projet d\'ouverture&nbsp;</p>', '2019-04-10', '3d126d87-cf83-49d7-9c54-8cbaea8e62b7'),
('ab150317-ab85-4273-8a8a-aacdb3a972ab', '1c96ab73-c18a-4db6-afe8-62bf0dcb6e3d', '<p>Institut</p>\r\n<p>Corps</p>', '2017-12-29', 'e885c7ef-12d9-4142-9cef-7a79fcdd9dc3'),
('abfc0a68-1288-4028-abaf-544bad0ad737', '1c96ab73-c18a-4db6-afe8-62bf0dcb6e3d', '<p>valid&eacute; le 27/01/2019 avec exclusivit&eacute; locale</p>', '2019-01-27', 'b2ac1d0d-7ec7-4536-a98c-aa0c08f632b1'),
('ac2f46f0-5d66-41a7-a89f-3838f64d4321', '1c96ab73-c18a-4db6-afe8-62bf0dcb6e3d', '<p>Institut</p>\r\n<p>Corps et visage</p>\r\n<p>top cliente dans joli institut proche C.C.</p>', '2017-03-01', 'fec47f25-9c7c-4038-ab1b-58a5d7a2397f'),
('ae3613d0-5fab-47bd-937d-03ec8661da8c', '1c96ab73-c18a-4db6-afe8-62bf0dcb6e3d', '<p>Cliente ayant annul&eacute; sa commande au dernier moment pour des raisons de tr&eacute;sorerie.</p>\r\n<p>A recontacter au passage !!</p>', '2019-05-07', 'a233d294-2bb8-4b55-8d19-014fe7bd7b35'),
('aeb4ec3d-bb08-401f-9d0b-721312931dbf', '1c96ab73-c18a-4db6-afe8-62bf0dcb6e3d', '<p>le 10.03.19 la cliente a valid&eacute; sa commande et on doit envoyer sa facture par mail pour d&eacute;bloquage des fonds bancaires</p>', '2019-03-09', 'c84a07bb-184c-4655-9c74-9691edd28fa6'),
('af86bf81-2f15-421b-8d10-bb1bc3e2cc32', '1c96ab73-c18a-4db6-afe8-62bf0dcb6e3d', '<p>le 10/01/2019 recontact&eacute; &agrave; plusieurs reprises en 2018 sans r&eacute;ponse tel ou mail&nbsp;</p>', '2019-01-10', 'f67376d0-94da-453e-959c-7a5982313beb'),
('b089764d-695c-4bfa-8ecf-260518d44494', '1c96ab73-c18a-4db6-afe8-62bf0dcb6e3d', '<p>Le 06/09/2019 rdv zapp&eacute; par la cliente. Tr&egrave;s r&eacute;cemment ouverte Sothys et uniquement Myspa cabine..... ne pas revenir pour rien car pas de ventes !!!</p>', '2019-09-07', 'c84a07bb-184c-4655-9c74-9691edd28fa6'),
('b4746456-06a0-4886-8759-12ade4976380', '1c96ab73-c18a-4db6-afe8-62bf0dcb6e3d', '<p>le 26/08/19 envoy&eacute; devis ouverture corps.</p>', '2019-08-26', '6308948d-6f68-4566-be84-2988ed8da95d'),
('b4f92b7e-dbf7-4cc0-895f-5bd78fba3668', '1c96ab73-c18a-4db6-afe8-62bf0dcb6e3d', '<p>la cliente part en formation corps et visage en avril en 2019, la contacter en Mai ou Juin</p>', '2019-03-16', '47a478f9-1a62-4715-bdb7-c3df5f35cabe'),
('b50f385c-9d77-471d-8f88-98e2973cc44f', '1c96ab73-c18a-4db6-afe8-62bf0dcb6e3d', '<p>Hotel spa</p>\r\n<p>relancer offre visage en janvier 2019</p>', '2014-09-10', 'e0eb6cf0-2b3f-444d-a1c0-0d1d686df250'),
('b7750dce-789b-44da-a2bd-1e920490bd63', '1c96ab73-c18a-4db6-afe8-62bf0dcb6e3d', '<p>mail pour rdv le 24 janvier 2019</p>', '2019-01-24', '6900dd28-c114-4be8-ba7f-ed10a1214bde'),
('b860c187-b654-478a-8ab1-101852c4472e', '1c96ab73-c18a-4db6-afe8-62bf0dcb6e3d', '<p>prochain rdv le 21 mai 2019</p>', '2019-03-11', 'b3e034b5-e502-415b-ba02-56119b1c2aa9'),
('c10abcd9-757d-4317-8804-523e7a08e267', '1c96ab73-c18a-4db6-afe8-62bf0dcb6e3d', '<p>le 19/02/2019 souhaite faire une formation sur site fin d\'ann&eacute;e,on lui propose en septembre.....si on peut trouver d\'autres stagiaires sur le d&eacute;partement !!</p>', '2019-02-19', '2b8a5f6e-1d2d-42cc-9824-354c535eca09'),
('c2a73478-cdeb-463b-9a18-10eb20938e77', '1c96ab73-c18a-4db6-afe8-62bf0dcb6e3d', '<p>le 18/07/2019 envoy&eacute; SEPA par mail pour changement d emode de mode de paiement......j\'attends tjs le retour doc</p>', '2019-07-22', '6be8e5c3-b70c-424c-8960-2e030af722f0'),
('c94f53ac-6c00-4069-9055-88b643a55a52', '1c96ab73-c18a-4db6-afe8-62bf0dcb6e3d', '<p>Le 14/02/2019 laiss&eacute; message pour v&eacute;rifier implantation du projet de spa dans le 17 avant de transmettre les infos</p>', '2019-02-14', '7e1c74bf-b070-442d-8ea8-f95f61d3bfcc'),
('c98ddf2b-dc7a-4709-a0de-682aa808af79', '1c96ab73-c18a-4db6-afe8-62bf0dcb6e3d', '<p>le 24/01/2019 envoy&eacute; mail + docs + tarif + demande de rdv suite appel de la Mme Banayad</p>', '2019-01-24', '3736296b-00b2-401c-a689-3e499bdfb762'),
('ca170d17-0883-4d46-9a50-d98b7ee36b81', '1c96ab73-c18a-4db6-afe8-62bf0dcb6e3d', '<p>r&acirc;le tjs pour le lait mono&iuml; en 50ml&nbsp;</p>', '2019-02-14', '2778d4a5-3e52-4aeb-8590-e488a5b3603e'),
('ca5e192b-59c5-427f-a04b-cd1aa205162b', '1c96ab73-c18a-4db6-afe8-62bf0dcb6e3d', '<p>mails docs + demande de rdv mais pas de retour au 11/03/19 ??</p>', '2019-03-11', '78e57b59-b9d9-4dfe-aa41-69f6683ab52d'),
('cb931f28-78c3-4fa2-af32-9087599874ea', '1c96ab73-c18a-4db6-afe8-62bf0dcb6e3d', '<p>Pas besoin de rdv pour l\'instant la cliente pr&eacute;f&egrave;re travailler par tel et mail .....fid&egrave;le et sympa !!!</p>', '2019-07-18', 'b4ea967f-90ee-457b-8ce0-984c84f92587'),
('cd06fe46-1bcf-41da-95bb-797be772e918', '1c96ab73-c18a-4db6-afe8-62bf0dcb6e3d', '<p>Ferm&eacute; D+L</p>', '2019-06-10', '8725b48c-a5ac-44b4-aab3-debc3afd8686'),
('cdc8dfb7-2503-4cce-8f84-e90228f56fd0', '26d261d1-c96d-4b3e-9b27-1b8756b73e8a', '<p>prochain rdv le 11 mars 2019 &agrave; 14h....pr&eacute;sentation nouveaut&eacute;s.</p>', '2019-02-15', 'e8d2575a-00d1-4012-adb8-7c815a8e675d'),
('d4a72d52-670c-4c07-8fb8-1d00a8c21ede', '1c96ab73-c18a-4db6-afe8-62bf0dcb6e3d', '<p>Ne veux que du cosm&eacute;bio labellis&eacute;</p>', '2019-02-12', '84ac9a5b-eba2-42a8-8097-cbb363cce5e3'),
('d4f9c8ba-c473-4cb4-aee9-9ec87760e192', '1c96ab73-c18a-4db6-afe8-62bf0dcb6e3d', '<p>Prise de contact le 01/02/2019......sans r&eacute;ponse</p>', '2019-02-01', 'c76f71d9-6c54-488b-9262-6f1f724f11a7'),
('d6363c0c-6d0e-49fc-bc89-2b1c04445608', '1c96ab73-c18a-4db6-afe8-62bf0dcb6e3d', '<p>le 20 mars 2019 tjs aucun retour suite email&nbsp;</p>', '2019-03-20', '78e57b59-b9d9-4dfe-aa41-69f6683ab52d'),
('d840c558-4293-4f71-8a66-aa4b5e348938', '1c96ab73-c18a-4db6-afe8-62bf0dcb6e3d', '<p>viendra au congr&egrave;s 2019 !!</p>', '2019-02-04', '31e8e18b-450f-4657-99c9-96a60ec60241'),
('dacb04e9-7599-44c5-be37-1a006307ec0d', '1c96ab73-c18a-4db6-afe8-62bf0dcb6e3d', '<p>Remplace Thalac par Myspa Visage ....livraison pr&eacute;vue le 31 janvier 2019</p>', '2019-01-28', '2d2fb5dd-20d2-4bf2-8c41-888dbff3f8bd'),
('dbc174c9-de99-487b-bef5-01476881c3f3', '1c96ab73-c18a-4db6-afe8-62bf0dcb6e3d', '<p>prochain rdv le 10 juillet de 12h &agrave; 14h</p>', '2019-06-27', '10d8e885-d9c5-4c9d-aa22-6b30727d970f'),
('e3f3cb13-1dcb-434e-86f9-f3bf351a7f30', '1c96ab73-c18a-4db6-afe8-62bf0dcb6e3d', '<p>Limite d&eacute;p&ocirc;t de bilan, &agrave; surveiller !!</p>', '2018-11-12', '1ea5000d-6a63-4cb9-b20d-da1d051aa0dc'),
('e4d39297-20fa-487d-b3af-47462ed2ecf2', '1c96ab73-c18a-4db6-afe8-62bf0dcb6e3d', '<p>Tel le 01/02/2019 pour prise d\'info .....cliente en cabine</p>', '2019-02-01', '330bf4a1-13e7-48c2-a9cf-1b7fa160eb7f'),
('e5368bfc-c6af-459e-80be-f47262516149', '1c96ab73-c18a-4db6-afe8-62bf0dcb6e3d', '<p>institut corps&nbsp;</p>', '2019-01-01', 'fe0ff5ab-8a0f-4474-98e8-ad448dc35fe6'),
('e860d31f-252a-43c2-8353-34e397efc37c', '1c96ab73-c18a-4db6-afe8-62bf0dcb6e3d', '<p>prochain rdv le 18 sept &agrave; midi</p>', '2019-07-17', '89d15773-e72c-4f35-b688-697b49e77841'),
('ee6b0ad1-99c5-49bc-9c56-bbcbdc0f158e', '26d261d1-c96d-4b3e-9b27-1b8756b73e8a', '<p>le 14/02/2019 la cliente doit valider ma proposition de rdv soit en fev soit en mars</p>', '2019-02-14', '571b93d6-e317-4b69-bee7-75d4061da2d3'),
('f1c83daf-459b-4c23-b93d-2aa6f1545589', '1c96ab73-c18a-4db6-afe8-62bf0dcb6e3d', '<p>Prochain rdv le 6 mars &agrave;&nbsp; 12h&nbsp;</p>', '2019-01-27', '20cbcf02-9ca1-49e4-a84b-3cfe50ae0e1d'),
('f40015ca-b06f-47ec-81cf-8e8534141e3d', '1c96ab73-c18a-4db6-afe8-62bf0dcb6e3d', '<p>le 20/09/2019 devis corps et visage envoy&eacute;s par mail&nbsp;</p>', '2019-09-19', '45138e27-1534-48f8-8cdb-988f711a945f'),
('f468b4ed-99eb-443b-8725-207944714ba1', '1c96ab73-c18a-4db6-afe8-62bf0dcb6e3d', '<p>le 11/02/19 enovoy&eacute; mail docs&nbsp;</p>', '2019-02-11', 'a0377e73-b9c3-45e1-b068-a5035e0c67ba'),
('f52fcc3b-bbf6-4294-a854-704282941427', '1c96ab73-c18a-4db6-afe8-62bf0dcb6e3d', '<p>super top cliente visage et corps&nbsp;</p>', '2016-03-16', '28d3077c-9713-44bd-b2db-f72d26fa86fd'),
('f55b717b-b10c-484e-aabc-2c6a2c462621', '26d261d1-c96d-4b3e-9b27-1b8756b73e8a', '<p>en attente de validation d\'un rdv le 11 mars &agrave; 11h30 ou 18h30</p>', '2019-02-15', '9af12b78-45b3-495f-a24c-2ecf485442e9'),
('f6d0e113-2f6f-4585-8bf4-393a2394bb72', '1c96ab73-c18a-4db6-afe8-62bf0dcb6e3d', '<p>Institut Spa</p>\r\n<p>Visage &amp; corps</p>', '2016-01-12', '5e90ccf5-e0f0-43de-acfb-ece9ace1a1f4'),
('f776a6d9-ca01-485f-8746-78f50e7ca4f0', '1c96ab73-c18a-4db6-afe8-62bf0dcb6e3d', '<p>le 25/08/19 mail docs et tarif suite demande entrante.</p>', '2019-08-25', '972aedfb-6005-4db3-a56d-34c97f9b2e4e'),
('f8a7d640-469a-4d57-b358-540515979b43', '1c96ab73-c18a-4db6-afe8-62bf0dcb6e3d', '<p>le 04/10/2019 contact tel mais la cliente vient de commencer son activit&eacute; doit attendre pour ouverture de compte trop &eacute;lev&eacute;e !!</p>', '2019-10-04', '9b991cc6-64fd-4353-be13-eec071e047d3'),
('f8f7812c-f1c2-4553-9776-41b0f4e092d5', '1c96ab73-c18a-4db6-afe8-62bf0dcb6e3d', '<p>Marion se s&eacute;pare de son associ&eacute;e et va signer prochainement un local plus grand......&agrave; suivre en fin d\'ann&eacute; 2019 !!</p>', '2019-01-06', 'b230df78-e1a0-4a58-b3fa-e0ae169a245f'),
('fdcc309e-8f17-422b-8230-9028aa631210', '1c96ab73-c18a-4db6-afe8-62bf0dcb6e3d', '<p>rdv le 12 mars &agrave; 15h30 au 4 avenue de la dame blanche Taillan M&eacute;doc</p>', '2019-02-01', '5edbcc9b-e1e4-4682-9324-14452eb66f29'),
('ff9cef3e-cdbe-4ac1-bd2c-7e6853a64895', '1c96ab73-c18a-4db6-afe8-62bf0dcb6e3d', '<p>A changer d\'avis sur son d&eacute;part.</p>\r\n<p>Le 14 jan 2019 Quitte Thalac pour Myspa Visage</p>', '2019-01-14', '2d2fb5dd-20d2-4bf2-8c41-888dbff3f8bd');

-- --------------------------------------------------------

--
-- Structure de la table `cms_gindre_product_type`
--

CREATE TABLE `cms_gindre_product_type` (
  `id` char(36) COLLATE utf8mb4_unicode_ci NOT NULL COMMENT '(DC2Type:uuid)',
  `product` varchar(100) COLLATE utf8mb4_unicode_ci NOT NULL
) ENGINE=InnoDB DEFAULT CHARSET=utf8mb4 COLLATE=utf8mb4_unicode_ci;

--
-- Contenu de la table `cms_gindre_product_type`
--

INSERT INTO `cms_gindre_product_type` (`id`, `product`) VALUES
('1755db32-c5f9-4297-83bb-f23dbade51ee', 'Corps'),
('42d3f05e-9625-4d4f-994c-860b0233b464', 'Corps et visage'),
('c1519b89-73ad-444e-93c6-2cba8eb9f124', 'Visage');

-- --------------------------------------------------------

--
-- Structure de la table `cms_gindre_region`
--

CREATE TABLE `cms_gindre_region` (
  `id` int(11) NOT NULL,
  `region` varchar(80) COLLATE utf8mb4_unicode_ci NOT NULL
) ENGINE=InnoDB DEFAULT CHARSET=utf8mb4 COLLATE=utf8mb4_unicode_ci;

--
-- Contenu de la table `cms_gindre_region`
--

INSERT INTO `cms_gindre_region` (`id`, `region`) VALUES
(1, 'Hauts-de-france'),
(2, 'Normandie'),
(3, 'Provence-Alpes-Cote-d-Azur'),
(4, 'Grand-Est'),
(5, 'Pays-de-la-loire'),
(6, 'Bretagne'),
(7, 'Centre-val-de-loire'),
(8, 'Nouvelle-Aquitaine'),
(9, 'Corse'),
(10, 'Bourgogne-Franche-Comté'),
(11, 'Auvergne-Rhone-Alpes'),
(12, 'Ile-de-France'),
(13, 'Occitanie');

-- --------------------------------------------------------

--
-- Structure de la table `cms_gindre_role`
--

CREATE TABLE `cms_gindre_role` (
  `id` char(36) COLLATE utf8mb4_unicode_ci NOT NULL COMMENT '(DC2Type:uuid)',
  `role` varchar(150) COLLATE utf8mb4_unicode_ci NOT NULL
) ENGINE=InnoDB DEFAULT CHARSET=utf8mb4 COLLATE=utf8mb4_unicode_ci;

--
-- Contenu de la table `cms_gindre_role`
--

INSERT INTO `cms_gindre_role` (`id`, `role`) VALUES
('34833532-b8bc-400b-8f2d-14aaee366ce9', 'Spa Manager'),
('546d7470-ff50-4745-ae4d-cff7a5280413', 'Gérant');

-- --------------------------------------------------------

--
-- Structure de la table `cms_gindre_shop`
--

CREATE TABLE `cms_gindre_shop` (
  `id` char(36) COLLATE utf8mb4_unicode_ci NOT NULL COMMENT '(DC2Type:uuid)',
  `region_id` int(11) DEFAULT NULL,
  `name` varchar(200) COLLATE utf8mb4_unicode_ci NOT NULL,
  `address` longtext COLLATE utf8mb4_unicode_ci NOT NULL,
  `zip` int(5) UNSIGNED ZEROFILL DEFAULT NULL,
  `city` varchar(100) COLLATE utf8mb4_unicode_ci NOT NULL,
  `number` varchar(50) COLLATE utf8mb4_unicode_ci DEFAULT NULL,
  `slug` varchar(255) COLLATE utf8mb4_unicode_ci NOT NULL,
  `status_id` char(36) COLLATE utf8mb4_unicode_ci DEFAULT NULL COMMENT '(DC2Type:uuid)',
  `prospect` tinyint(1) DEFAULT NULL,
  `departement_id` int(11) DEFAULT NULL
) ENGINE=InnoDB DEFAULT CHARSET=utf8mb4 COLLATE=utf8mb4_unicode_ci;

--
-- Contenu de la table `cms_gindre_shop`
--

INSERT INTO `cms_gindre_shop` (`id`, `region_id`, `name`, `address`, `zip`, `city`, `number`, `slug`, `status_id`, `prospect`, `departement_id`) VALUES
('031a0735-705a-48c9-ad36-0a56f30a514f', 8, 'Les Secrets de July', '41 rue Trouche', 33780, 'Soulac sur Mer', '405', 'les-secrets-de-july', '06d3f0b5-589c-43e7-a515-7f828db43a11', 0, 66),
('04655c1b-536d-493f-a463-9f7998369294', 13, 'Palmarosa', '6 boulevard Carnot', 65200, 'Bagnères de Bigorre', '552', 'palmarosa', '06d3f0b5-589c-43e7-a515-7f828db43a11', 0, 82),
('04df622c-9e72-4b4a-9c92-4f800c18864f', 8, 'Un Temps pour Soi (Cap Ferret)', '43 bis route de Bordeaux', 33950, 'Lège Cap Ferret', '333777888', 'un-temps-pour-soi-cap-ferret', '06d3f0b5-589c-43e7-a515-7f828db43a11', 1, 66),
('076347ae-f99b-488b-b4fa-390486249844', 13, 'Un coin de bien être', '9 place Cabrol', 12300, 'Decazeville', NULL, 'un-coin-de-bien-etre', '06d3f0b5-589c-43e7-a515-7f828db43a11', 1, 75),
('07a700d3-8302-408b-81fa-437b8f484156', 8, 'Eva D Vous', '2 avenue Pasteur', 17400, 'Saint Jean d\'Angely', '345', 'eva-d-vous', '06d3f0b5-589c-43e7-a515-7f828db43a11', 0, 62),
('08d5f28a-4aae-4ea5-8b9c-e70dbc99414e', 8, 'Centre de Soins Coralise', 'place d\'Alsace', 24220, 'Beynac et Cadenac', '439', 'centre-de-soins-coralise', '06d3f0b5-589c-43e7-a515-7f828db43a11', 0, 65),
('094565ce-33ac-4c05-b03e-a1d7969f67f4', 5, 'Un Temps pour Soi', '29 rue Louis Gain, C.C. Jeanne d\'Arc', 49100, 'Angers', '440', 'un-temps-pour-soi', '06d3f0b5-589c-43e7-a515-7f828db43a11', 0, 87),
('09f62d80-d97d-44f9-bd71-46245e371c82', 8, 'Beauté Sublimée', '18 rue Georges Braque', 19100, 'Brive la Gaillarde', '458', 'beaute-sublimee', '06d3f0b5-589c-43e7-a515-7f828db43a11', 0, 63),
('0cb3295b-de58-4247-8f78-3ec4996d0e53', 13, 'Ang\'esthétique', '9 rue de la fontaine', 12450, 'Luc la Primaube', '184', 'ang-esthetique', '06d3f0b5-589c-43e7-a515-7f828db43a11', 0, 75),
('0d1164c8-86cb-4fac-b8c7-924e5a1fb768', 13, 'A Corps et Bien Etre', '2 rue de  Ribaute', 31650, 'Saint Orens de Gameville', '205', 'a-corps-et-bien-etre', '06d3f0b5-589c-43e7-a515-7f828db43a11', 0, 77),
('0f1ac18d-a323-40df-9963-7667bdfa3bad', 13, 'Escale Beauté', '38 route d\'espalion', 12850, 'Onet le château', '81', 'escale-beaute', '06d3f0b5-589c-43e7-a515-7f828db43a11', 0, 75),
('1026e741-e806-4a01-9c16-e1ce39b67751', 8, 'M\'line Esthétique', '13 rue Henry de Bournazel', 19700, 'Seilhac', '5600000', 'm-line-esthetique', '06d3f0b5-589c-43e7-a515-7f828db43a11', 0, 63),
('102a5eba-a502-4780-a82a-06f0caa11bda', 13, 'De Vos Cils à Vos Ongles', '252 Boulevard des tilleuls', 65300, 'Lannemezan', '895', 'de-vos-cils-a-vos-ongles', '06d3f0b5-589c-43e7-a515-7f828db43a11', 0, 82),
('1035392f-6a21-461c-b073-38509318da77', 5, 'Aqua Sensia', '2 rue des ponts', 44470, 'Thouaré sur Loire', '561', 'aqua-sensia', '06d3f0b5-589c-43e7-a515-7f828db43a11', 0, 86),
('10d8e885-d9c5-4c9d-aa22-6b30727d970f', 8, 'Natacha Institut', '7 ter rue des anciens combattants', 33250, 'Cissac Médoc', '404', 'natacha-institut', '06d3f0b5-589c-43e7-a515-7f828db43a11', 0, 66),
('13f8a733-eba2-44ed-81f5-6589edbda03f', 6, 'Bulle de Douceur Carnac', '9 avenue de l\'atlantique', 56340, 'Carnac', '722', 'bulle-de-douceur-carnac', '06d3f0b5-589c-43e7-a515-7f828db43a11', 0, 24),
('166acebd-712e-4c80-95e4-42ef4253de4d', 13, 'Spa L\'Ardoisière', 'Domaine des Ardoisières', 65170, 'Vielle Aure', '145', 'spa-l-ardoisiere', '06d3f0b5-589c-43e7-a515-7f828db43a11', 1, 82),
('175af4e1-11e3-4857-9f4f-fe17444fb973', 5, 'Tendance Spa', '20 rue pasteur', 85120, 'LA roche sur Yon', '740', 'tendance-spa', '06d3f0b5-589c-43e7-a515-7f828db43a11', 0, 90),
('17684489-d661-4dc2-9c7c-72bf2556226c', 6, 'Lovelie', 'x', 35000, 'Rennes', '33000', 'lovelie', '06d3f0b5-589c-43e7-a515-7f828db43a11', 1, 23),
('1b021c7c-c720-4a75-8c43-7e7b65d1eaa5', 8, 'Esprit d\'Or Fée', '116 cours Doumer', 17100, 'Saintes', NULL, 'esprit-d-or-fee', '06d3f0b5-589c-43e7-a515-7f828db43a11', 1, 62),
('1d8df040-cd84-468e-bac5-beb17947350f', 8, 'Institut Marlène', 'rue Saint Antoine', 64190, 'Navarrenx', '169', 'institut-marlene', '06d3f0b5-589c-43e7-a515-7f828db43a11', 0, 69),
('1ea5000d-6a63-4cb9-b20d-da1d051aa0dc', 6, 'Aven Esthétique', '4 rue Pénanros', 29930, 'Pont Aven', '420', 'aven-esthetique', '06d3f0b5-589c-43e7-a515-7f828db43a11', 0, 22),
('20cbcf02-9ca1-49e4-a84b-3cfe50ae0e1d', 3, 'Le jardin des sens', '3 avenue du général de Gaulle', 83310, 'Cogolin', '343', 'le-jardin-des-sens', '06d3f0b5-589c-43e7-a515-7f828db43a11', 0, 95),
('21706d11-6a5a-41c3-a196-04a1df0ab5ee', 6, 'Hôtel Spa La Malouinière Aqua Bien Etre', 'Les Longchamps', 35430, 'Saint Jouan les Guérêts', '450', 'hotel-spa-la-malouiniere-aqua-bien-etre', '06d3f0b5-589c-43e7-a515-7f828db43a11', 0, 23),
('218f4274-14b9-4594-b834-c19326e37a25', 8, 'La Pause Beauté', '6 avenue de la Myre Mory', 47140, 'Saint Sylvestre sur Lot', '386', 'la-pause-beaute', '06d3f0b5-589c-43e7-a515-7f828db43a11', 0, 68),
('25eefef9-aa05-4f73-9c9a-331f9ac2050b', 13, 'Le Chalet du Bien Etre', '1 chemin de pioch d\'aussac', 81100, 'Burlats', '669', 'le-chalet-du-bien-etre', '06d3f0b5-589c-43e7-a515-7f828db43a11', 1, 84),
('2778d4a5-3e52-4aeb-8590-e488a5b3603e', 13, 'Spa Akouavie', 'rue françois couperin', 81100, 'Castres', '160', 'spa-akouavie', '06d3f0b5-589c-43e7-a515-7f828db43a11', 0, 84),
('28d3077c-9713-44bd-b2db-f72d26fa86fd', 8, 'Espace Beauté Gabrielle', '10 rue Abel Planat', 16100, 'Cognac', '309', 'espace-beaute-gabrielle', '06d3f0b5-589c-43e7-a515-7f828db43a11', 0, 61),
('2ae101bd-17ef-4e7f-8a55-aafb313ab966', 8, 'Centre de beauté essentiel', '18 rue de l\'horloge', 64300, 'Othez', '265', 'centre-de-beaute-essentiel', '06d3f0b5-589c-43e7-a515-7f828db43a11', 0, 69),
('2b76b144-e408-4faf-b82a-60f57a2fb76c', 13, 'G\'Reine de beauté', '14 bis place de la république', 31150, 'Gagnac', '370', 'g-reine-de-beaute', '06d3f0b5-589c-43e7-a515-7f828db43a11', 0, 77),
('2b8a5f6e-1d2d-42cc-9824-354c535eca09', 5, 'Le Temps d\'une évasion', '17 place de l\'église', 85610, 'Cugand', '709', 'le-temps-d-une-evasion', '06d3f0b5-589c-43e7-a515-7f828db43a11', 0, 90),
('2d2fb5dd-20d2-4bf2-8c41-888dbff3f8bd', 8, 'Argane Beauté', '18 avenue du Général Leclerc', 17360, 'Saint Aigulin', '95', 'argane-beaute', '06d3f0b5-589c-43e7-a515-7f828db43a11', 0, 62),
('2f67ec33-ccde-445a-89a2-0444a855316b', 13, 'Beauté Corine', 'rue du barrage', 12430, 'Villefranche de Panat', '185', 'beaute-corine', '06d3f0b5-589c-43e7-a515-7f828db43a11', 0, 75),
('30b365a3-ea18-4b03-bed3-68e9c7540418', 13, 'La Parenthèse', '3 rue Victor Hugo', 31000, 'Toulouse', '366', 'la-parenthese', '06d3f0b5-589c-43e7-a515-7f828db43a11', 0, 77),
('31579a06-b736-43cc-a70c-574cde5523cb', 5, 'Comme Je m\'imagine', '6 rue des hauts pavés', 44000, 'Nantes', '421', 'comme-je-m-imagine', '06d3f0b5-589c-43e7-a515-7f828db43a11', 0, 86),
('31e49c81-1b6d-47bb-a608-0a7f6360c740', 13, 'Ma Douce Parenthèse', '9 rue du général Leclerc', 65400, 'Argelès Gazost', '677', 'ma-douce-parenthese', '06d3f0b5-589c-43e7-a515-7f828db43a11', 0, 82),
('31e8e18b-450f-4657-99c9-96a60ec60241', 13, 'Car d\'Heure Détente', '16 hameau de Truillet', 31560, 'Calmont', '692', 'car-d-heure-detente', '06d3f0b5-589c-43e7-a515-7f828db43a11', 0, 77),
('330bf4a1-13e7-48c2-a9cf-1b7fa160eb7f', 8, 'Bain de Soi', '2 rue Lacaze', 64000, 'Pau', '236', 'bain-de-soi', '06d3f0b5-589c-43e7-a515-7f828db43a11', 0, 69),
('3524204e-0bab-41fc-a7b5-f2334886af20', 13, 'Ile Ô Zen', '6 impasse des mouettes', 12850, 'Onet le château', '751', 'ile-o-zen', '06d3f0b5-589c-43e7-a515-7f828db43a11', 0, 75),
('353ad7b0-4529-42be-850c-ee3ea0544c16', 8, 'Le Jardin des Soins', '29 bis rue des fleurs de la saint Jean', 19200, 'Ussel', '272', 'le-jardin-des-soins', '06d3f0b5-589c-43e7-a515-7f828db43a11', 0, 63),
('3736296b-00b2-401c-a689-3e499bdfb762', 5, 'Absolu Beauté', '6 rue des halles', 44470, 'Carquefou', '851', 'absolu-beaute', '06d3f0b5-589c-43e7-a515-7f828db43a11', 0, 86),
('3851a137-ef88-462a-b7c3-a5a73f505671', 13, 'ISABELLE', '11 rue de l\'église', 65170, 'VIELLE - AURE', '030561', 'isabelle', '06d3f0b5-589c-43e7-a515-7f828db43a11', 0, 82),
('38dc64f9-eb51-4a67-b058-213cd2869334', 8, 'de peigne en ciseaux', '7 rue du Prieuré', 16120, 'Chateauneuf sur Charente', '112233', 'de-peigne-en-ciseaux', '06d3f0b5-589c-43e7-a515-7f828db43a11', 0, 61),
('3998b404-4b67-4729-8eaa-048e67687c34', 8, 'Escale Beauté Soumoulou', '27 avenue Lasbordes', 64420, 'Soumoulou', '146', 'escale-beaute-soumoulou', '06d3f0b5-589c-43e7-a515-7f828db43a11', 0, 69),
('3a1364f5-da18-4583-92ba-a45e1bc548a2', 13, 'Pause Bien Etre', '8 avenue de Versaille', 31700, 'Cornebarrieu', '300', 'pause-bien-etre', '06d3f0b5-589c-43e7-a515-7f828db43a11', 0, 77),
('3ac108a5-f0e7-4759-ad06-d9624747d9e8', 13, 'Esthegym', '16 avenue Jean Baptiste', 00081, 'Carmaux', NULL, 'esthegym', '06d3f0b5-589c-43e7-a515-7f828db43a11', 1, 84),
('3d126d87-cf83-49d7-9c54-8cbaea8e62b7', 8, 'VILLA Jennifer', '53 rue Maurice ROUX', 33910, 'Saint Ciers d\'Abzac', '7777', 'villa-jennifer', 'c041b261-fbaa-436f-80fe-9d9d0ed46227', 1, 66),
('3d8200b8-daf7-4ab2-900d-6c6186fe4731', 8, 'Tara Beauté', '64 avenue de Paris', 79260, 'La Crèche', '999', 'tara-beaute', '06d3f0b5-589c-43e7-a515-7f828db43a11', 0, 70),
('3f808819-4e72-4295-bdef-32ba43ae358d', 13, 'Espace Spa & Bien Etre', 'ZAC de Mourlas, route de Toulouse', 31700, 'Cornebarrieu', '217', 'espace-spa-bien-etre', '06d3f0b5-589c-43e7-a515-7f828db43a11', 0, 77),
('422edff3-563a-4d64-99dc-1319603798b1', 8, 'L\'Atelier d\'Elodie', 'Billere', 64140, 'Billere', '1234', 'l-atelier-d-elodie', 'c041b261-fbaa-436f-80fe-9d9d0ed46227', 1, 69),
('43dea3b8-d8a2-48fd-a760-6627e36641c1', 6, 'L\'essentiel', '5 rampe Lombard', 29217, 'Le Conquet', '449', 'l-essentiel', '06d3f0b5-589c-43e7-a515-7f828db43a11', 0, 22),
('44d52ed0-5873-4c12-9b20-ab492be71bc3', 8, 'Bella Esthétique', '13 rue Henri Bergson', 19100, 'Brive la gaillarde', '588', 'bella-esthetique', '06d3f0b5-589c-43e7-a515-7f828db43a11', 0, 63),
('44e6eade-db62-4955-a28a-29c1e234e257', 6, 'Ambiance Bien Etre', '5 rue Brémond d\'Ars', 29300, 'Quimperlé', '434', 'ambiance-bien-etre', '06d3f0b5-589c-43e7-a515-7f828db43a11', 0, 22),
('45138e27-1534-48f8-8cdb-988f711a945f', 8, 'Clabault Emilie', 'x', 19250, 'Meymac', '876592', 'clabault-emilie', 'c041b261-fbaa-436f-80fe-9d9d0ed46227', 1, 63),
('46698802-daa4-45f8-8884-61ccd1e7e46b', 8, 'Rock Mantic', '10 rue des sables', 40160, 'Parentis en Born', NULL, 'rock-mantic', '06d3f0b5-589c-43e7-a515-7f828db43a11', 0, 67),
('47a478f9-1a62-4715-bdb7-c3df5f35cabe', 8, 'L\'atelier de la beauté', '7 rue de la porte de Chinon', 86200, 'Loudun', '665', 'l-atelier-de-la-beaute', '06d3f0b5-589c-43e7-a515-7f828db43a11', 0, 71),
('49543aba-422e-411a-9e36-3f7e57661240', 5, 'Douce Heure', '9 lotissement le Bosquet', 49500, 'Nyoiseau', '668', 'douce-heure', '06d3f0b5-589c-43e7-a515-7f828db43a11', 0, 87),
('49ea54bf-8bba-4d2d-9465-e69f2f1393c3', 8, 'Magnolia Détente', '28 rue des champs Ferrets', 79220, 'Germon Rouvre', '220', 'magnolia-detente', '06d3f0b5-589c-43e7-a515-7f828db43a11', 0, 70),
('4b8ac49b-c9ac-45c4-bb04-c9e3870bff7c', 13, 'MANGEARD Claire', 'X', 00031, 'X', '2222', 'mangeard-claire', 'c041b261-fbaa-436f-80fe-9d9d0ed46227', 1, 77),
('4d3fa202-8e58-4557-8a8c-dbbbf675f737', 13, 'Vers le meilleur de soi', '170 impasse bernuze', 82290, 'La Ville Dieu du Temple', '695', 'vers-le-meilleur-de-soi', '06d3f0b5-589c-43e7-a515-7f828db43a11', 0, 85),
('4e80731f-c2e7-42a5-8c43-c2653a05aac7', 8, 'Institut Emilie Piechota', 'La Rivaille', 16430, 'Lussac', NULL, 'institut-emilie-piechota', '06d3f0b5-589c-43e7-a515-7f828db43a11', 1, 61),
('4e9eb965-50d8-497a-82c2-48a726bf5fda', 6, 'L\'esprit Zen', '6 rue Muchelet', 22000, 'Saint Brieuc', NULL, 'l-esprit-zen', '06d3f0b5-589c-43e7-a515-7f828db43a11', 1, 21),
('4f152e7a-1285-45db-a753-0fbdf60c0f09', 6, 'Tous Lé Soleil', '62 avenue de la marne', 56000, 'Vannes', '528', 'tous-le-soleil', '06d3f0b5-589c-43e7-a515-7f828db43a11', 0, 24),
('4f2d86df-acd0-4226-a03d-6b5ab5fd0f5c', 5, 'Aux Gourmandises', '22 rue Paul Bellamy', 44000, 'Nantes', '213', 'aux-gourmandises', '06d3f0b5-589c-43e7-a515-7f828db43a11', 0, 86),
('50c54231-42ac-4203-a489-1fc888e1fdcf', 13, 'Pink Baroque', '1 rue Jean Perrin', 65000, 'Tarbes', '662', 'pink-baroque', '06d3f0b5-589c-43e7-a515-7f828db43a11', 0, 82),
('517bd273-22bb-474c-b274-1d55cbc46200', 6, 'Institut Corporescence', 'x', 56890, 'Plescop', '11111', 'institut-corporescence', 'c041b261-fbaa-436f-80fe-9d9d0ed46227', 1, 24),
('527dd917-b7f3-4546-bd26-68cd37af9dc1', 8, 'Le Relai de la Poste', '24 avenue de Maremme', 40140, 'Magescq', '639', 'le-relai-de-la-poste', '06d3f0b5-589c-43e7-a515-7f828db43a11', 0, 67),
('53674b99-bd2f-4729-91a7-079c664070e5', 13, 'Une minute pour soi', '13 place de la république', 09100, 'Pamiers', '263', 'une-minute-pour-soi', '06d3f0b5-589c-43e7-a515-7f828db43a11', 0, 73),
('571b93d6-e317-4b69-bee7-75d4061da2d3', 8, 'Espace Zen', '13 rue de Contièges', 47300, 'Villeneuve sur lot', '809', 'espace-zen', '06d3f0b5-589c-43e7-a515-7f828db43a11', 0, 68),
('5767e2c5-e5d1-4961-9b42-69fc9d3ec4d3', 13, 'L\'éveil des sens', '6 route de Foix', 09100, 'Pamiers', '264', 'l-eveil-des-sens', '06d3f0b5-589c-43e7-a515-7f828db43a11', 0, 73),
('579b56b3-3f5c-4fbe-ab60-9ec245592313', 6, 'Mon moment à moi', '11 rue de la Bellais', 35310, 'Mordelles', '543', 'mon-moment-a-moi', '06d3f0b5-589c-43e7-a515-7f828db43a11', 0, 23),
('58c5df59-bfb2-4a66-a434-1f8b77442a2a', 13, 'Côté Zen', 'xxxx', 31140, 'xxx', NULL, 'cote-zen', '06d3f0b5-589c-43e7-a515-7f828db43a11', 1, 77),
('5c2fcde0-3533-4a23-b34e-852959edfabb', 8, 'Secret de beauté', '2 route de Pau', 64510, 'Assat', '294', 'secret-de-beaute', '06d3f0b5-589c-43e7-a515-7f828db43a11', 0, 69),
('5d77b84f-b325-43c6-abe1-cd1008a89dca', 8, 'L\'instant Unique Bis', '4 rue Adoue', 64000, 'Pau', '678', 'l-instant-unique-bis', '06d3f0b5-589c-43e7-a515-7f828db43a11', 0, 69),
('5e647f63-ddc1-4c50-9469-3168d5d19eaa', 5, 'Beauté Et Bien Etre', '10b avenue barbara', 44570, 'Trignac', NULL, 'beaute-et-bien-etre', '06d3f0b5-589c-43e7-a515-7f828db43a11', 0, 86),
('5e90ccf5-e0f0-43de-acfb-ece9ace1a1f4', 13, 'Le lotus bleu', '17 avenue des tilleuls', 09100, 'Villeneuve du paréage', '427', 'le-lotus-bleu', '06d3f0b5-589c-43e7-a515-7f828db43a11', 0, 73),
('5edbcc9b-e1e4-4682-9324-14452eb66f29', 8, 'Institut Sublime Centre', '4 avenue de la dame blanche', 33320, 'Le Taillan Médoc', '741', 'institut-sublime-centre', '06d3f0b5-589c-43e7-a515-7f828db43a11', 0, 66),
('617b897f-5bd7-491c-b70a-181e7124041e', 5, 'Un Moment Pour Moi', '13 impasse des merisiers', 85150, 'Saint Mathurin', '566', 'un-moment-pour-moi', '06d3f0b5-589c-43e7-a515-7f828db43a11', 0, 90),
('61d94b34-264a-4971-a179-9d0004c2dd37', 8, 'Au Coeur de Soi', '4 rue Pierre Curie Appt 18', 33740, 'Arès', '878', 'au-coeur-de-soi', '06d3f0b5-589c-43e7-a515-7f828db43a11', 0, 66),
('62b656a7-8f07-4cdd-a69f-baf1b3762d59', 13, 'Centre Thermal', 'rue des fontaines', 32410, 'Castera Verduzan', '147', 'centre-thermal', '06d3f0b5-589c-43e7-a515-7f828db43a11', 0, 78),
('6308948d-6f68-4566-be84-2988ed8da95d', 8, 'Nuage Poudré', '29 boulevard Pierre Curie', 79100, 'Thouars', '901', 'nuage-poudre', '06d3f0b5-589c-43e7-a515-7f828db43a11', 0, 70),
('65d9649a-8e6d-4189-8c75-95e2cb6efc6e', 8, 'Institut Sublime', '5 place Buffon', 33320, 'Le Taillan Médoc', '536', 'institut-sublime', '06d3f0b5-589c-43e7-a515-7f828db43a11', 0, 66),
('67598904-69ef-4585-ace0-87eda90d2eec', 8, 'Beauty Gwen', 'x', 00017, 'x', NULL, 'beauty-gwen', '06d3f0b5-589c-43e7-a515-7f828db43a11', 1, 62),
('67d00ce2-0cf7-40be-bcb5-c8ffdbe8492e', 8, 'Villa Seren Hôtel Spa Séren\'ity', '1111 avenue du Touring Club', 40150, 'Soorts- Hossegor', '447', 'villa-seren-hotel-spa-seren-ity', '06d3f0b5-589c-43e7-a515-7f828db43a11', 0, 67),
('6900dd28-c114-4be8-ba7f-ed10a1214bde', 3, 'Le Spa du Loft', 'Z.A. le colombier 1', 83350, 'Ramatuelle', '360', 'le-spa-du-loft', '06d3f0b5-589c-43e7-a515-7f828db43a11', 0, 95),
('6a143d87-e6a7-4d4f-b235-742e078af846', 8, 'Pause Beauté', '1 route de la mairie', 64121, 'Montardon', '1212', 'pause-beaute', '06d3f0b5-589c-43e7-a515-7f828db43a11', 1, 69),
('6be8e5c3-b70c-424c-8960-2e030af722f0', 13, 'Body Spa 5', '1 boulevard Jean Gay', 31170, 'Tournefeuille', '769', 'body-spa-5', '06d3f0b5-589c-43e7-a515-7f828db43a11', 0, 77),
('7005d9a7-f88f-43be-85f0-a54c5d07d0d3', 13, 'Douc\'heure', '15 avenue du bourran', 12000, 'Rodez', '626', 'douc-heure', '06d3f0b5-589c-43e7-a515-7f828db43a11', 0, 75),
('711cee40-f409-4553-a77b-2ce1655ea8f1', 13, 'My Espace Form', '23 rue des écureuils', 31330, 'Merville', '425', 'my-espace-form', '06d3f0b5-589c-43e7-a515-7f828db43a11', 0, 77),
('7153d5a6-a668-4257-ad55-71c97085191d', 8, 'Au Cocon d\'Elodie', '291 avenue du général de gaulle', 33140, 'Cadaujac', '743', 'au-cocon-d-elodie', '06d3f0b5-589c-43e7-a515-7f828db43a11', 1, 66),
('760b1a8e-9953-49b4-ab4e-bfb16a516d59', 8, 'La Magie des Sens', '31 bis rue de Saintonge', 17120, 'Meursac', NULL, 'la-magie-des-sens', '06d3f0b5-589c-43e7-a515-7f828db43a11', 0, 62),
('77db6d09-9a83-4732-a45b-6f1020e6fea4', 8, 'Lauléa Esthétique', '54 bis lieu dit Verdot', 33860, 'Reignac', '707', 'laulea-esthetique', '06d3f0b5-589c-43e7-a515-7f828db43a11', 0, 66),
('78e57b59-b9d9-4dfe-aa41-69f6683ab52d', 8, 'Pinaud Laurie', 'x', 00033, 'x', '301', 'pinaud-laurie', 'c041b261-fbaa-436f-80fe-9d9d0ed46227', 1, 66),
('7990fc46-6374-4c8b-86ba-e355832f1cbd', 13, 'La Fée Poudrée', '4 rue du Caraille', 09000, 'Saint Paul de Jarrat', '724', 'la-fee-poudree', '06d3f0b5-589c-43e7-a515-7f828db43a11', 0, 73),
('79ecf165-d18a-47c3-bce6-f0adde06d53d', 5, 'Apsara Beauté', '2 rue Léon Blum', 44000, 'Nantes', '323', 'apsara-beaute', '06d3f0b5-589c-43e7-a515-7f828db43a11', 0, 86),
('7ac61b25-484f-4998-81bd-ca28cc078ef5', 8, 'L\'instant Unique', 'Centre Commercial Intermarché', 64800, 'Coarraze', '221', 'l-instant-unique', '06d3f0b5-589c-43e7-a515-7f828db43a11', 0, 69),
('7c44b365-7f00-4618-bbb4-04ee46f4c431', 5, 'Adeline Esthétique', '76 rue Charles Rivière', 44400, 'Rezé', '610', 'adeline-esthetique', '06d3f0b5-589c-43e7-a515-7f828db43a11', 0, 86),
('7c887837-4de3-4aa0-b277-d319b42fa306', 5, 'A Corps D\'Moi', '9 rue de la Rochejacquelein', 85700, 'La Flocellière', '482', 'a-corps-d-moi', '06d3f0b5-589c-43e7-a515-7f828db43a11', 0, 90),
('7c97d8cc-cfcb-43fe-9d85-3b65753037c3', 8, 'L\'île Royale', '486 route de Limoges', 87400, 'Les Allois,La Geneytouse', '589', 'l-ile-royale', '06d3f0b5-589c-43e7-a515-7f828db43a11', 0, 72),
('7e1c74bf-b070-442d-8ea8-f95f61d3bfcc', 8, 'De San Felix Amélie', 'x', 00017, 'X', '1200', 'de-san-felix-amelie', 'c041b261-fbaa-436f-80fe-9d9d0ed46227', 1, 62),
('7ed6dd06-abd4-4b7d-b101-6de9b7ef1282', 13, 'Institut Framboise', '3 place Mercadieu', 31600, 'Muret', '592', 'institut-framboise', '06d3f0b5-589c-43e7-a515-7f828db43a11', 0, 77),
('7fc93642-083c-4dc6-b233-fe4a7df4c6b8', 8, 'Institut Krystel', '38 avenue Marc Nouaux', 33160, 'Cestas', '314', 'institut-krystel', '06d3f0b5-589c-43e7-a515-7f828db43a11', 0, 66),
('847d64db-bdc6-4834-b524-7a12782f25a6', 8, 'Spa d\'Iliana', '35 avenue Charles de Gaulle', 33260, 'La Teste de Buech', '601', 'spa-d-iliana', '06d3f0b5-589c-43e7-a515-7f828db43a11', 0, 66),
('84ac9a5b-eba2-42a8-8097-cbb363cce5e3', 8, 'Bonnefond Sarah', 'quartier istilarte, route des douanes, Lahrun Zola Apt 1', 64310, 'Sare', NULL, 'bonnefond-sarah', 'c041b261-fbaa-436f-80fe-9d9d0ed46227', 1, 69),
('851faba6-4ca0-4769-8934-3bad9cf49c3e', 5, 'Le Temps d\'un soin', '14 rue des iris', 85300, 'Le Perrier', '653', 'le-temps-d-un-soin', '06d3f0b5-589c-43e7-a515-7f828db43a11', 0, 90),
('85fe12ae-06a4-4e63-a3f0-f3f373886aa1', 8, 'Les Trésors d\'Elodie', '460 avenue du Las', 33127, 'Saint jean d\'Illac', '854', 'les-tresors-d-elodie', 'c041b261-fbaa-436f-80fe-9d9d0ed46227', 0, 66),
('8714d419-fad6-4fb2-b7d7-091bb95972fe', 13, 'Les Mo\'ZEn', '48 du bois Cibat', 65800, 'Orleix', '618', 'les-mo-zen', '06d3f0b5-589c-43e7-a515-7f828db43a11', 0, 82),
('8725b48c-a5ac-44b4-aab3-debc3afd8686', 13, '1 Moment pour Soi', '8 rue d\'Artagnan', 31000, 'Toulouse', '604', '1-moment-pour-soi', '06d3f0b5-589c-43e7-a515-7f828db43a11', 0, 77),
('8788d95f-cacb-43d4-a03c-d12244a28091', 13, 'O Monde des Douceurs', 'Place de l\'église', 12850, 'Sainte Radegonde', '113', 'o-monde-des-douceurs', '06d3f0b5-589c-43e7-a515-7f828db43a11', 0, 75),
('89d15773-e72c-4f35-b688-697b49e77841', 5, 'Chlo\'evasion', '5 rue Tempyre', 85590, 'Saint Malo du Bois', '778', 'chlo-evasion', '06d3f0b5-589c-43e7-a515-7f828db43a11', 0, 90),
('89d5ef0a-4037-4b9a-8504-78dad44366ce', 5, 'Sweet Home', '6 route du loroux bottereau', 44230, 'Saint Sébastien sur Loire', '494', 'sweet-home', '06d3f0b5-589c-43e7-a515-7f828db43a11', 0, 86),
('8af84640-d076-4816-be00-ff723e4e3724', 8, 'OSARIO Maria', 'Royans', 17200, 'Royans', NULL, 'osario-maria', '06d3f0b5-589c-43e7-a515-7f828db43a11', 1, 62),
('8b1674a5-4529-41a0-8007-94384694220e', 8, 'L\'institut', '10 place foirail', 47230, 'Lavardac', '492', 'l-institut', '06d3f0b5-589c-43e7-a515-7f828db43a11', 0, 68),
('8b631c3a-d29c-4847-a6c1-7bf75eda3951', 13, 'Essentiel', 'rue de la Penette', 65170, 'Saint Lary Soulan', '509', 'essentiel', '06d3f0b5-589c-43e7-a515-7f828db43a11', 0, 82),
('8ba90b31-97c2-4f3e-a1e3-02183e7fa83b', 6, 'Salon D\'esthétique', '1 place saint yves', 29550, 'Plomodiern', '726', 'salon-d-esthetique', '06d3f0b5-589c-43e7-a515-7f828db43a11', 0, 22),
('8d2be2f8-81db-4b4e-8b2a-42ccbb95fa83', 6, 'Spa Domaine de Méros', 'Lieu Dit Méros', 29530, 'Méros', '236789', 'spa-domaine-de-meros', '06d3f0b5-589c-43e7-a515-7f828db43a11', 1, 22),
('8e01fdd2-9925-4500-a89d-43da6a345275', 8, 'Escale Détente & Beauté', '7 rue du prieuré', 16120, 'Chateauneuf sur Charente', '750', 'escale-detente-beaute', '06d3f0b5-589c-43e7-a515-7f828db43a11', 0, 61),
('9118c2f3-3ee4-4f3c-88a8-befa19a8cc62', 12, 'Mout Agence', '84 avenue de Versailles', 00078, 'Le Chesnay', '5000', 'mout-agence', '06d3f0b5-589c-43e7-a515-7f828db43a11', 0, 50),
('9209a147-9e57-40e5-a018-512326b7929e', 6, 'Celtic Zen', '27 rue gentilhommes', 29340, 'Riec Sur Bellon', '60', 'celtic-zen', '06d3f0b5-589c-43e7-a515-7f828db43a11', 0, 22),
('941e220f-7b2b-4d5c-93e9-9d372cbac85f', 6, 'Beauté Zen', '28 rue Saint Gurval', 56380, 'Guer', '475', 'beaute-zen', '06d3f0b5-589c-43e7-a515-7f828db43a11', 0, 24),
('949e3d47-86e2-4dbc-b6a5-40c08176fd2a', 8, 'Beauté Charlyne', 'Place du Haut Poitou', 86500, 'Montmorillon', '565', 'beaute-charlyne', '06d3f0b5-589c-43e7-a515-7f828db43a11', 0, 71),
('94a376af-7587-449f-8707-e2cbd88ebd6b', 6, 'Le Box Beauté', '81 avenue de Ty Bos', 29000, 'Quimper', '419', 'le-box-beaute', '06d3f0b5-589c-43e7-a515-7f828db43a11', 0, 22),
('94ec3fb0-915b-4ea6-bf74-eb45ac8158f6', 6, 'Feeling Beauté', '18 rue du Dr Picquenard', 29000, 'Quimper', '3214', 'feeling-beaute', '06d3f0b5-589c-43e7-a515-7f828db43a11', 0, 22),
('95d30308-3584-4e01-a3e2-f53e6f902be7', 6, 'Intemporel Spa', '30 rue d\'Aiguillon', 29200, 'Brest', '422', 'intemporel-spa', '06d3f0b5-589c-43e7-a515-7f828db43a11', 0, 22),
('972aedfb-6005-4db3-a56d-34c97f9b2e4e', 6, 'Essentiel Beauté', '2 rue Pierre Corvest', 56670, 'Riantec', NULL, 'essentiel-beaute', '06d3f0b5-589c-43e7-a515-7f828db43a11', 1, 24),
('976a38c8-8847-4d69-b50f-31cac1368c33', 8, 'Spa du Castel', '15 rue Paul Courier', 24000, 'Périgueux', '201', 'spa-du-castel', '06d3f0b5-589c-43e7-a515-7f828db43a11', 0, 65),
('97ac7274-2355-4e37-9f6c-80a507d875b4', 13, 'happy esthétic', '8 rue du pré vicinal et siège social au 122 chemin de nicol 31200 toulouse', 31270, 'Cugnaud', '738', 'happy-esthetic', '06d3f0b5-589c-43e7-a515-7f828db43a11', 0, 77),
('984d12e8-7582-438e-81c0-86f968c89a85', 8, 'Ô Plaisir des Sens', '3 avenue de Bordeaux', 40200, 'Mimizan', '431', 'o-plaisir-des-sens', '06d3f0b5-589c-43e7-a515-7f828db43a11', 0, 67),
('98944b97-5576-47d8-b579-a07694782ae5', 8, 'Spa du monde', '24 grand rue', 47330, 'Castillonès', '603', 'spa-du-monde', '06d3f0b5-589c-43e7-a515-7f828db43a11', 0, 68),
('9940daed-9b10-4a9d-a61f-f127f9bc4a98', 13, 'Les sens du spa', '1 rue du général Pont', 81000, 'Albi', '764', 'les-sens-du-spa', '06d3f0b5-589c-43e7-a515-7f828db43a11', 0, 84),
('99679ff0-49a2-43c1-b4ca-7f1ba4b1b923', 13, 'Balnéa', 'Génos', 65510, 'Loudenvielle', '100', 'balnea', '06d3f0b5-589c-43e7-a515-7f828db43a11', 0, 82),
('9a5d72c4-265a-4c84-bcf2-9846178daa1f', 13, 'secret de beauté Maubourguet', '173 allées Larbanès', 65700, 'Maubourguet', '325', 'secret-de-beaute-maubourguet', '06d3f0b5-589c-43e7-a515-7f828db43a11', 0, 82),
('9af12b78-45b3-495f-a24c-2ecf485442e9', 8, 'Mahana Ingrid Beauté', '52 rue du général de Gaulle', 33290, 'Parempuyre', '288', 'mahana-ingrid-beaute', '06d3f0b5-589c-43e7-a515-7f828db43a11', 0, 66),
('9b85b2c8-35f6-42a9-b4bf-e47519548a01', 5, 'Côté Naturel', '6 place des oiseaux', 85000, 'Mouilleron le Captif', '503', 'cote-naturel', '06d3f0b5-589c-43e7-a515-7f828db43a11', 0, 90),
('9b991cc6-64fd-4353-be13-eec071e047d3', 13, 'Un Temps pour L', 'chemin du Sauzat', 31750, 'Escalquens', NULL, 'un-temps-pour-l', '06d3f0b5-589c-43e7-a515-7f828db43a11', 1, 77),
('9c4097aa-7877-4098-ae1e-f7175beaca5b', 8, 'Route du Spa', '22 rue Jean Jaurès', 33160, 'Saint Médard en Jalles', '578425', 'route-du-spa', '06d3f0b5-589c-43e7-a515-7f828db43a11', 0, 66),
('9f92eba8-f934-4fc9-ac1a-f5870e001f99', 13, 'Perle de Soie', '4 place de la croix blanche', 31600, 'Eaunes', '342', 'perle-de-soie', '06d3f0b5-589c-43e7-a515-7f828db43a11', 0, 77),
('a0377e73-b9c3-45e1-b068-a5035e0c67ba', 6, 'Garnier Lise', 'x', 00056, 'Pontivy', '1100', 'garnier-lise', 'c041b261-fbaa-436f-80fe-9d9d0ed46227', 1, 24),
('a0b92d05-fc43-4d69-8288-ef2295f1c749', 6, 'L\'atelier du Soin', '4 rue Dumont d\'Urville', 29900, 'Concarneau', '560', 'l-atelier-du-soin', '06d3f0b5-589c-43e7-a515-7f828db43a11', 0, 22),
('a233d294-2bb8-4b55-8d19-014fe7bd7b35', 8, 'Bulle de Douceur', '41 avenue Général de Gaulle', 24660, 'Coulouneix - Chamiers', NULL, 'bulle-de-douceur', '06d3f0b5-589c-43e7-a515-7f828db43a11', 1, 65),
('a47fec31-0b0d-4772-9590-298ffaffee33', 13, 'Source Bien Etre', '10 place du portail haut', 12390, 'Rignac', '625', 'source-bien-etre', '06d3f0b5-589c-43e7-a515-7f828db43a11', 0, 75),
('a5cbeb2e-4da3-4b97-98dc-b5c0748266b0', 13, 'Univers Beauté', '506 avenue du 7e régiment d\'infanterie', 46000, 'Cahors', NULL, 'univers-beaute', '06d3f0b5-589c-43e7-a515-7f828db43a11', 1, 80),
('a70c452f-d890-438e-a9be-fb6d990457f8', 8, 'Bikini', '20 bis rue Albert 1er', 17000, 'La rochaelle', '612', 'bikini', '06d3f0b5-589c-43e7-a515-7f828db43a11', 0, 62),
('a7f82870-b88c-4118-b52b-2fdde8ac4916', 13, 'Stéphany B', '385 A rue des lilas, ZA nafine', 82800, 'Nègrepelisse', '663', 'stephany-b', '06d3f0b5-589c-43e7-a515-7f828db43a11', 0, 85),
('a80a75b2-9895-4e19-a618-4de6b97cd63d', 6, 'Manawa Massage Pro', '3 rue Charles Drapier', 29200, 'Brest', NULL, 'manawa-massage-pro', '06d3f0b5-589c-43e7-a515-7f828db43a11', 1, 22),
('a8b7707d-c5e9-4f24-ab12-9e0d10ad1b3d', 6, 'L\'art du Bien Etre', '31 - 33 rue de Paris', 35220, 'Châteaubourg', NULL, 'l-art-du-bien-etre', '06d3f0b5-589c-43e7-a515-7f828db43a11', 0, 23),
('a90396b1-6b1c-4f53-b0c1-19660f5f575c', 13, 'L\'écrin des sens', 'lotissement Coraly', 12340, 'Bezonnes - Rodelle', NULL, 'l-ecrin-des-sens', '06d3f0b5-589c-43e7-a515-7f828db43a11', 1, 75),
('aad715e6-324f-4e63-a0d5-8e7447c7a7c6', 8, 'Volupté de Soi', '13 boulevard National', 24500, 'Eymet', '203', 'volupte-de-soi', '06d3f0b5-589c-43e7-a515-7f828db43a11', 0, 65),
('ab90297d-c6f6-43aa-88f0-081f3e44770b', 8, 'Rebeyrat Marina', 'xx', 00016, 'Charente', NULL, 'rebeyrat-marina', 'c041b261-fbaa-436f-80fe-9d9d0ed46227', 1, 61),
('acaef8f6-948c-4be6-a9ab-4e459c29f504', 13, 'Cocktail Beauté', '1 rue des violettes', 31470, 'Sainte Foy de Peyrolès', '688', 'cocktail-beaute', '06d3f0b5-589c-43e7-a515-7f828db43a11', 0, 77),
('ada52aeb-b321-4883-a35d-128cd1f47243', 6, 'Thalispa', '18 ter boulevard Saint Germain', 35300, 'Fougères', '762', 'thalispa', '06d3f0b5-589c-43e7-a515-7f828db43a11', 0, 23),
('b230df78-e1a0-4a58-b3fa-e0ae169a245f', 8, 'Le Boudoir de la Beauté', '30 cours Montaigne', 24000, 'Périgueux', '202', 'le-boudoir-de-la-beaute', '06d3f0b5-589c-43e7-a515-7f828db43a11', 0, 65),
('b2ac1d0d-7ec7-4536-a98c-aa0c08f632b1', 13, 'Zénitude', '28 route de Toulouse', 31190, 'Auterive', '781', 'zenitude', '06d3f0b5-589c-43e7-a515-7f828db43a11', 0, 77),
('b3574f98-e453-485b-95a2-82cab9b4b172', 8, 'Amandine Esthétique', '35 rue Camille Maumey', 33112, 'Saint Laurent - Médoc', NULL, 'amandine-esthetique', '06d3f0b5-589c-43e7-a515-7f828db43a11', 1, 66),
('b3e034b5-e502-415b-ba02-56119b1c2aa9', 8, 'Amabel', '3 avenue de la Moune', 33370, 'Artigues près bordeaux', '672', 'amabel', '06d3f0b5-589c-43e7-a515-7f828db43a11', 0, 66),
('b4ea967f-90ee-457b-8ce0-984c84f92587', 13, '0\'zen spa', '8 place Lalaque', 82000, 'Montauban', '429', '0-zen-spa', '06d3f0b5-589c-43e7-a515-7f828db43a11', 0, 85),
('b826f736-d0c1-48d4-9831-c672020abe61', 8, 'Eve\'idence', '39 route de la Saubotte', 33370, 'Noaillan', '555', 'eve-idence', '06d3f0b5-589c-43e7-a515-7f828db43a11', 0, 66),
('ba344266-da5d-4fd8-be06-b0ab7b095090', 8, 'Poussières d\'étoiles', '81 avenue Perrey', 33740, 'Arès', '616', 'poussieres-d-etoiles', '06d3f0b5-589c-43e7-a515-7f828db43a11', 0, 66),
('bb1821e5-d430-4e24-83a8-41257b3cac47', 13, 'Hôtel Spa les Lilas', '3 allée d\'Etigny', 31110, 'Bagnères de Luchon', NULL, 'hotel-spa-les-lilas', '06d3f0b5-589c-43e7-a515-7f828db43a11', 1, 77),
('bb3c4465-3e4b-4149-8340-698926f89ec0', 8, 'BG Cosmétique', '7 rue de Bel Air', 79370, 'Verrines sous Celle', '550', 'bg-cosmetique', '06d3f0b5-589c-43e7-a515-7f828db43a11', 0, 70),
('bb3cfb9b-398e-449d-80a0-f74000086709', 8, 'Sophie Esthétique', 'Avenue Gustave Eiffel', 33440, 'Saint Vincent de Paul', '500', 'sophie-esthetique', '06d3f0b5-589c-43e7-a515-7f828db43a11', 1, 66),
('bbfffef9-982b-4c5d-b72c-cfad21e78a6a', 8, 'Apparence', '16 rue de la poste', 33930, 'Vendays Montalivet', '728', 'apparence', '06d3f0b5-589c-43e7-a515-7f828db43a11', 0, 66),
('bde703ca-8d4b-4582-b2fd-9cd2c32b7915', 5, 'Délice des Sens', '6 rue des trois fontaines', 85140, 'Chauché', '671', 'delice-des-sens', '06d3f0b5-589c-43e7-a515-7f828db43a11', 0, 90),
('c3c897d1-e0bc-4baf-8c98-e1c794db8106', 8, 'Beauté bask', '18 rue des Barthes', 64600, 'Anglet', '1000', 'beaute-bask', '06d3f0b5-589c-43e7-a515-7f828db43a11', 0, 69),
('c4a702a0-fe9f-4b9d-9368-8c16b85358d4', 5, 'Le Temps d\'une Douce Heure', '2 bis rue du château', 85440, 'Talmont Saint Hilaire', '321', 'le-temps-d-une-douce-heure', '06d3f0b5-589c-43e7-a515-7f828db43a11', 0, 90),
('c679be26-0eb8-47dd-a152-7d8942fbcb0f', 13, 'Ô Mince', '34 rue Marcellin Fabre', 12200, 'Villefranche de Rouergue', '302', 'o-mince', '06d3f0b5-589c-43e7-a515-7f828db43a11', 0, 75),
('c70a9f12-f227-472a-ab0f-051642d749b6', 5, 'Just\'une douce heure', '6 rue des sables', 85150, 'Beaulieu sous la Roche', '525', 'just-une-douce-heure', '06d3f0b5-589c-43e7-a515-7f828db43a11', 0, 90),
('c76f71d9-6c54-488b-9262-6f1f724f11a7', 8, 'Céline Beauté', '15 rue Richard Wagner', 33700, 'Mérignac', '307', 'celine-beaute', '06d3f0b5-589c-43e7-a515-7f828db43a11', 0, 66),
('c84a07bb-184c-4655-9c74-9691edd28fa6', 13, 'l\'effet rêve by magali', '1 ter rue de Birazel', 31830, 'Plaisance du Touch', '806', 'l-effet-reve-by-magali', 'c041b261-fbaa-436f-80fe-9d9d0ed46227', 0, 77),
('c8f9688d-fb74-4bfa-98dd-81b36b6abd03', 5, 'Le Temps d\'une Douce Heure Bis', '67 rue du général de Gaulle', 85150, 'La Chapelle Achard', '715', 'le-temps-d-une-douce-heure-bis', '06d3f0b5-589c-43e7-a515-7f828db43a11', 0, 90),
('c9687191-35ab-4324-9578-308819281d16', 13, 'Centre de bien être', '20 rue des jacobins', 09200, 'Saint Girons', NULL, 'centre-de-bien-etre', '06d3f0b5-589c-43e7-a515-7f828db43a11', 1, 73),
('cb9ef960-0410-4748-91bf-34b5d49eb453', 13, 'Kiné Lounge', '2 rue de l\'Adour', 65460, 'Bazet', '140', 'kine-lounge', '06d3f0b5-589c-43e7-a515-7f828db43a11', 0, 82),
('cbddf7a6-850d-4040-93dd-9a96b92dc4ff', 5, 'Un écrin de sérénité', '1 impasse de la gazonnière', 85300, 'Challans', '651', 'un-ecrin-de-serenite', '06d3f0b5-589c-43e7-a515-7f828db43a11', 0, 90),
('cc6f9cb3-86c6-4c9b-9042-9f4d348b09be', 8, 'Espace Beauté Capucine', '72 avenue des tabernottes', 33370, 'Yvrac', '659', 'espace-beaute-capucine', '06d3f0b5-589c-43e7-a515-7f828db43a11', 0, 66),
('cdf350e5-041f-441b-abfb-568af4a5c566', 8, 'Néroli', '4 rue saint romain', 33540, 'Sauveterre de Guyenne', '787', 'neroli', '06d3f0b5-589c-43e7-a515-7f828db43a11', 0, 66),
('cfbbca05-90f6-42fc-a336-6cc8bff53fab', 13, 'De Toute Beauté', '136 rue Clémenceau', 46000, 'Cahors', '406', 'de-toute-beaute', '06d3f0b5-589c-43e7-a515-7f828db43a11', 0, 80),
('d07986e4-9428-4879-b56c-33a91fe3cd92', 13, 'Deconink Eloïse', '11 rue des pépinos', 12000, 'Millau', NULL, 'deconink-eloise', 'c041b261-fbaa-436f-80fe-9d9d0ed46227', 1, 75),
('d182ad79-9def-46b2-8b6a-73ff57c93ea5', 13, 'Beauté Natur\'El', 'C.C. Géant Casino', 65310, 'Laloubère', '74', 'beaute-natur-el', '06d3f0b5-589c-43e7-a515-7f828db43a11', 0, 82),
('d19f75ab-4b3c-475f-a265-26fa58d7de3f', 13, 'Au Naturel', 'aux jardins de Camille,  appartement 2,  59 impasse des noyers', 12850, 'Onet le château', '76', 'au-naturel', 'c041b261-fbaa-436f-80fe-9d9d0ed46227', 0, 75),
('d45be056-b962-4328-900a-6fcfd5b3f0fd', 13, 'Noela', '7 rue de l\'hôtel de ville', 31260, 'Salies du Salat', '159', 'noela', '06d3f0b5-589c-43e7-a515-7f828db43a11', 0, 77),
('d4948451-9034-46be-92a3-386b7b8c4859', 8, 'le jardin des sens à Pons', '34 rue Guynemer', 17800, 'Pons', '661', 'le-jardin-des-sens-a-pons', '06d3f0b5-589c-43e7-a515-7f828db43a11', 0, 62),
('d4e675e8-6a12-4617-8be8-33e489832288', 5, 'L\'institut By Sandrine', '5 rue de la Noue', 85300, 'Challans', '629', 'l-institut-by-sandrine', '06d3f0b5-589c-43e7-a515-7f828db43a11', 0, 90),
('d5ffe00f-0225-494e-92ea-fb3bf4179c61', 5, 'Oria Beauté Et Bien Etre', '2 rue du bec de Loir', 49000, 'Ecouflant', NULL, 'oria-beaute-et-bien-etre', '06d3f0b5-589c-43e7-a515-7f828db43a11', 1, 87),
('d655632b-9ec1-40ff-8eb2-2e374d0dcc69', 13, '1001 Astuces de Fille', '252 Boulevard des tilleuls', 65300, 'Lannemezan', '889', '1001-astuces-de-fille', '06d3f0b5-589c-43e7-a515-7f828db43a11', 0, 82),
('da241488-1c90-49fa-8c02-f433edfded64', 13, 'Maryline esthétique', '9 place pasteur', 09200, 'Saint Girons', '153', 'maryline-esthetique', 'c041b261-fbaa-436f-80fe-9d9d0ed46227', 0, 73),
('dcb5b689-28ba-410f-a0fc-a7517d1f8100', 8, 'Institut Carine', '109 rue de Saintes', 16000, 'Angoulême', '293', 'institut-carine', '06d3f0b5-589c-43e7-a515-7f828db43a11', 0, 61),
('de63fa06-7b25-439e-98b2-0b936a516e6d', 13, 'Aroma Zen', '24 rue Caviale', 46100, 'Figeac', '374', 'aroma-zen', '06d3f0b5-589c-43e7-a515-7f828db43a11', 0, 80),
('dff3df6b-d2ed-4131-a3a8-1a26e013b355', 13, 'Hygie Fit & Santé', '4 avenue d\'asselelhat, Appt 12 Bât H', 31330, 'Castanet Tolosan', '681', 'hygie-fit-sante', '06d3f0b5-589c-43e7-a515-7f828db43a11', 0, 77),
('e050a1a4-9720-4cb0-8191-efcfde2255dd', 8, 'Aux Portes de l\'oasis', '14 bis rue du port du Lys', 16100, 'Saint Laurent de Cognac', NULL, 'aux-portes-de-l-oasis', '06d3f0b5-589c-43e7-a515-7f828db43a11', 1, 61),
('e0eb6cf0-2b3f-444d-a1c0-0d1d686df250', 13, 'Château de la Flaque', 'Route de la Prades', 12130, 'Saint Géniez d\'Oltz', '109', 'chateau-de-la-flaque', '06d3f0b5-589c-43e7-a515-7f828db43a11', 0, 75),
('e1958186-7058-4eb5-bcd8-e6002e5ee2cf', 6, 'Institut Onaé', '11 rue Jules Simon', 35000, 'Rennes', '446', 'institut-onae', '06d3f0b5-589c-43e7-a515-7f828db43a11', 0, 23),
('e58c50b1-dc2a-4c9f-b22c-04e0cb5492cc', 8, 'Voyage Beauté', '1 rue Richelieu', 47400, 'Tonneins', NULL, 'voyage-beaute', '06d3f0b5-589c-43e7-a515-7f828db43a11', 0, 68),
('e6be8be1-8a4e-48c2-8741-0f4b4ec40ffb', 8, 'Minéral Spa', '8 ter chemin de Saint Jacques', 86110, 'Mirebeau', '864', 'mineral-spa', '06d3f0b5-589c-43e7-a515-7f828db43a11', 0, 71),
('e885c7ef-12d9-4142-9cef-7a79fcdd9dc3', 13, 'Fleur de peau', '14 avenue Lodève', 12120, 'Cassagnes Begones', '619', 'fleur-de-peau', '06d3f0b5-589c-43e7-a515-7f828db43a11', 0, 75),
('e8d2575a-00d1-4012-adb8-7c815a8e675d', 8, 'Men In Beauty', '255 rue Judaïque', 33000, 'Bordeaux', '515', 'men-in-beauty', '06d3f0b5-589c-43e7-a515-7f828db43a11', 0, 66),
('e9908ae1-76a8-43e7-aaae-d456b4864e41', 13, 'Marie Coiffure', '1 lotissement de la Palanque', 09100, 'La Tour du Crieu', '791', 'marie-coiffure', '06d3f0b5-589c-43e7-a515-7f828db43a11', 0, 73),
('e9cb2528-824d-442c-9752-f2677cd21a6b', 8, 'Hangar 21', '36 avenue Georges Mendel', 33480, 'Castelnau de Médoc', '537', 'hangar-21', '06d3f0b5-589c-43e7-a515-7f828db43a11', 0, 66),
('eba8debb-f918-463d-82ff-a81cdd52b6bc', 5, 'Maryline Esthétique Luçon', 'Quartier Hoche, Bat A4, Appt 34', 85400, 'Luçon', '670', 'maryline-esthetique-lucon', '06d3f0b5-589c-43e7-a515-7f828db43a11', 0, 90),
('ecbd0d3a-e611-47c9-8c79-acfcc1164ff7', 13, 'il et elle beauté', '22 avenue de la Marne', 65000, 'Vannes', NULL, 'il-et-elle-beaute', '06d3f0b5-589c-43e7-a515-7f828db43a11', 1, 82),
('ed2dd713-373c-441c-a75a-ae81ff608e46', 5, 'Au Paradis DU Soin', 'Centre Commercial Molliere, Rue Michel Seurat', 49000, 'Angers', '8888', 'au-paradis-du-soin', '06d3f0b5-589c-43e7-a515-7f828db43a11', 0, 87),
('eed10dd2-3b07-4b48-8c9b-75bd052a94e7', 13, 'Elo Dit Beauté', '879 rue du 19 mars 1962', 31470, 'Saint Lys', '644', 'elo-dit-beaute', '06d3f0b5-589c-43e7-a515-7f828db43a11', 0, 77),
('f0a2f746-471a-4939-b7ef-18db8f5ad2a4', 13, 'Zen et Belle', 'Allé Rémy Raymond, C.C. le Seyant', 31840, 'Seilh', '487', 'zen-et-belle', '06d3f0b5-589c-43e7-a515-7f828db43a11', 0, 77),
('f0c78b74-13d9-4b15-b383-82b63e192237', 8, 'Chrysalide', '13 rue Alfred de Vigny', 64400, 'Oloron Sainte Marie', '165', 'chrysalide', '06d3f0b5-589c-43e7-a515-7f828db43a11', 0, 69),
('f1f519d3-1d71-4a84-ac79-86cbdaa34bed', 6, 'Perle de Bien Etre', '1 ter rue Fidèle Habert', 56750, 'Damgan', '632', 'perle-de-bien-etre', '06d3f0b5-589c-43e7-a515-7f828db43a11', 0, 24),
('f67376d0-94da-453e-959c-7a5982313beb', 5, 'Jolies Mômes', '130 rue de Nantes', 85190, 'Aizenay', '544', 'jolies-momes', '06d3f0b5-589c-43e7-a515-7f828db43a11', 0, 90),
('f6fdbba1-7e4e-429f-9701-81991fc728d3', 8, 'Olika', '5 avenue Jaulerry', 64200, 'Biarritz', NULL, 'olika', '06d3f0b5-589c-43e7-a515-7f828db43a11', 0, 69),
('f775a676-9718-4be0-b366-848d5599188a', 8, 'Onlyzen', '6 place Jules Gois', 64140, 'Billère', '278', 'onlyzen', '06d3f0b5-589c-43e7-a515-7f828db43a11', 0, 69),
('f8cb1f36-fb4d-498a-98c9-cb67f85e55d5', 13, 'Salinéa Spa', 'Les Thermes de Salies', 31260, 'Salies du Salat', '188', 'salinea-spa', '06d3f0b5-589c-43e7-a515-7f828db43a11', 0, 77),
('fb1dc0b1-c264-4834-b749-73b3757b543a', 8, 'Relaxéo', '142 rue des artisans', 86550, 'Mignaloux Beauvoir', '50', 'relaxeo', '06d3f0b5-589c-43e7-a515-7f828db43a11', 0, 71),
('fb1e3553-bbac-4e52-bfd3-db8388f88c55', 8, 'Lunatic', '49 avenue Henri IV', 64110, 'Jurançon', '789', 'lunatic', '06d3f0b5-589c-43e7-a515-7f828db43a11', 1, 69),
('fd0112ec-a41e-47c5-83d6-c863d52a66b2', 8, 'Esthétik Day', '42 rue Neuve d\'Argenson', 24100, 'Bergerac', '204', 'esthetik-day', '06d3f0b5-589c-43e7-a515-7f828db43a11', 0, 65),
('fe0ff5ab-8a0f-4474-98e8-ad448dc35fe6', 8, 'Estelia', 'ZAC La Garenne, C.C. Super U', 17430, 'Tonnay Charente', '564', 'estelia', '06d3f0b5-589c-43e7-a515-7f828db43a11', 0, 62),
('fec47f25-9c7c-4038-ab1b-58a5d7a2397f', 8, 'Bellade', '34 rue de la croix blanche', 16430, 'Champniers', '456', 'bellade', '06d3f0b5-589c-43e7-a515-7f828db43a11', 0, 61),
('ff50df77-97c1-4b25-9f1e-4439e92660b9', 13, 'Espace bien être', 'Plateau Supérieur', 12300, 'Decazeville', NULL, 'espace-bien-etre', '06d3f0b5-589c-43e7-a515-7f828db43a11', 1, 75),
('ff757693-dbbc-457e-893c-8d7032426655', 8, 'Au Coeur de la Beauté', 'x', 00019, 'Meymac', '1754292', 'au-coeur-de-la-beaute', 'c041b261-fbaa-436f-80fe-9d9d0ed46227', 1, 63),
('ff7dc571-8e0d-4168-a738-440859677598', 6, 'Celtique Spa Best Western', '82 avenue des druides', 56340, 'Carnac', '210', 'celtique-spa-best-western', '06d3f0b5-589c-43e7-a515-7f828db43a11', 0, 24);

-- --------------------------------------------------------

--
-- Structure de la table `cms_gindre_shop_type`
--

CREATE TABLE `cms_gindre_shop_type` (
  `id` char(36) COLLATE utf8mb4_unicode_ci NOT NULL COMMENT '(DC2Type:uuid)',
  `shop_type` varchar(100) COLLATE utf8mb4_unicode_ci NOT NULL
) ENGINE=InnoDB DEFAULT CHARSET=utf8mb4 COLLATE=utf8mb4_unicode_ci;

--
-- Contenu de la table `cms_gindre_shop_type`
--

INSERT INTO `cms_gindre_shop_type` (`id`, `shop_type`) VALUES
('f5c762d5-7210-451d-a323-c62dd05a7858', 'Domicile'),
('4447ad17-6be1-413c-84f7-87f313cd2e82', 'Institut'),
('36628a6b-8f9f-4126-9c99-5fdfa721fe3e', 'Spa Hôtelier'),
('a91e75f1-d7e2-4cfd-af25-c5ef1717ee96', 'Spa Urbain');

-- --------------------------------------------------------

--
-- Structure de la table `cms_gindre_status_shop`
--

CREATE TABLE `cms_gindre_status_shop` (
  `id` char(36) COLLATE utf8mb4_unicode_ci NOT NULL COMMENT '(DC2Type:uuid)',
  `status` varchar(255) COLLATE utf8mb4_unicode_ci NOT NULL
) ENGINE=InnoDB DEFAULT CHARSET=utf8mb4 COLLATE=utf8mb4_unicode_ci;

--
-- Contenu de la table `cms_gindre_status_shop`
--

INSERT INTO `cms_gindre_status_shop` (`id`, `status`) VALUES
('c041b261-fbaa-436f-80fe-9d9d0ed46227', 'Fermé'),
('06d3f0b5-589c-43e7-a515-7f828db43a11', 'Ouvert');

-- --------------------------------------------------------

--
-- Structure de la table `cms_gindre_user`
--

CREATE TABLE `cms_gindre_user` (
  `id` char(36) COLLATE utf8mb4_unicode_ci NOT NULL COMMENT '(DC2Type:uuid)',
  `username` varchar(20) COLLATE utf8mb4_unicode_ci NOT NULL,
  `password` varchar(60) COLLATE utf8mb4_unicode_ci NOT NULL,
  `email` varchar(255) COLLATE utf8mb4_unicode_ci NOT NULL,
  `slug` varchar(255) COLLATE utf8mb4_unicode_ci NOT NULL,
  `roles` longtext COLLATE utf8mb4_unicode_ci NOT NULL COMMENT '(DC2Type:array)'
) ENGINE=InnoDB DEFAULT CHARSET=utf8mb4 COLLATE=utf8mb4_unicode_ci;

--
-- Contenu de la table `cms_gindre_user`
--

INSERT INTO `cms_gindre_user` (`id`, `username`, `password`, `email`, `slug`, `roles`) VALUES
('28f803d1-0982-4777-9100-d1a56dd7b915', 'bidule', '$2y$13$WW/fg2g.6izo5jgJTXBuSOwA8tGHUntM5hIvd/FXyGIqVGg/hqW.e', 'gindre.maxime@gmail.com', 'bidule', 'a:1:{i:0;s:10:\"ROLE_ADMIN\";}'),
('372e0b90-3844-4927-9d7e-8b56755b4c9d', 'patrick', '$2y$13$Knn5J1edTl41RsJXXxXl5.NVSWEijraECLtED7OnFxDpgJI3NGWBG', 'pgindre65@gmail.com', 'patrick', 'a:1:{i:0;s:10:\"ROLE_ADMIN\";}');

-- --------------------------------------------------------

--
-- Structure de la table `migration_versions`
--

CREATE TABLE `migration_versions` (
  `version` varchar(255) COLLATE utf8_unicode_ci NOT NULL
) ENGINE=InnoDB DEFAULT CHARSET=utf8 COLLATE=utf8_unicode_ci;

--
-- Contenu de la table `migration_versions`
--

INSERT INTO `migration_versions` (`version`) VALUES
('20181029092746');

--
-- Index pour les tables exportées
--

--
-- Index pour la table `cms_gindre_commande`
--
ALTER TABLE `cms_gindre_commande`
  ADD PRIMARY KEY (`id`),
  ADD KEY `IDX_647980544D16C4DD` (`shop_id`),
  ADD KEY `IDX_6479805414959723` (`product_type_id`);

--
-- Index pour la table `cms_gindre_contact`
--
ALTER TABLE `cms_gindre_contact`
  ADD PRIMARY KEY (`id`),
  ADD UNIQUE KEY `UNIQ_DFEAE8B6989D9B62` (`slug`),
  ADD UNIQUE KEY `UNIQ_DFEAE8B61D358679` (`phone_one`),
  ADD UNIQUE KEY `UNIQ_DFEAE8B6C1E280EF` (`phone_mobile`),
  ADD UNIQUE KEY `UNIQ_DFEAE8B6E7927C74` (`email`),
  ADD KEY `IDX_DFEAE8B6D60322AC` (`role_id`),
  ADD KEY `IDX_DFEAE8B64D16C4DD` (`shop_id`);

--
-- Index pour la table `cms_gindre_contact_type`
--
ALTER TABLE `cms_gindre_contact_type`
  ADD PRIMARY KEY (`id`),
  ADD UNIQUE KEY `UNIQ_FF623FF78CDE5729` (`type`);

--
-- Index pour la table `cms_gindre_departement`
--
ALTER TABLE `cms_gindre_departement`
  ADD PRIMARY KEY (`id`),
  ADD UNIQUE KEY `UNIQ_5C3267DC421D9546` (`zip`),
  ADD UNIQUE KEY `UNIQ_5C3267DCC1765B63` (`departement`),
  ADD KEY `IDX_5C3267DC98260155` (`region_id`);

--
-- Index pour la table `cms_gindre_message`
--
ALTER TABLE `cms_gindre_message`
  ADD PRIMARY KEY (`id`),
  ADD KEY `IDX_25353EF15F63AD12` (`contact_type_id`),
  ADD KEY `IDX_25353EF14D16C4DD` (`shop_id`);

--
-- Index pour la table `cms_gindre_product_type`
--
ALTER TABLE `cms_gindre_product_type`
  ADD PRIMARY KEY (`id`),
  ADD UNIQUE KEY `UNIQ_5A759FA9D34A04AD` (`product`);

--
-- Index pour la table `cms_gindre_region`
--
ALTER TABLE `cms_gindre_region`
  ADD PRIMARY KEY (`id`);

--
-- Index pour la table `cms_gindre_role`
--
ALTER TABLE `cms_gindre_role`
  ADD PRIMARY KEY (`id`);

--
-- Index pour la table `cms_gindre_shop`
--
ALTER TABLE `cms_gindre_shop`
  ADD PRIMARY KEY (`id`),
  ADD UNIQUE KEY `UNIQ_76D8CA01989D9B62` (`slug`),
  ADD UNIQUE KEY `UNIQ_76D8CA0196901F54` (`number`),
  ADD KEY `IDX_76D8CA0198260155` (`region_id`),
  ADD KEY `IDX_76D8CA016BF700BD` (`status_id`),
  ADD KEY `IDX_76D8CA01CCF9E01E` (`departement_id`);

--
-- Index pour la table `cms_gindre_shop_type`
--
ALTER TABLE `cms_gindre_shop_type`
  ADD PRIMARY KEY (`id`),
  ADD UNIQUE KEY `UNIQ_F94BA184D2CB152` (`shop_type`);

--
-- Index pour la table `cms_gindre_status_shop`
--
ALTER TABLE `cms_gindre_status_shop`
  ADD PRIMARY KEY (`id`),
  ADD UNIQUE KEY `UNIQ_928DD897B00651C` (`status`);

--
-- Index pour la table `cms_gindre_user`
--
ALTER TABLE `cms_gindre_user`
  ADD PRIMARY KEY (`id`),
  ADD UNIQUE KEY `UNIQ_572150EA35C246D5` (`password`),
  ADD UNIQUE KEY `UNIQ_572150EAE7927C74` (`email`),
  ADD UNIQUE KEY `UNIQ_572150EA989D9B62` (`slug`),
  ADD UNIQUE KEY `UNIQ_572150EAF85E0677` (`username`);

--
-- Index pour la table `migration_versions`
--
ALTER TABLE `migration_versions`
  ADD PRIMARY KEY (`version`);

--
-- Contraintes pour les tables exportées
--

--
-- Contraintes pour la table `cms_gindre_commande`
--
ALTER TABLE `cms_gindre_commande`
  ADD CONSTRAINT `FK_6479805414959723` FOREIGN KEY (`product_type_id`) REFERENCES `cms_gindre_product_type` (`id`),
  ADD CONSTRAINT `FK_647980544D16C4DD` FOREIGN KEY (`shop_id`) REFERENCES `cms_gindre_shop` (`id`);

--
-- Contraintes pour la table `cms_gindre_contact`
--
ALTER TABLE `cms_gindre_contact`
  ADD CONSTRAINT `FK_DFEAE8B64D16C4DD` FOREIGN KEY (`shop_id`) REFERENCES `cms_gindre_shop` (`id`),
  ADD CONSTRAINT `FK_DFEAE8B6D60322AC` FOREIGN KEY (`role_id`) REFERENCES `cms_gindre_role` (`id`);

--
-- Contraintes pour la table `cms_gindre_departement`
--
ALTER TABLE `cms_gindre_departement`
  ADD CONSTRAINT `FK_5C3267DC98260155` FOREIGN KEY (`region_id`) REFERENCES `cms_gindre_region` (`id`);

--
-- Contraintes pour la table `cms_gindre_message`
--
ALTER TABLE `cms_gindre_message`
  ADD CONSTRAINT `FK_25353EF14D16C4DD` FOREIGN KEY (`shop_id`) REFERENCES `cms_gindre_shop` (`id`),
  ADD CONSTRAINT `FK_25353EF15F63AD12` FOREIGN KEY (`contact_type_id`) REFERENCES `cms_gindre_contact_type` (`id`);

--
-- Contraintes pour la table `cms_gindre_shop`
--
ALTER TABLE `cms_gindre_shop`
  ADD CONSTRAINT `FK_76D8CA016BF700BD` FOREIGN KEY (`status_id`) REFERENCES `cms_gindre_status_shop` (`id`),
  ADD CONSTRAINT `FK_76D8CA0198260155` FOREIGN KEY (`region_id`) REFERENCES `cms_gindre_region` (`id`),
  ADD CONSTRAINT `FK_76D8CA01CCF9E01E` FOREIGN KEY (`departement_id`) REFERENCES `cms_gindre_departement` (`id`);

/*!40101 SET CHARACTER_SET_CLIENT=@OLD_CHARACTER_SET_CLIENT */;
/*!40101 SET CHARACTER_SET_RESULTS=@OLD_CHARACTER_SET_RESULTS */;
/*!40101 SET COLLATION_CONNECTION=@OLD_COLLATION_CONNECTION */;
